  0
SECTION
  2
HEADER
  9
$ACADVER
  1
AC1021
  9
$ACADMAINTVER
 70
    50
  9
$DWGCODEPAGE
  3
ANSI_936
  9
$LASTSAVEDBY
  1
xiaojisheng
  9
$INSBASE
 10
0.0
 20
0.0
 30
0.0
  9
$EXTMIN
 10
-81.32121228347802
 20
-70.75413149700435
 30
-0.00000001
  9
$EXTMAX
 10
229.3020120121902
 20
98.72267708087491
 30
0.00000001
  9
$LIMMIN
 10
0.0
 20
0.0
  9
$LIMMAX
 10
22.0
 20
17.0
  9
$ORTHOMODE
 70
     1
  9
$REGENMODE
 70
     1
  9
$FILLMODE
 70
     1
  9
$QTEXTMODE
 70
     0
  9
$MIRRTEXT
 70
     0
  9
$LTSCALE
 40
1.209999999999999
  9
$ATTMODE
 70
     1
  9
$TEXTSIZE
 40
0.2
  9
$TRACEWID
 40
0.05
  9
$TEXTSTYLE
  7
STANDARD
  9
$CLAYER
  8
DIM
  9
$CELTYPE
  6
BYLAYER
  9
$CECOLOR
 62
   256
  9
$CELTSCALE
 40
1.0
  9
$DISPSILH
 70
     0
  9
$DIMSCALE
 40
1.0
  9
$DIMASZ
 40
2.0
  9
$DIMEXO
 40
0.0625
  9
$DIMDLI
 40
0.8359999999999999
  9
$DIMRND
 40
0.0
  9
$DIMDLE
 40
0.0
  9
$DIMEXE
 40
0.125
  9
$DIMTP
 40
0.0
  9
$DIMTM
 40
0.0
  9
$DIMTXT
 40
2.5
  9
$DIMCEN
 40
0.198
  9
$DIMTSZ
 40
0.0
  9
$DIMTOL
 70
     0
  9
$DIMLIM
 70
     0
  9
$DIMTIH
 70
     0
  9
$DIMTOH
 70
     0
  9
$DIMSE1
 70
     0
  9
$DIMSE2
 70
     0
  9
$DIMTAD
 70
     0
  9
$DIMZIN
 70
     0
  9
$DIMBLK
  1
_FILLED
  9
$DIMASO
 70
     1
  9
$DIMSHO
 70
     1
  9
$DIMPOST
  1

  9
$DIMAPOST
  1

  9
$DIMALT
 70
     0
  9
$DIMALTD
 70
     2
  9
$DIMALTF
 40
25.4
  9
$DIMLFAC
 40
1.0
  9
$DIMTOFL
 70
     0
  9
$DIMTVP
 40
0.0
  9
$DIMTIX
 70
     0
  9
$DIMSOXD
 70
     0
  9
$DIMSAH
 70
     0
  9
$DIMBLK1
  1

  9
$DIMBLK2
  1

  9
$DIMSTYLE
  2
STANDARD
  9
$DIMCLRD
 70
     0
  9
$DIMCLRE
 70
     0
  9
$DIMCLRT
 70
   256
  9
$DIMTFAC
 40
1.0
  9
$DIMGAP
 40
0.09
  9
$DIMJUST
 70
     0
  9
$DIMSD1
 70
     0
  9
$DIMSD2
 70
     0
  9
$DIMTOLJ
 70
     1
  9
$DIMTZIN
 70
     0
  9
$DIMALTZ
 70
     0
  9
$DIMALTTZ
 70
     0
  9
$DIMUPT
 70
     0
  9
$DIMDEC
 70
     2
  9
$DIMTDEC
 70
     4
  9
$DIMALTU
 70
     2
  9
$DIMALTTD
 70
     2
  9
$DIMTXSTY
  7
STANDARD
  9
$DIMAUNIT
 70
     0
  9
$DIMADEC
 70
     0
  9
$DIMALTRND
 40
0.0
  9
$DIMAZIN
 70
     0
  9
$DIMDSEP
 70
    46
  9
$DIMATFIT
 70
     3
  9
$DIMFRAC
 70
     0
  9
$DIMLDRBLK
  1

  9
$DIMLUNIT
 70
     2
  9
$DIMLWD
 70
    -2
  9
$DIMLWE
 70
    -2
  9
$DIMTMOVE
 70
     0
  9
$DIMFXL
 40
1.0
  9
$DIMFXLON
 70
     0
  9
$DIMJOGANG
 40
0.7853981633974483
  9
$DIMTFILL
 70
     0
  9
$DIMTFILLCLR
 70
     0
  9
$DIMARCSYM
 70
     0
  9
$DIMLTYPE
  6

  9
$DIMLTEX1
  6

  9
$DIMLTEX2
  6

  9
$LUNITS
 70
     2
  9
$LUPREC
 70
     4
  9
$SKETCHINC
 40
0.1
  9
$FILLETRAD
 40
0.0
  9
$AUNITS
 70
     0
  9
$AUPREC
 70
     0
  9
$MENU
  1

  9
$ELEVATION
 40
0.0
  9
$PELEVATION
 40
0.0
  9
$THICKNESS
 40
0.0
  9
$LIMCHECK
 70
     0
  9
$CHAMFERA
 40
0.0
  9
$CHAMFERB
 40
0.0
  9
$CHAMFERC
 40
0.0
  9
$CHAMFERD
 40
0.0
  9
$SKPOLY
 70
     0
  9
$TDCREATE
 40
2461181.828959884
  9
$TDUCREATE
 40
2461181.495626551
  9
$TDUPDATE
 40
2461181.832931609
  9
$TDUUPDATE
 40
2461181.499598275
  9
$TDINDWG
 40
0.003973079
  9
$TDUSRTIMER
 40
2461181.499598704
  9
$USRTIMER
 70
     1
  9
$ANGBASE
 50
0.0
  9
$ANGDIR
 70
     0
  9
$PDMODE
 70
     3
  9
$PDSIZE
 40
0.3125
  9
$PLINEWID
 40
0.0
  9
$SPLFRAME
 70
     0
  9
$SPLINETYPE
 70
     6
  9
$SPLINESEGS
 70
     8
  9
$HANDSEED
  5
14D2
  9
$SURFTAB1
 70
     6
  9
$SURFTAB2
 70
     6
  9
$SURFTYPE
 70
     6
  9
$SURFU
 70
     6
  9
$SURFV
 70
     6
  9
$UCSBASE
  2

  9
$UCSNAME
  2

  9
$UCSORG
 10
0.0
 20
0.0
 30
0.0
  9
$UCSXDIR
 10
1.0
 20
0.0
 30
0.0
  9
$UCSYDIR
 10
0.0
 20
1.0
 30
0.0
  9
$UCSORTHOREF
  2

  9
$UCSORTHOVIEW
 70
     0
  9
$UCSORGTOP
 10
0.0
 20
0.0
 30
0.0
  9
$UCSORGBOTTOM
 10
0.0
 20
0.0
 30
0.0
  9
$UCSORGLEFT
 10
0.0
 20
0.0
 30
0.0
  9
$UCSORGRIGHT
 10
0.0
 20
0.0
 30
0.0
  9
$UCSORGFRONT
 10
0.0
 20
0.0
 30
0.0
  9
$UCSORGBACK
 10
0.0
 20
0.0
 30
0.0
  9
$PUCSBASE
  2

  9
$PUCSNAME
  2

  9
$PUCSORG
 10
0.0
 20
0.0
 30
0.0
  9
$PUCSXDIR
 10
1.0
 20
0.0
 30
0.0
  9
$PUCSYDIR
 10
0.0
 20
1.0
 30
0.0
  9
$PUCSORTHOREF
  2

  9
$PUCSORTHOVIEW
 70
     0
  9
$PUCSORGTOP
 10
0.0
 20
0.0
 30
0.0
  9
$PUCSORGBOTTOM
 10
0.0
 20
0.0
 30
0.0
  9
$PUCSORGLEFT
 10
0.0
 20
0.0
 30
0.0
  9
$PUCSORGRIGHT
 10
0.0
 20
0.0
 30
0.0
  9
$PUCSORGFRONT
 10
0.0
 20
0.0
 30
0.0
  9
$PUCSORGBACK
 10
0.0
 20
0.0
 30
0.0
  9
$USERI1
 70
     0
  9
$USERI2
 70
     0
  9
$USERI3
 70
     0
  9
$USERI4
 70
     0
  9
$USERI5
 70
     0
  9
$USERR1
 40
0.0
  9
$USERR2
 40
0.0
  9
$USERR3
 40
0.0
  9
$USERR4
 40
0.0
  9
$USERR5
 40
0.0
  9
$WORLDVIEW
 70
     1
  9
$SHADEDGE
 70
     3
  9
$SHADEDIF
 70
    70
  9
$TILEMODE
 70
     1
  9
$MAXACTVP
 70
    64
  9
$PINSBASE
 10
0.0
 20
0.0
 30
0.0
  9
$PLIMCHECK
 70
     0
  9
$PEXTMIN
 10
1.000000000000000E+20
 20
1.000000000000000E+20
 30
1.000000000000000E+20
  9
$PEXTMAX
 10
-1.000000000000000E+20
 20
-1.000000000000000E+20
 30
-1.000000000000000E+20
  9
$PLIMMIN
 10
0.0
 20
0.0
  9
$PLIMMAX
 10
12.0
 20
9.0
  9
$UNITMODE
 70
     0
  9
$VISRETAIN
 70
     1
  9
$PLINEGEN
 70
     0
  9
$PSLTSCALE
 70
     1
  9
$TREEDEPTH
 70
  3020
  9
$CMLSTYLE
  2
Standard
  9
$CMLJUST
 70
     0
  9
$CMLSCALE
 40
1.0
  9
$PROXYGRAPHICS
 70
     1
  9
$MEASUREMENT
 70
     0
  9
$CELWEIGHT
370
    -1
  9
$ENDCAPS
280
     0
  9
$JOINSTYLE
280
     0
  9
$LWDISPLAY
290
     0
  9
$INSUNITS
 70
     1
  9
$HYPERLINKBASE
  1

  9
$STYLESHEET
  1

  9
$XEDIT
290
     0
  9
$CEPSNTYPE
380
     0
  9
$PSTYLEMODE
290
     1
  9
$FINGERPRINTGUID
  2
{F44A777C-35C2-45A9-A931-55801A333954}
  9
$VERSIONGUID
  2
{E8D30536-7A30-4FC3-AC81-A029EBCE7C6E}
  9
$EXTNAMES
290
     1
  9
$PSVPSCALE
 40
0.0
  9
$OLESTARTUP
290
     0
  9
$SORTENTS
280
   127
  9
$INDEXCTL
280
     0
  9
$HIDETEXT
280
     1
  9
$XCLIPFRAME
290
     1
  9
$HALOGAP
280
     0
  9
$OBSCOLOR
 70
   257
  9
$OBSLTYPE
280
     0
  9
$INTERSECTIONDISPLAY
280
     0
  9
$INTERSECTIONCOLOR
 70
   257
  9
$DIMASSOC
280
     2
  9
$PROJECTNAME
  1

  9
$CAMERADISPLAY
290
     0
  9
$LENSLENGTH
 40
50.0
  9
$CAMERAHEIGHT
 40
0.0
  9
$STEPSPERSEC
 40
2.0
  9
$STEPSIZE
 40
6.0
  9
$3DDWFPREC
 40
2.0
  9
$PSOLWIDTH
 40
0.25
  9
$PSOLHEIGHT
 40
4.0
  9
$LOFTANG1
 40
1.570796326794896
  9
$LOFTANG2
 40
1.570796326794896
  9
$LOFTMAG1
 40
0.0
  9
$LOFTMAG2
 40
0.0
  9
$LOFTPARAM
 70
     7
  9
$LOFTNORMALS
280
     1
  9
$LATITUDE
 40
0.0
  9
$LONGITUDE
 40
0.0
  9
$NORTHDIRECTION
 40
0.0
  9
$TIMEZONE
 70
 -8000
  9
$LIGHTGLYPHDISPLAY
280
     1
  9
$TILEMODELIGHTSYNCH
280
     1
  9
$CMATERIAL
347
117F
  9
$SOLIDHIST
280
     1
  9
$SHOWHIST
280
     1
  9
$DWFFRAME
280
     2
  9
$DGNFRAME
280
     0
  9
$REALWORLDSCALE
290
     1
  9
$INTERFERECOLOR
 62
     1
  9
$CSHADOW
280
     0
  9
$SHADOWPLANELOCATION
 40
0.0
  0
ENDSEC
  0
SECTION
  2
CLASSES
  0
CLASS
  1
ACDBDICTIONARYWDFLT
  2
AcDbDictionaryWithDefault
  3
AutoCAD 2000
 90
        0
 91
        1
280
     0
281
     0
  0
CLASS
  1
ACDBPLACEHOLDER
  2
AcDbPlaceHolder
  3
AutoCAD 2000
 90
        0
 91
        0
280
     0
281
     0
  0
CLASS
  1
LAYOUT
  2
AcDbLayout
  3
AutoCAD 2000
 90
        0
 91
        0
280
     0
281
     0
  0
CLASS
  1
MATERIAL
  2
AcDbMaterial
  3
ObjectDBX Classes
 90
        0
 91
        3
280
     0
281
     0
  0
CLASS
  1
VISUALSTYLE
  2
AcDbVisualStyle
  3
ObjectDBX Classes
 90
     4095
 91
       24
280
     0
281
     0
  0
CLASS
  1
TABLESTYLE
  2
AcDbTableStyle
  3
ObjectDBX Classes
 90
     2047
 91
        1
280
     0
281
     0
  0
CLASS
  1
MLEADERSTYLE
  2
AcDbMLeaderStyle
  3
ACDB_MLEADERSTYLE_CLASS
 90
     4095
 91
        1
280
     0
281
     0
  0
CLASS
  1
SCALE
  2
AcDbScale
  3
ObjectDBX Classes
 90
     1153
 91
       17
280
     0
281
     0
  0
CLASS
  1
DICTIONARYVAR
  2
AcDbDictionaryVar
  3
ObjectDBX Classes
 90
        0
 91
        4
280
     0
281
     0
  0
CLASS
  1
CELLSTYLEMAP
  2
AcDbCellStyleMap
  3
ObjectDBX Classes
 90
     1152
 91
        4
280
     0
281
     0
  0
CLASS
  1
DIMASSOC
  2
AcDbDimAssoc
  3
ZcDbDimAssoc ObjectDBX Classes
 90
        0
 91
       17
280
     0
281
     0
  0
CLASS
  1
RASTERVARIABLES
  2
AcDbRasterVariables
  3
ISM
 90
        0
 91
        1
280
     0
281
     0
  0
ENDSEC
  0
SECTION
  2
TABLES
  0
TABLE
  2
VPORT
  5
8
330
0
100
AcDbSymbolTable
 70
     1
  0
VPORT
  5
1F4
330
8
100
AcDbSymbolTableRecord
100
AcDbViewportTableRecord
  2
*ACTIVE
 70
     0
 10
0.0
 20
0.0
 11
1.0
 21
1.0
 12
229.9414766392333
 22
77.51193445296737
 13
0.0
 23
0.0
 14
1.0
 24
1.0
 15
0.0
 25
0.0
 16
0.0
 26
0.0
 36
1.0
 17
0.0
 27
0.0
 37
0.0
 40
508.9657255793033
 41
1.748613678373382
 42
50.0
 43
0.0
 44
0.0
 50
0.0
 51
0.0
 71
     0
 72
   100
 73
     1
 74
     1
 75
     0
 76
     0
 77
     0
 78
     0
281
     0
 65
     1
110
0.0
120
0.0
130
0.0
111
1.0
121
0.0
131
0.0
112
0.0
122
1.0
132
0.0
 79
     0
146
0.0
 60
     3
 61
     5
292
     1
282
     1
141
0.0
142
0.0
 63
   256
  0
ENDTAB
  0
TABLE
  2
LTYPE
  5
5
330
0
100
AcDbSymbolTable
 70
     6
  0
LTYPE
  5
14
330
5
100
AcDbSymbolTableRecord
100
AcDbLinetypeTableRecord
  2
BYBLOCK
 70
     0
  3

 72
    65
 73
     0
 40
0.0
  0
LTYPE
  5
15
330
5
100
AcDbSymbolTableRecord
100
AcDbLinetypeTableRecord
  2
BYLAYER
 70
     0
  3

 72
    65
 73
     0
 40
0.0
  0
LTYPE
  5
16
330
5
100
AcDbSymbolTableRecord
100
AcDbLinetypeTableRecord
  2
CONTINUOUS
 70
     0
  3
Solid line
 72
    65
 73
     0
 40
0.0
  0
ENDTAB
  0
TABLE
  2
LAYER
  5
2
102
{ACAD_XDICTIONARY
360
11B3
102
}
330
0
100
AcDbSymbolTable
 70
    56
  0
LAYER
  5
10
330
2
100
AcDbSymbolTableRecord
100
AcDbLayerTableRecord
  2
0
 70
     0
 62
     7
  6
CONTINUOUS
370
    -3
390
F
347
1181
1071
 33554687
  0
LAYER
  5
214
330
2
100
AcDbSymbolTableRecord
100
AcDbLayerTableRecord
  2
BODY
 70
     0
 62
     7
  6
CONTINUOUS
370
    -3
390
F
347
1181
1071
 33554687
  0
LAYER
  5
22E
330
2
100
AcDbSymbolTableRecord
100
AcDbLayerTableRecord
  2
SURFACE
 70
     0
 62
     7
  6
CONTINUOUS
370
    -3
390
F
347
1181
1071
 33554687
  0
LAYER
  5
1226
330
2
100
AcDbSymbolTableRecord
100
AcDbLayerTableRecord
  2
DIM
 70
     0
 62
     3
  6
CONTINUOUS
370
    -3
390
F
347
1181
1071
 33554687
  0
LAYER
  5
122C
330
2
100
AcDbSymbolTableRecord
100
AcDbLayerTableRecord
  2
Defpoints
 70
     0
 62
     7
  6
CONTINUOUS
290
     0
370
    -3
390
F
347
1181
1071
 33554687
  0
ENDTAB
  0
TABLE
  2
STYLE
  5
3
330
0
100
AcDbSymbolTable
 70
     2
  0
STYLE
  5
11
330
3
100
AcDbSymbolTableRecord
100
AcDbTextStyleTableRecord
  2
STANDARD
 70
     0
 40
0.0
 41
0.8
 50
0.0
 71
     0
 42
0.2
  3
txt
  4

  0
ENDTAB
  0
TABLE
  2
VIEW
  5
6
330
0
100
AcDbSymbolTable
 70
     0
  0
ENDTAB
  0
TABLE
  2
UCS
  5
7
330
0
100
AcDbSymbolTable
 70
     0
  0
ENDTAB
  0
TABLE
  2
APPID
  5
9
330
0
100
AcDbSymbolTable
 70
     4
  0
APPID
  5
230
330
9
100
AcDbSymbolTableRecord
100
AcDbRegAppTableRecord
  2
ACAD
 70
     0
  0
APPID
  5
1228
330
9
100
AcDbSymbolTableRecord
100
AcDbRegAppTableRecord
  2
AcadAnnotative
 70
     0
  0
APPID
  5
1268
330
9
100
AcDbSymbolTableRecord
100
AcDbRegAppTableRecord
  2
ACAD_DSTYLE_DIMINSPECT
 70
     0
  0
APPID
  5
149C
330
9
100
AcDbSymbolTableRecord
100
AcDbRegAppTableRecord
  2
ACAD_MLEADERVER
 70
     0
  0
ENDTAB
  0
TABLE
  2
DIMSTYLE
  5
A
330
0
100
AcDbSymbolTable
 70
     2
100
AcDbDimStyleTable
 71
     0
  0
DIMSTYLE
105
234
102
{ACAD_REACTORS
330
1229
330
1244
330
1273
330
128D
330
12A7
330
12BF
330
12D7
330
12F1
330
130B
330
1325
330
133F
330
1359
330
1373
330
13BF
330
13D9
330
13F3
330
140D
330
1427
330
144B
102
}
330
A
100
AcDbSymbolTableRecord
100
AcDbDimStyleTableRecord
  2
STANDARD
 70
     0
 41
0.1875
 44
0.125
 47
0.01
 48
0.01
 78
     4
 79
     1
140
0.15625
171
     1
179
     2
271
     2
272
     2
284
     4
340
11
341
233
342
233
343
233
344
233
1001
AcadAnnotative
1000
AnnotativeData
1002
{
1070
     1
1070
     0
1002
}
  0
ENDTAB
  0
TABLE
  2
BLOCK_RECORD
  5
1
330
0
100
AcDbSymbolTable
 70
    20
  0
BLOCK_RECORD
  5
231
330
1
100
AcDbSymbolTableRecord
100
AcDbBlockTableRecord
  2
*MODEL_SPACE
340
117C
 70
     0
280
     1
281
     0
  0
BLOCK_RECORD
  5
232
330
1
100
AcDbSymbolTableRecord
100
AcDbBlockTableRecord
  2
*PAPER_SPACE
340
117D
 70
     0
280
     1
281
     0
  0
BLOCK_RECORD
  5
233
330
1
100
AcDbSymbolTableRecord
100
AcDbBlockTableRecord
  2
_FILLED
340
0
102
{BLKREFS
331
1232
331
1233
331
123E
331
123F
331
124C
331
124D
331
1258
331
1259
331
1262
331
1263
331
126D
331
126E
331
127B
331
127C
331
1287
331
1288
331
1295
331
1296
331
12A1
331
12A2
331
12AD
331
12AE
331
12B9
331
12BA
331
12C5
331
12C6
331
12D1
331
12D2
331
12DF
331
12E0
331
12EB
331
12EC
331
12F9
331
12FA
331
1305
331
1306
331
1313
331
1314
331
131F
331
1320
331
132D
331
132E
331
1339
331
133A
331
1347
331
1348
331
1353
331
1354
331
1361
331
1362
331
136D
331
136E
331
137B
331
137C
331
1387
331
1388
331
1391
331
1392
331
139B
331
139C
331
13A5
331
13A6
331
13AF
331
13B0
331
13B9
331
13BA
331
13C7
331
13C8
331
13D3
331
13D4
331
13E1
331
13E2
331
13ED
331
13EE
331
13FB
331
13FC
331
1407
331
1408
331
1415
331
1416
331
1421
331
1422
331
142F
331
1430
331
143B
331
143C
331
1445
331
1446
331
1453
331
1454
331
145F
331
1460
102
}
 70
     0
280
     1
281
     0
  0
BLOCK_RECORD
  5
122D
330
1
100
AcDbSymbolTableRecord
100
AcDbBlockTableRecord
  2
*D1
340
0
 70
     0
280
     1
281
     0
  0
BLOCK_RECORD
  5
1247
330
1
100
AcDbSymbolTableRecord
100
AcDbBlockTableRecord
  2
*D2
340
0
 70
     0
280
     1
281
     0
  0
BLOCK_RECORD
  5
1276
330
1
100
AcDbSymbolTableRecord
100
AcDbBlockTableRecord
  2
*D3
340
0
 70
     0
280
     1
281
     0
  0
BLOCK_RECORD
  5
1290
330
1
100
AcDbSymbolTableRecord
100
AcDbBlockTableRecord
  2
*D4
340
0
 70
     0
280
     1
281
     0
  0
BLOCK_RECORD
  5
12A8
330
1
100
AcDbSymbolTableRecord
100
AcDbBlockTableRecord
  2
*D5
340
0
 70
     0
280
     1
281
     0
  0
BLOCK_RECORD
  5
12C0
330
1
100
AcDbSymbolTableRecord
100
AcDbBlockTableRecord
  2
*D6
340
0
 70
     0
280
     1
281
     0
  0
BLOCK_RECORD
  5
12DA
330
1
100
AcDbSymbolTableRecord
100
AcDbBlockTableRecord
  2
*D7
340
0
 70
     0
280
     1
281
     0
  0
BLOCK_RECORD
  5
12F4
330
1
100
AcDbSymbolTableRecord
100
AcDbBlockTableRecord
  2
*D8
340
0
 70
     0
280
     1
281
     0
  0
BLOCK_RECORD
  5
130E
330
1
100
AcDbSymbolTableRecord
100
AcDbBlockTableRecord
  2
*D9
340
0
 70
     0
280
     1
281
     0
  0
BLOCK_RECORD
  5
1328
330
1
100
AcDbSymbolTableRecord
100
AcDbBlockTableRecord
  2
*D10
340
0
 70
     0
280
     1
281
     0
  0
BLOCK_RECORD
  5
1342
330
1
100
AcDbSymbolTableRecord
100
AcDbBlockTableRecord
  2
*D11
340
0
 70
     0
280
     1
281
     0
  0
BLOCK_RECORD
  5
135C
330
1
100
AcDbSymbolTableRecord
100
AcDbBlockTableRecord
  2
*D12
340
0
 70
     0
280
     1
281
     0
  0
BLOCK_RECORD
  5
1376
330
1
100
AcDbSymbolTableRecord
100
AcDbBlockTableRecord
  2
*D13
340
0
 70
     0
280
     1
281
     0
  0
BLOCK_RECORD
  5
13C2
330
1
100
AcDbSymbolTableRecord
100
AcDbBlockTableRecord
  2
*D14
340
0
 70
     0
280
     1
281
     0
  0
BLOCK_RECORD
  5
13DC
330
1
100
AcDbSymbolTableRecord
100
AcDbBlockTableRecord
  2
*D15
340
0
 70
     0
280
     1
281
     0
  0
BLOCK_RECORD
  5
13F6
330
1
100
AcDbSymbolTableRecord
100
AcDbBlockTableRecord
  2
*D16
340
0
 70
     0
280
     1
281
     0
  0
BLOCK_RECORD
  5
1410
330
1
100
AcDbSymbolTableRecord
100
AcDbBlockTableRecord
  2
*D17
340
0
 70
     0
280
     1
281
     0
  0
BLOCK_RECORD
  5
142A
330
1
100
AcDbSymbolTableRecord
100
AcDbBlockTableRecord
  2
*D18
340
0
 70
     0
280
     1
281
     0
  0
BLOCK_RECORD
  5
144E
330
1
100
AcDbSymbolTableRecord
100
AcDbBlockTableRecord
  2
*D19
340
0
 70
     0
280
     1
281
     0
  0
ENDTAB
  0
ENDSEC
  0
SECTION
  2
BLOCKS
  0
BLOCK
  5
20
330
231
100
AcDbEntity
  8
0
100
AcDbBlockBegin
  2
*MODEL_SPACE
 70
     0
 10
0.0
 20
0.0
 30
0.0
  3
*MODEL_SPACE
  1

  0
ENDBLK
  5
21
330
231
100
AcDbEntity
  8
0
100
AcDbBlockEnd
  0
BLOCK
  5
1C
330
232
100
AcDbEntity
 67
     1
  8
0
100
AcDbBlockBegin
  2
*PAPER_SPACE
 70
     0
 10
0.0
 20
0.0
 30
0.0
  3
*PAPER_SPACE
  1

  0
ENDBLK
  5
1D
330
232
100
AcDbEntity
 67
     1
  8
0
100
AcDbBlockEnd
  0
BLOCK
  5
235
330
233
100
AcDbEntity
  8
0
100
AcDbBlockBegin
  2
_FILLED
 70
     0
 10
0.0
 20
0.0
 30
0.0
  3
_FILLED
  1

  0
SOLID
  5
236
330
233
100
AcDbEntity
  8
0
  6
ByBlock
 62
     0
100
AcDbTrace
 10
0.0
 20
0.0
 30
0.0
 11
-1.0
 21
0.1666666667
 31
0.0
 12
-1.0
 22
-0.1666666667
 32
0.0
 13
-1.0
 23
-0.1666666667
 33
0.0
  0
ENDBLK
  5
237
330
233
100
AcDbEntity
  8
0
  6
ByBlock
 62
     0
100
AcDbBlockEnd
  0
BLOCK
  5
1238
330
122D
100
AcDbEntity
  8
DIM
100
AcDbBlockBegin
  2
*D1
 70
     1
 10
0.0
 20
0.0
 30
0.0
  3
*D1
  1

  0
LINE
  5
125E
330
122D
100
AcDbEntity
  8
DIM
 62
     0
370
    -2
100
AcDbLine
 10
-16.68486723079803
 20
54.39054211005566
 30
0.0
 11
-16.68486723079803
 21
68.07040140742214
 31
0.0
  0
LINE
  5
125F
330
122D
100
AcDbEntity
  8
DIM
 62
     0
370
    -2
100
AcDbLine
 10
55.84513276860201
 20
54.39054211005566
 30
0.0
 11
55.84513276860201
 21
68.07040140742214
 31
0.0
  0
LINE
  5
1260
330
122D
100
AcDbEntity
  8
DIM
 62
     0
370
    -2
100
AcDbLine
 10
-14.68486723079803
 20
67.94540140742213
 30
0.0
 11
9.156799435568654
 21
67.94540140742213
 31
0.0
  0
LINE
  5
1261
330
122D
100
AcDbEntity
  8
DIM
 62
     0
370
    -2
100
AcDbLine
 10
53.84513276860201
 20
67.94540140742213
 30
0.0
 11
30.00346610223532
 21
67.94540140742213
 31
0.0
  0
INSERT
  5
1262
330
122D
100
AcDbEntity
  8
DIM
 62
     0
370
    -2
100
AcDbBlockReference
  2
_FILLED
 10
-16.68486723079803
 20
67.94540140742213
 30
0.0
 41
2.0
 42
2.0
 43
2.0
 50
180.0
  0
INSERT
  5
1263
330
122D
100
AcDbEntity
  8
DIM
 62
     0
370
    -2
100
AcDbBlockReference
  2
_FILLED
 10
55.84513276860201
 20
67.94540140742213
 30
0.0
 41
2.0
 42
2.0
 43
2.0
  0
MTEXT
  5
1264
330
122D
100
AcDbEntity
  8
DIM
100
AcDbMText
 10
19.58013276890199
 20
67.94540140742213
 30
0.0
 40
2.5
 41
0.0
 46
0.0
 71
     5
 72
     1
  1
\A1;72.53 TP VA
 73
     1
 44
1.0
1001
ACAD
1000
MTEXTBEGIN
1070
    73
1070
     1
1070
    44
1040
1.0
1070
    74
1070
     0
1000
MTEXTEND
  0
POINT
  5
1265
330
122D
100
AcDbEntity
  8
Defpoints
 62
     0
100
AcDbPoint
 10
-16.68486723079803
 20
54.32804211005566
 30
0.0
  0
POINT
  5
1266
330
122D
100
AcDbEntity
  8
Defpoints
 62
     0
100
AcDbPoint
 10
55.84513276860201
 20
54.32804211005566
 30
0.0
  0
POINT
  5
1267
330
122D
100
AcDbEntity
  8
Defpoints
 62
     0
100
AcDbPoint
 10
55.84513276860201
 20
67.94540140742213
 30
0.0
  0
ENDBLK
  5
1239
330
122D
100
AcDbEntity
  8
DIM
100
AcDbBlockEnd
  0
BLOCK
  5
1252
330
1247
100
AcDbEntity
  8
DIM
100
AcDbBlockBegin
  2
*D2
 70
     1
 10
0.0
 20
0.0
 30
0.0
  3
*D2
  1

  0
LINE
  5
1269
330
1247
100
AcDbEntity
  8
DIM
 62
     0
370
    -2
100
AcDbLine
 10
-16.74736723079803
 20
54.32804211005566
 30
0.0
 11
-31.18691890264269
 21
54.32804211005566
 31
0.0
  0
LINE
  5
126A
330
1247
100
AcDbEntity
  8
DIM
 62
     0
370
    -2
100
AcDbLine
 10
-16.74736723079803
 20
-18.20195788934436
 30
0.0
 11
-31.1869189026427
 21
-18.20195788934436
 31
0.0
  0
LINE
  5
126B
330
1247
100
AcDbEntity
  8
DIM
 62
     0
370
    -2
100
AcDbLine
 10
-31.0619189026427
 20
52.32804211005566
 30
0.0
 11
-31.0619189026427
 21
28.48637544368899
 31
0.0
  0
LINE
  5
126C
330
1247
100
AcDbEntity
  8
DIM
 62
     0
370
    -2
100
AcDbLine
 10
-31.0619189026427
 20
-16.20195788934436
 30
0.0
 11
-31.0619189026427
 21
7.63970877702232
 31
0.0
  0
INSERT
  5
126D
330
1247
100
AcDbEntity
  8
DIM
 62
     0
370
    -2
100
AcDbBlockReference
  2
_FILLED
 10
-31.0619189026427
 20
54.32804211005566
 30
0.0
 41
2.0
 42
2.0
 43
2.0
 50
90.0
  0
INSERT
  5
126E
330
1247
100
AcDbEntity
  8
DIM
 62
     0
370
    -2
100
AcDbBlockReference
  2
_FILLED
 10
-31.0619189026427
 20
-18.20195788934436
 30
0.0
 41
2.0
 42
2.0
 43
2.0
 50
270.0
  0
MTEXT
  5
126F
330
1247
100
AcDbEntity
  8
DIM
100
AcDbMText
 10
-31.0619189026427
 20
18.06304211035565
 30
0.0
 40
2.5
 41
0.0
 46
0.0
 71
     5
 72
     1
  1
\A1;72.53 TP VA
 11
0.0000000000000001
 21
1.0
 31
0.0
 73
     1
 44
1.0
1001
ACAD
1000
MTEXTBEGIN
1070
    73
1070
     1
1070
    44
1040
1.0
1070
    74
1070
     0
1000
MTEXTEND
  0
POINT
  5
1270
330
1247
100
AcDbEntity
  8
Defpoints
 62
     0
100
AcDbPoint
 10
-16.68486723079803
 20
54.32804211005566
 30
0.0
  0
POINT
  5
1271
330
1247
100
AcDbEntity
  8
Defpoints
 62
     0
100
AcDbPoint
 10
-16.68486723079803
 20
-18.20195788934436
 30
0.0
  0
POINT
  5
1272
330
1247
100
AcDbEntity
  8
Defpoints
 62
     0
100
AcDbPoint
 10
-31.0619189026427
 20
-18.20195788934436
 30
0.0
  0
ENDBLK
  5
1253
330
1247
100
AcDbEntity
  8
DIM
100
AcDbBlockEnd
  0
BLOCK
  5
1281
330
1276
100
AcDbEntity
  8
DIM
100
AcDbBlockBegin
  2
*D3
 70
     1
 10
0.0
 20
0.0
 30
0.0
  3
*D3
  1

  0
LINE
  5
1283
330
1276
100
AcDbEntity
  8
DIM
 62
     0
370
    -2
100
AcDbLine
 10
-23.66986723079799
 20
59.87559922475566
 30
0.0
 11
-23.66986723079799
 21
73.06175782983697
 31
0.0
  0
LINE
  5
1284
330
1276
100
AcDbEntity
  8
DIM
 62
     0
370
    -2
100
AcDbLine
 10
62.83013276966889
 20
59.87559330270539
 30
0.0
 11
62.83013276966889
 21
73.06175782983697
 31
0.0
  0
LINE
  5
1285
330
1276
100
AcDbEntity
  8
DIM
 62
     0
370
    -2
100
AcDbLine
 10
-21.66986723079799
 20
72.93675782983696
 30
0.0
 11
15.65679943610212
 21
72.93675782983696
 31
0.0
  0
LINE
  5
1286
330
1276
100
AcDbEntity
  8
DIM
 62
     0
370
    -2
100
AcDbLine
 10
60.83013276966889
 20
72.93675782983696
 30
0.0
 11
23.50346610276878
 21
72.93675782983696
 31
0.0
  0
INSERT
  5
1287
330
1276
100
AcDbEntity
  8
DIM
 62
     0
370
    -2
100
AcDbBlockReference
  2
_FILLED
 10
-23.66986723079799
 20
72.93675782983696
 30
0.0
 41
2.0
 42
2.0
 43
2.0
 50
180.0
  0
INSERT
  5
1288
330
1276
100
AcDbEntity
  8
DIM
 62
     0
370
    -2
100
AcDbBlockReference
  2
_FILLED
 10
62.83013276966889
 20
72.93675782983696
 30
0.0
 41
2.0
 42
2.0
 43
2.0
  0
MTEXT
  5
1289
330
1276
100
AcDbEntity
  8
DIM
100
AcDbMText
 10
19.58013276943545
 20
72.93675782983696
 30
0.0
 40
2.5
 41
0.0
 46
0.0
 71
     5
 72
     1
  1
\A1;86.50
 73
     1
 44
1.0
1001
ACAD
1000
MTEXTBEGIN
1070
    73
1070
     1
1070
    44
1040
1.0
1070
    74
1070
     0
1000
MTEXTEND
  0
POINT
  5
128A
330
1276
100
AcDbEntity
  8
Defpoints
 62
     0
100
AcDbPoint
 10
-23.66986723079799
 20
59.81309922475566
 30
0.0
  0
POINT
  5
128B
330
1276
100
AcDbEntity
  8
Defpoints
 62
     0
100
AcDbPoint
 10
62.83013276966889
 20
59.8130933027054
 30
0.0
  0
POINT
  5
128C
330
1276
100
AcDbEntity
  8
Defpoints
 62
     0
100
AcDbPoint
 10
62.83013276966889
 20
72.93675782983696
 30
0.0
  0
ENDBLK
  5
1282
330
1276
100
AcDbEntity
  8
DIM
100
AcDbBlockEnd
  0
BLOCK
  5
129B
330
1290
100
AcDbEntity
  8
DIM
100
AcDbBlockBegin
  2
*D4
 70
     1
 10
0.0
 20
0.0
 30
0.0
  3
*D4
  1

  0
LINE
  5
129D
330
1290
100
AcDbEntity
  8
DIM
 62
     0
370
    -2
100
AcDbLine
 10
-22.2324187839115
 20
61.31304211112393
 30
0.0
 11
-37.49867868384361
 21
61.31304211112393
 31
0.0
  0
LINE
  5
129E
330
1290
100
AcDbEntity
  8
DIM
 62
     0
370
    -2
100
AcDbLine
 10
-22.23241878316151
 20
-25.18695789041262
 30
0.0
 11
-37.49867868384362
 21
-25.18695789041262
 31
0.0
  0
LINE
  5
129F
330
1290
100
AcDbEntity
  8
DIM
 62
     0
370
    -2
100
AcDbLine
 10
-37.37367868384361
 20
59.31304211112393
 30
0.0
 11
-37.37367868384361
 21
21.98637544368899
 31
0.0
  0
LINE
  5
12A0
330
1290
100
AcDbEntity
  8
DIM
 62
     0
370
    -2
100
AcDbLine
 10
-37.37367868384362
 20
-23.18695789041262
 30
0.0
 11
-37.37367868384362
 21
14.13970877702232
 31
0.0
  0
INSERT
  5
12A1
330
1290
100
AcDbEntity
  8
DIM
 62
     0
370
    -2
100
AcDbBlockReference
  2
_FILLED
 10
-37.37367868384361
 20
61.31304211112393
 30
0.0
 41
2.0
 42
2.0
 43
2.0
 50
90.0
  0
INSERT
  5
12A2
330
1290
100
AcDbEntity
  8
DIM
 62
     0
370
    -2
100
AcDbBlockReference
  2
_FILLED
 10
-37.37367868384362
 20
-25.18695789041262
 30
0.0
 41
2.0
 42
2.0
 43
2.0
 50
270.0
  0
MTEXT
  5
12A3
330
1290
100
AcDbEntity
  8
DIM
100
AcDbMText
 10
-37.37367868384361
 20
18.06304211035565
 30
0.0
 40
2.5
 41
0.0
 46
0.0
 71
     5
 72
     1
  1
\A1;86.50
 11
0.0000000000000001
 21
1.0
 31
0.0
 73
     1
 44
1.0
1001
ACAD
1000
MTEXTBEGIN
1070
    73
1070
     1
1070
    44
1040
1.0
1070
    74
1070
     0
1000
MTEXTEND
  0
POINT
  5
12A4
330
1290
100
AcDbEntity
  8
Defpoints
 62
     0
100
AcDbPoint
 10
-22.1699187839115
 20
61.31304211112393
 30
0.0
  0
POINT
  5
12A5
330
1290
100
AcDbEntity
  8
Defpoints
 62
     0
100
AcDbPoint
 10
-22.16991878316151
 20
-25.18695789041262
 30
0.0
  0
POINT
  5
12A6
330
1290
100
AcDbEntity
  8
Defpoints
 62
     0
100
AcDbPoint
 10
-37.37367868384362
 20
-25.18695789041262
 30
0.0
  0
ENDBLK
  5
129C
330
1290
100
AcDbEntity
  8
DIM
100
AcDbBlockEnd
  0
BLOCK
  5
12B3
330
12A8
100
AcDbEntity
  8
DIM
100
AcDbBlockBegin
  2
*D5
 70
     1
 10
0.0
 20
0.0
 30
0.0
  3
*D5
  1

  0
LINE
  5
12B5
330
12A8
100
AcDbEntity
  8
DIM
 62
     0
370
    -2
100
AcDbLine
 10
-16.68486723079803
 20
68.00790140742214
 30
0.0
 11
-16.68486723079803
 21
67.82040140742214
 31
0.0
  0
LINE
  5
12B6
330
12A8
100
AcDbEntity
  8
DIM
 62
     0
370
    -2
100
AcDbLine
 10
-23.66986723079799
 20
68.00790140742214
 30
0.0
 11
-23.66986723079799
 21
67.82040140742214
 31
0.0
  0
LINE
  5
12B7
330
12A8
100
AcDbEntity
  8
DIM
 62
     0
370
    -2
100
AcDbLine
 10
-14.68486723079803
 20
67.94540140742213
 30
0.0
 11
-12.68486723079803
 21
67.94540140742213
 31
0.0
  0
LINE
  5
12B8
330
12A8
100
AcDbEntity
  8
DIM
 62
     0
370
    -2
100
AcDbLine
 10
-25.66986723079799
 20
67.94540140742213
 30
0.0
 11
-27.66986723079799
 21
67.94540140742213
 31
0.0
  0
INSERT
  5
12B9
330
12A8
100
AcDbEntity
  8
DIM
 62
     0
370
    -2
100
AcDbBlockReference
  2
_FILLED
 10
-16.68486723079803
 20
67.94540140742213
 30
0.0
 41
2.0
 42
2.0
 43
2.0
 50
180.0
  0
INSERT
  5
12BA
330
12A8
100
AcDbEntity
  8
DIM
 62
     0
370
    -2
100
AcDbBlockReference
  2
_FILLED
 10
-23.66986723079799
 20
67.94540140742213
 30
0.0
 41
2.0
 42
2.0
 43
2.0
  0
MTEXT
  5
12BB
330
12A8
100
AcDbEntity
  8
DIM
100
AcDbMText
 10
-20.17736723079801
 20
67.94540140742213
 30
0.0
 40
2.5
 41
0.0
 46
0.0
 71
     5
 72
     1
  1
\A1;6.99
 73
     1
 44
1.0
1001
ACAD
1000
MTEXTBEGIN
1070
    73
1070
     1
1070
    44
1040
1.0
1070
    74
1070
     0
1000
MTEXTEND
  0
POINT
  5
12BC
330
12A8
100
AcDbEntity
  8
Defpoints
 62
     0
100
AcDbPoint
 10
-16.68486723079803
 20
68.07040140742214
 30
0.0
  0
POINT
  5
12BD
330
12A8
100
AcDbEntity
  8
Defpoints
 62
     0
100
AcDbPoint
 10
-23.66986723079799
 20
68.07040140742214
 30
0.0
  0
POINT
  5
12BE
330
12A8
100
AcDbEntity
  8
Defpoints
 62
     0
100
AcDbPoint
 10
-23.66986723079799
 20
67.94540140742213
 30
0.0
  0
ENDBLK
  5
12B4
330
12A8
100
AcDbEntity
  8
DIM
100
AcDbBlockEnd
  0
BLOCK
  5
12CB
330
12C0
100
AcDbEntity
  8
DIM
100
AcDbBlockBegin
  2
*D6
 70
     1
 10
0.0
 20
0.0
 30
0.0
  3
*D6
  1

  0
LINE
  5
12CD
330
12C0
100
AcDbEntity
  8
DIM
 62
     0
370
    -2
100
AcDbLine
 10
-31.1244189026427
 20
54.32804211005566
 30
0.0
 11
-30.9369189026427
 21
54.32804211005566
 31
0.0
  0
LINE
  5
12CE
330
12C0
100
AcDbEntity
  8
DIM
 62
     0
370
    -2
100
AcDbLine
 10
-31.1244189026427
 20
61.31304211112393
 30
0.0
 11
-30.9369189026427
 21
61.31304211112393
 31
0.0
  0
LINE
  5
12CF
330
12C0
100
AcDbEntity
  8
DIM
 62
     0
370
    -2
100
AcDbLine
 10
-31.0619189026427
 20
52.32804211005566
 30
0.0
 11
-31.0619189026427
 21
50.32804211005566
 31
0.0
  0
LINE
  5
12D0
330
12C0
100
AcDbEntity
  8
DIM
 62
     0
370
    -2
100
AcDbLine
 10
-31.0619189026427
 20
63.31304211112392
 30
0.0
 11
-31.0619189026427
 21
65.31304211112393
 31
0.0
  0
INSERT
  5
12D1
330
12C0
100
AcDbEntity
  8
DIM
 62
     0
370
    -2
100
AcDbBlockReference
  2
_FILLED
 10
-31.0619189026427
 20
54.32804211005566
 30
0.0
 41
2.0
 42
2.0
 43
2.0
 50
90.0
  0
INSERT
  5
12D2
330
12C0
100
AcDbEntity
  8
DIM
 62
     0
370
    -2
100
AcDbBlockReference
  2
_FILLED
 10
-31.0619189026427
 20
61.31304211112393
 30
0.0
 41
2.0
 42
2.0
 43
2.0
 50
270.0
  0
MTEXT
  5
12D3
330
12C0
100
AcDbEntity
  8
DIM
100
AcDbMText
 10
-31.0619189026427
 20
57.8205421105898
 30
0.0
 40
2.5
 41
0.0
 46
0.0
 71
     5
 72
     1
  1
\A1;6.99
 11
0.0
 21
1.0
 31
0.0
 73
     1
 44
1.0
1001
ACAD
1000
MTEXTBEGIN
1070
    73
1070
     1
1070
    44
1040
1.0
1070
    74
1070
     0
1000
MTEXTEND
  0
POINT
  5
12D4
330
12C0
100
AcDbEntity
  8
Defpoints
 62
     0
100
AcDbPoint
 10
-31.18691890264269
 20
54.32804211005566
 30
0.0
  0
POINT
  5
12D5
330
12C0
100
AcDbEntity
  8
Defpoints
 62
     0
100
AcDbPoint
 10
-31.18691890264269
 20
61.31304211112393
 30
0.0
  0
POINT
  5
12D6
330
12C0
100
AcDbEntity
  8
Defpoints
 62
     0
100
AcDbPoint
 10
-31.0619189026427
 20
61.31304211112393
 30
0.0
  0
ENDBLK
  5
12CC
330
12C0
100
AcDbEntity
  8
DIM
100
AcDbBlockEnd
  0
BLOCK
  5
12E5
330
12DA
100
AcDbEntity
  8
DIM
100
AcDbBlockBegin
  2
*D7
 70
     1
 10
0.0
 20
0.0
 30
0.0
  3
*D7
  1

  0
LINE
  5
12E7
330
12DA
100
AcDbEntity
  8
DIM
 62
     0
370
    -2
100
AcDbLine
 10
83.03534175358201
 20
60.95160916315462
 30
0.0
 11
83.03534175358201
 21
70.71788961448504
 31
0.0
  0
LINE
  5
12E8
330
12DA
100
AcDbEntity
  8
DIM
 62
     0
370
    -2
100
AcDbLine
 10
97.53534175276195
 20
61.37554211005568
 30
0.0
 11
97.53534175276195
 21
70.71788961448504
 31
0.0
  0
LINE
  5
12E9
330
12DA
100
AcDbEntity
  8
DIM
 62
     0
370
    -2
100
AcDbLine
 10
85.03534175358202
 20
70.59288961448505
 30
0.0
 11
86.69534175317199
 21
70.59288961448505
 31
0.0
  0
LINE
  5
12EA
330
12DA
100
AcDbEntity
  8
DIM
 62
     0
370
    -2
100
AcDbLine
 10
95.53534175276196
 20
70.59288961448505
 30
0.0
 11
93.87534175317199
 21
70.59288961448505
 31
0.0
  0
INSERT
  5
12EB
330
12DA
100
AcDbEntity
  8
DIM
 62
     0
370
    -2
100
AcDbBlockReference
  2
_FILLED
 10
83.03534175358201
 20
70.59288961448505
 30
0.0
 41
2.0
 42
2.0
 43
2.0
 50
180.0
  0
INSERT
  5
12EC
330
12DA
100
AcDbEntity
  8
DIM
 62
     0
370
    -2
100
AcDbBlockReference
  2
_FILLED
 10
97.53534175276195
 20
70.59288961448505
 30
0.0
 41
2.0
 42
2.0
 43
2.0
  0
MTEXT
  5
12ED
330
12DA
100
AcDbEntity
  8
DIM
100
AcDbMText
 10
90.28534175317199
 20
70.59288961448505
 30
0.0
 40
2.5
 41
0.0
 46
0.0
 71
     5
 72
     1
  1
\A1;14.50
 73
     1
 44
1.0
1001
ACAD
1000
MTEXTBEGIN
1070
    73
1070
     1
1070
    44
1040
1.0
1070
    74
1070
     0
1000
MTEXTEND
  0
POINT
  5
12EE
330
12DA
100
AcDbEntity
  8
Defpoints
 62
     0
100
AcDbPoint
 10
83.03534175358201
 20
60.88910916315462
 30
0.0
  0
POINT
  5
12EF
330
12DA
100
AcDbEntity
  8
Defpoints
 62
     0
100
AcDbPoint
 10
97.53534175276195
 20
61.31304211005567
 30
0.0
  0
POINT
  5
12F0
330
12DA
100
AcDbEntity
  8
Defpoints
 62
     0
100
AcDbPoint
 10
97.53534175276195
 20
70.59288961448505
 30
0.0
  0
ENDBLK
  5
12E6
330
12DA
100
AcDbEntity
  8
DIM
100
AcDbBlockEnd
  0
BLOCK
  5
12FF
330
12F4
100
AcDbEntity
  8
DIM
100
AcDbBlockBegin
  2
*D8
 70
     1
 10
0.0
 20
0.0
 30
0.0
  3
*D8
  1

  0
LINE
  5
13A1
330
12F4
100
AcDbEntity
  8
DIM
 62
     0
370
    -2
100
AcDbLine
 10
151.0520120115619
 20
55.12554211071566
 30
0.0
 11
151.0520120115619
 21
75.53436904034699
 31
0.0
  0
LINE
  5
13A2
330
12F4
100
AcDbEntity
  8
DIM
 62
     0
370
    -2
100
AcDbLine
 10
221.0492003049419
 20
55.12218792387566
 30
0.0
 11
221.0492003049419
 21
75.53436904034699
 31
0.0
  0
LINE
  5
13A3
330
12F4
100
AcDbEntity
  8
DIM
 62
     0
370
    -2
100
AcDbLine
 10
153.0520120115619
 20
75.40936904034698
 30
0.0
 11
182.4606061582519
 21
75.40936904034698
 31
0.0
  0
LINE
  5
13A4
330
12F4
100
AcDbEntity
  8
DIM
 62
     0
370
    -2
100
AcDbLine
 10
219.0492003049419
 20
75.40936904034698
 30
0.0
 11
189.6406061582519
 21
75.40936904034698
 31
0.0
  0
INSERT
  5
13A5
330
12F4
100
AcDbEntity
  8
DIM
 62
     0
370
    -2
100
AcDbBlockReference
  2
_FILLED
 10
151.0520120115619
 20
75.40936904034698
 30
0.0
 41
2.0
 42
2.0
 43
2.0
 50
180.0
  0
INSERT
  5
13A6
330
12F4
100
AcDbEntity
  8
DIM
 62
     0
370
    -2
100
AcDbBlockReference
  2
_FILLED
 10
221.0492003049419
 20
75.40936904034698
 30
0.0
 41
2.0
 42
2.0
 43
2.0
  0
MTEXT
  5
13A7
330
12F4
100
AcDbEntity
  8
DIM
100
AcDbMText
 10
186.0506061582519
 20
75.40936904034698
 30
0.0
 40
2.5
 41
0.0
 46
0.0
 71
     5
 72
     1
  1
\A1;70.00
 73
     1
 44
1.0
1001
ACAD
1000
MTEXTBEGIN
1070
    73
1070
     1
1070
    44
1040
1.0
1070
    74
1070
     0
1000
MTEXTEND
  0
POINT
  5
13A8
330
12F4
100
AcDbEntity
  8
Defpoints
 62
     0
100
AcDbPoint
 10
151.0520120115619
 20
55.06304211071565
 30
0.0
  0
POINT
  5
13A9
330
12F4
100
AcDbEntity
  8
Defpoints
 62
     0
100
AcDbPoint
 10
221.0492003049419
 20
55.05968792387566
 30
0.0
  0
POINT
  5
13AA
330
12F4
100
AcDbEntity
  8
Defpoints
 62
     0
100
AcDbPoint
 10
221.0492003049419
 20
75.40936904034698
 30
0.0
  0
ENDBLK
  5
1300
330
12F4
100
AcDbEntity
  8
DIM
100
AcDbBlockEnd
  0
BLOCK
  5
1319
330
130E
100
AcDbEntity
  8
DIM
100
AcDbBlockBegin
  2
*D9
 70
     1
 10
0.0
 20
0.0
 30
0.0
  3
*D9
  1

  0
LINE
  5
131B
330
130E
100
AcDbEntity
  8
DIM
 62
     0
370
    -2
100
AcDbLine
 10
150.9895120115619
 20
55.06304211071565
 30
0.0
 11
133.2777376645408
 21
55.06304211071565
 31
0.0
  0
LINE
  5
131C
330
130E
100
AcDbEntity
  8
DIM
 62
     0
370
    -2
100
AcDbLine
 10
150.9895120115619
 20
-18.93695789000435
 30
0.0
 11
133.2777376645408
 21
-18.93695789000435
 31
0.0
  0
LINE
  5
131D
330
130E
100
AcDbEntity
  8
DIM
 62
     0
370
    -2
100
AcDbLine
 10
133.4027376645408
 20
53.06304211071566
 30
0.0
 11
133.4027376645408
 21
21.81970877702231
 31
0.0
  0
LINE
  5
131E
330
130E
100
AcDbEntity
  8
DIM
 62
     0
370
    -2
100
AcDbLine
 10
133.4027376645408
 20
-16.93695789000435
 30
0.0
 11
133.4027376645408
 21
14.30637544368899
 31
0.0
  0
INSERT
  5
131F
330
130E
100
AcDbEntity
  8
DIM
 62
     0
370
    -2
100
AcDbBlockReference
  2
_FILLED
 10
133.4027376645408
 20
55.06304211071565
 30
0.0
 41
2.0
 42
2.0
 43
2.0
 50
90.0
  0
INSERT
  5
1320
330
130E
100
AcDbEntity
  8
DIM
 62
     0
370
    -2
100
AcDbBlockReference
  2
_FILLED
 10
133.4027376645408
 20
-18.93695789000435
 30
0.0
 41
2.0
 42
2.0
 43
2.0
 50
270.0
  0
MTEXT
  5
1321
330
130E
100
AcDbEntity
  8
DIM
100
AcDbMText
 10
133.4027376645408
 20
18.06304211035565
 30
0.0
 40
2.5
 41
0.0
 46
0.0
 71
     5
 72
     1
  1
\A1;74.00
 11
0.0
 21
1.0
 31
0.0
 73
     1
 44
1.0
1001
ACAD
1000
MTEXTBEGIN
1070
    73
1070
     1
1070
    44
1040
1.0
1070
    74
1070
     0
1000
MTEXTEND
  0
POINT
  5
1322
330
130E
100
AcDbEntity
  8
Defpoints
 62
     0
100
AcDbPoint
 10
151.0520120115619
 20
55.06304211071565
 30
0.0
  0
POINT
  5
1323
330
130E
100
AcDbEntity
  8
Defpoints
 62
     0
100
AcDbPoint
 10
151.0520120115619
 20
-18.93695789000435
 30
0.0
  0
POINT
  5
1324
330
130E
100
AcDbEntity
  8
Defpoints
 62
     0
100
AcDbPoint
 10
133.4027376645408
 20
-18.93695789000435
 30
0.0
  0
ENDBLK
  5
131A
330
130E
100
AcDbEntity
  8
DIM
100
AcDbBlockEnd
  0
BLOCK
  5
1333
330
1328
100
AcDbEntity
  8
DIM
100
AcDbBlockBegin
  2
*D10
 70
     1
 10
0.0
 20
0.0
 30
0.0
  3
*D10
  1

  0
LINE
  5
1397
330
1328
100
AcDbEntity
  8
DIM
 62
     0
370
    -2
100
AcDbLine
 10
151.0520120115619
 20
55.12554211071566
 30
0.0
 11
151.0520120115619
 21
75.53436904034699
 31
0.0
  0
LINE
  5
1398
330
1328
100
AcDbEntity
  8
DIM
 62
     0
370
    -2
100
AcDbLine
 10
142.8020120106551
 20
59.87559330269011
 30
0.0
 11
142.8020120106551
 21
75.53436904034699
 31
0.0
  0
LINE
  5
1399
330
1328
100
AcDbEntity
  8
DIM
 62
     0
370
    -2
100
AcDbLine
 10
153.0520120115619
 20
75.40936904034698
 30
0.0
 11
155.0520120115619
 21
75.40936904034698
 31
0.0
  0
LINE
  5
139A
330
1328
100
AcDbEntity
  8
DIM
 62
     0
370
    -2
100
AcDbLine
 10
140.8020120106551
 20
75.40936904034698
 30
0.0
 11
138.8020120106551
 21
75.40936904034698
 31
0.0
  0
INSERT
  5
139B
330
1328
100
AcDbEntity
  8
DIM
 62
     0
370
    -2
100
AcDbBlockReference
  2
_FILLED
 10
151.0520120115619
 20
75.40936904034698
 30
0.0
 41
2.0
 42
2.0
 43
2.0
 50
180.0
  0
INSERT
  5
139C
330
1328
100
AcDbEntity
  8
DIM
 62
     0
370
    -2
100
AcDbBlockReference
  2
_FILLED
 10
142.8020120106551
 20
75.40936904034698
 30
0.0
 41
2.0
 42
2.0
 43
2.0
  0
MTEXT
  5
139D
330
1328
100
AcDbEntity
  8
DIM
100
AcDbMText
 10
146.9270120111085
 20
75.40936904034698
 30
0.0
 40
2.5
 41
0.0
 46
0.0
 71
     5
 72
     1
  1
\A1;8.25
 73
     1
 44
1.0
1001
ACAD
1000
MTEXTBEGIN
1070
    73
1070
     1
1070
    44
1040
1.0
1070
    74
1070
     0
1000
MTEXTEND
  0
POINT
  5
139E
330
1328
100
AcDbEntity
  8
Defpoints
 62
     0
100
AcDbPoint
 10
151.0520120115619
 20
55.06304211071565
 30
0.0
  0
POINT
  5
139F
330
1328
100
AcDbEntity
  8
Defpoints
 62
     0
100
AcDbPoint
 10
142.8020120106551
 20
59.81309330269011
 30
0.0
  0
POINT
  5
13A0
330
1328
100
AcDbEntity
  8
Defpoints
 62
     0
100
AcDbPoint
 10
142.8020120106551
 20
75.40936904034698
 30
0.0
  0
ENDBLK
  5
1334
330
1328
100
AcDbEntity
  8
DIM
100
AcDbBlockEnd
  0
BLOCK
  5
134D
330
1342
100
AcDbEntity
  8
DIM
100
AcDbBlockBegin
  2
*D11
 70
     1
 10
0.0
 20
0.0
 30
0.0
  3
*D11
  1

  0
LINE
  5
134F
330
1342
100
AcDbEntity
  8
DIM
 62
     0
370
    -2
100
AcDbLine
 10
150.987480730382
 20
55.06117674995568
 30
0.0
 11
133.2777376645408
 21
55.06117674995568
 31
0.0
  0
LINE
  5
1350
330
1342
100
AcDbEntity
  8
DIM
 62
     0
370
    -2
100
AcDbLine
 10
144.2394548970219
 20
61.31304211005567
 30
0.0
 11
133.2777376645408
 21
61.31304211005567
 31
0.0
  0
LINE
  5
1351
330
1342
100
AcDbEntity
  8
DIM
 62
     0
370
    -2
100
AcDbLine
 10
133.4027376645408
 20
53.06117674995568
 30
0.0
 11
133.4027376645408
 21
51.06117674995568
 31
0.0
  0
LINE
  5
1352
330
1342
100
AcDbEntity
  8
DIM
 62
     0
370
    -2
100
AcDbLine
 10
133.4027376645408
 20
63.31304211005567
 30
0.0
 11
133.4027376645408
 21
65.31304211005568
 31
0.0
  0
INSERT
  5
1353
330
1342
100
AcDbEntity
  8
DIM
 62
     0
370
    -2
100
AcDbBlockReference
  2
_FILLED
 10
133.4027376645408
 20
55.06117674995568
 30
0.0
 41
2.0
 42
2.0
 43
2.0
 50
90.0
  0
INSERT
  5
1354
330
1342
100
AcDbEntity
  8
DIM
 62
     0
370
    -2
100
AcDbBlockReference
  2
_FILLED
 10
133.4027376645408
 20
61.31304211005567
 30
0.0
 41
2.0
 42
2.0
 43
2.0
 50
270.0
  0
MTEXT
  5
1355
330
1342
100
AcDbEntity
  8
DIM
100
AcDbMText
 10
133.4027376645408
 20
58.18710943000567
 30
0.0
 40
2.5
 41
0.0
 46
0.0
 71
     5
 72
     1
  1
\A1;6.25
 11
0.0
 21
1.0
 31
0.0
 73
     1
 44
1.0
1001
ACAD
1000
MTEXTBEGIN
1070
    73
1070
     1
1070
    44
1040
1.0
1070
    74
1070
     0
1000
MTEXTEND
  0
POINT
  5
1356
330
1342
100
AcDbEntity
  8
Defpoints
 62
     0
100
AcDbPoint
 10
151.049980730382
 20
55.06117674995568
 30
0.0
  0
POINT
  5
1357
330
1342
100
AcDbEntity
  8
Defpoints
 62
     0
100
AcDbPoint
 10
144.3019548970219
 20
61.31304211005567
 30
0.0
  0
POINT
  5
1358
330
1342
100
AcDbEntity
  8
Defpoints
 62
     0
100
AcDbPoint
 10
133.4027376645408
 20
61.31304211005567
 30
0.0
  0
ENDBLK
  5
134E
330
1342
100
AcDbEntity
  8
DIM
100
AcDbBlockEnd
  0
BLOCK
  5
1367
330
135C
100
AcDbEntity
  8
DIM
100
AcDbBlockBegin
  2
*D12
 70
     1
 10
0.0
 20
0.0
 30
0.0
  3
*D12
  1

  0
LINE
  5
13AB
330
135C
100
AcDbEntity
  8
DIM
 62
     0
370
    -2
100
AcDbLine
 10
185.5620120109819
 20
45.62554210897565
 30
0.0
 11
185.5620120109819
 21
70.30106404397371
 31
0.0
  0
LINE
  5
13AC
330
135C
100
AcDbEntity
  8
DIM
 62
     0
370
    -2
100
AcDbLine
 10
151.0515767444619
 20
55.12574000719564
 30
0.0
 11
151.0515767444619
 21
70.30106404397371
 31
0.0
  0
LINE
  5
13AD
330
135C
100
AcDbEntity
  8
DIM
 62
     0
370
    -2
100
AcDbLine
 10
183.5620120109819
 20
70.17606404397371
 30
0.0
 11
172.0634610443886
 21
70.17606404397371
 31
0.0
  0
LINE
  5
13AE
330
135C
100
AcDbEntity
  8
DIM
 62
     0
370
    -2
100
AcDbLine
 10
153.0515767444619
 20
70.17606404397371
 30
0.0
 11
164.5501277110552
 21
70.17606404397371
 31
0.0
  0
INSERT
  5
13AF
330
135C
100
AcDbEntity
  8
DIM
 62
     0
370
    -2
100
AcDbBlockReference
  2
_FILLED
 10
185.5620120109819
 20
70.17606404397371
 30
0.0
 41
2.0
 42
2.0
 43
2.0
  0
INSERT
  5
13B0
330
135C
100
AcDbEntity
  8
DIM
 62
     0
370
    -2
100
AcDbBlockReference
  2
_FILLED
 10
151.0515767444619
 20
70.17606404397371
 30
0.0
 41
2.0
 42
2.0
 43
2.0
 50
180.0
  0
MTEXT
  5
13B1
330
135C
100
AcDbEntity
  8
DIM
100
AcDbMText
 10
168.3067943777219
 20
70.17606404397371
 30
0.0
 40
2.5
 41
0.0
 46
0.0
 71
     5
 72
     1
  1
\A1;34.51
 73
     1
 44
1.0
1001
ACAD
1000
MTEXTBEGIN
1070
    73
1070
     1
1070
    44
1040
1.0
1070
    74
1070
     0
1000
MTEXTEND
  0
POINT
  5
13B2
330
135C
100
AcDbEntity
  8
Defpoints
 62
     0
100
AcDbPoint
 10
185.5620120109819
 20
45.56304210897565
 30
0.0
  0
POINT
  5
13B3
330
135C
100
AcDbEntity
  8
Defpoints
 62
     0
100
AcDbPoint
 10
151.0515767444619
 20
55.06324000719565
 30
0.0
  0
POINT
  5
13B4
330
135C
100
AcDbEntity
  8
Defpoints
 62
     0
100
AcDbPoint
 10
151.0515767444619
 20
70.17606404397371
 30
0.0
  0
ENDBLK
  5
1368
330
135C
100
AcDbEntity
  8
DIM
100
AcDbBlockEnd
  0
BLOCK
  5
1381
330
1376
100
AcDbEntity
  8
DIM
100
AcDbBlockBegin
  2
*D13
 70
     1
 10
0.0
 20
0.0
 30
0.0
  3
*D13
  1

  0
LINE
  5
13B5
330
1376
100
AcDbEntity
  8
DIM
 62
     0
370
    -2
100
AcDbLine
 10
151.0515767444619
 20
55.12574000719564
 30
0.0
 11
151.0515767444619
 21
65.7461504360192
 31
0.0
  0
LINE
  5
13B6
330
1376
100
AcDbEntity
  8
DIM
 62
     0
370
    -2
100
AcDbLine
 10
165.1220120122219
 20
40.84054211079563
 30
0.0
 11
165.1220120122219
 21
65.7461504360192
 31
0.0
  0
LINE
  5
13B7
330
1376
100
AcDbEntity
  8
DIM
 62
     0
370
    -2
100
AcDbLine
 10
153.0515767444619
 20
65.6211504360192
 30
0.0
 11
154.4967943783419
 21
65.6211504360192
 31
0.0
  0
LINE
  5
13B8
330
1376
100
AcDbEntity
  8
DIM
 62
     0
370
    -2
100
AcDbLine
 10
163.1220120122219
 20
65.6211504360192
 30
0.0
 11
161.6767943783419
 21
65.6211504360192
 31
0.0
  0
INSERT
  5
13B9
330
1376
100
AcDbEntity
  8
DIM
 62
     0
370
    -2
100
AcDbBlockReference
  2
_FILLED
 10
151.0515767444619
 20
65.6211504360192
 30
0.0
 41
2.0
 42
2.0
 43
2.0
 50
180.0
  0
INSERT
  5
13BA
330
1376
100
AcDbEntity
  8
DIM
 62
     0
370
    -2
100
AcDbBlockReference
  2
_FILLED
 10
165.1220120122219
 20
65.6211504360192
 30
0.0
 41
2.0
 42
2.0
 43
2.0
  0
MTEXT
  5
13BB
330
1376
100
AcDbEntity
  8
DIM
100
AcDbMText
 10
158.0867943783419
 20
65.6211504360192
 30
0.0
 40
2.5
 41
0.0
 46
0.0
 71
     5
 72
     1
  1
\A1;14.07
 73
     1
 44
1.0
1001
ACAD
1000
MTEXTBEGIN
1070
    73
1070
     1
1070
    44
1040
1.0
1070
    74
1070
     0
1000
MTEXTEND
  0
POINT
  5
13BC
330
1376
100
AcDbEntity
  8
Defpoints
 62
     0
100
AcDbPoint
 10
151.0515767444619
 20
55.06324000719565
 30
0.0
  0
POINT
  5
13BD
330
1376
100
AcDbEntity
  8
Defpoints
 62
     0
100
AcDbPoint
 10
165.1220120122219
 20
40.77804211079564
 30
0.0
  0
POINT
  5
13BE
330
1376
100
AcDbEntity
  8
Defpoints
 62
     0
100
AcDbPoint
 10
165.1220120122219
 20
65.6211504360192
 30
0.0
  0
ENDBLK
  5
1382
330
1376
100
AcDbEntity
  8
DIM
100
AcDbBlockEnd
  0
BLOCK
  5
13CD
330
13C2
100
AcDbEntity
  8
DIM
100
AcDbBlockBegin
  2
*D14
 70
     1
 10
0.0
 20
0.0
 30
0.0
  3
*D14
  1

  0
LINE
  5
13CF
330
13C2
100
AcDbEntity
  8
DIM
 62
     0
370
    -2
100
AcDbLine
 10
150.9895120115619
 20
55.06304211071565
 30
0.0
 11
137.0579555822968
 21
55.06304211071565
 31
0.0
  0
LINE
  5
13D0
330
13C2
100
AcDbEntity
  8
DIM
 62
     0
370
    -2
100
AcDbLine
 10
150.3595120117219
 20
38.42804211052564
 30
0.0
 11
137.0579555822968
 21
38.42804211052564
 31
0.0
  0
LINE
  5
13D1
330
13C2
100
AcDbEntity
  8
DIM
 62
     0
370
    -2
100
AcDbLine
 10
137.1829555822968
 20
53.06304211071566
 30
0.0
 11
137.1829555822968
 21
50.5022087772873
 31
0.0
  0
LINE
  5
13D2
330
13C2
100
AcDbEntity
  8
DIM
 62
     0
370
    -2
100
AcDbLine
 10
137.1829555822968
 20
40.42804211052564
 30
0.0
 11
137.1829555822968
 21
42.98887544395398
 31
0.0
  0
INSERT
  5
13D3
330
13C2
100
AcDbEntity
  8
DIM
 62
     0
370
    -2
100
AcDbBlockReference
  2
_FILLED
 10
137.1829555822968
 20
55.06304211071565
 30
0.0
 41
2.0
 42
2.0
 43
2.0
 50
90.0
  0
INSERT
  5
13D4
330
13C2
100
AcDbEntity
  8
DIM
 62
     0
370
    -2
100
AcDbBlockReference
  2
_FILLED
 10
137.1829555822968
 20
38.42804211052564
 30
0.0
 41
2.0
 42
2.0
 43
2.0
 50
270.0
  0
MTEXT
  5
13D5
330
13C2
100
AcDbEntity
  8
DIM
100
AcDbMText
 10
137.1829555822968
 20
46.74554211062065
 30
0.0
 40
2.5
 41
0.0
 46
0.0
 71
     5
 72
     1
  1
\A1;16.64
 11
0.0
 21
1.0
 31
0.0
 73
     1
 44
1.0
1001
ACAD
1000
MTEXTBEGIN
1070
    73
1070
     1
1070
    44
1040
1.0
1070
    74
1070
     0
1000
MTEXTEND
  0
POINT
  5
13D6
330
13C2
100
AcDbEntity
  8
Defpoints
 62
     0
100
AcDbPoint
 10
151.0520120115619
 20
55.06304211071565
 30
0.0
  0
POINT
  5
13D7
330
13C2
100
AcDbEntity
  8
Defpoints
 62
     0
100
AcDbPoint
 10
150.4220120117219
 20
38.42804211052564
 30
0.0
  0
POINT
  5
13D8
330
13C2
100
AcDbEntity
  8
Defpoints
 62
     0
100
AcDbPoint
 10
137.1829555822968
 20
38.42804211052564
 30
0.0
  0
ENDBLK
  5
13CE
330
13C2
100
AcDbEntity
  8
DIM
100
AcDbBlockEnd
  0
BLOCK
  5
13E7
330
13DC
100
AcDbEntity
  8
DIM
100
AcDbBlockBegin
  2
*D15
 70
     1
 10
0.0
 20
0.0
 30
0.0
  3
*D15
  1

  0
LINE
  5
13E9
330
13DC
100
AcDbEntity
  8
DIM
 62
     0
370
    -2
100
AcDbLine
 10
199.6245120119418
 20
48.06304211023567
 30
0.0
 11
206.9804750191345
 21
48.06304211023567
 31
0.0
  0
LINE
  5
13EA
330
13DC
100
AcDbEntity
  8
DIM
 62
     0
370
    -2
100
AcDbLine
 10
220.9867003049419
 20
55.05968792387566
 30
0.0
 11
206.7304750191345
 21
55.05968792387566
 31
0.0
  0
LINE
  5
13EB
330
13DC
100
AcDbEntity
  8
DIM
 62
     0
370
    -2
100
AcDbLine
 10
206.8554750191344
 20
46.06304211023567
 30
0.0
 11
206.8554750191344
 21
44.06304211023567
 31
0.0
  0
LINE
  5
13EC
330
13DC
100
AcDbEntity
  8
DIM
 62
     0
370
    -2
100
AcDbLine
 10
206.8554750191344
 20
57.05968792387565
 30
0.0
 11
206.8554750191344
 21
59.05968792387565
 31
0.0
  0
INSERT
  5
13ED
330
13DC
100
AcDbEntity
  8
DIM
 62
     0
370
    -2
100
AcDbBlockReference
  2
_FILLED
 10
206.8554750191344
 20
48.06304211023567
 30
0.0
 41
2.0
 42
2.0
 43
2.0
 50
90.0
  0
INSERT
  5
13EE
330
13DC
100
AcDbEntity
  8
DIM
 62
     0
370
    -2
100
AcDbBlockReference
  2
_FILLED
 10
206.8554750191344
 20
55.05968792387566
 30
0.0
 41
2.0
 42
2.0
 43
2.0
 50
270.0
  0
MTEXT
  5
13EF
330
13DC
100
AcDbEntity
  8
DIM
100
AcDbMText
 10
206.8554750191344
 20
51.56136501705566
 30
0.0
 40
2.5
 41
0.0
 46
0.0
 71
     5
 72
     1
  1
\A1;7.00
 11
0.0
 21
1.0
 31
0.0
 73
     1
 44
1.0
1001
ACAD
1000
MTEXTBEGIN
1070
    73
1070
     1
1070
    44
1040
1.0
1070
    74
1070
     0
1000
MTEXTEND
  0
POINT
  5
13F0
330
13DC
100
AcDbEntity
  8
Defpoints
 62
     0
100
AcDbPoint
 10
199.5620120119419
 20
48.06304211023567
 30
0.0
  0
POINT
  5
13F1
330
13DC
100
AcDbEntity
  8
Defpoints
 62
     0
100
AcDbPoint
 10
221.0492003049419
 20
55.05968792387566
 30
0.0
  0
POINT
  5
13F2
330
13DC
100
AcDbEntity
  8
Defpoints
 62
     0
100
AcDbPoint
 10
206.8554750191344
 20
55.05968792387566
 30
0.0
  0
ENDBLK
  5
13E8
330
13DC
100
AcDbEntity
  8
DIM
100
AcDbBlockEnd
  0
BLOCK
  5
1401
330
13F6
100
AcDbEntity
  8
DIM
100
AcDbBlockBegin
  2
*D16
 70
     1
 10
0.0
 20
0.0
 30
0.0
  3
*D16
  1

  0
LINE
  5
1403
330
13F6
100
AcDbEntity
  8
DIM
 62
     0
370
    -2
100
AcDbLine
 10
88.97284175254197
 20
41.06304210975565
 30
0.0
 11
77.070172310829
 21
41.06304210975565
 31
0.0
  0
LINE
  5
1404
330
13F6
100
AcDbEntity
  8
DIM
 62
     0
370
    -2
100
AcDbLine
 10
88.97284175254197
 20
31.56304211055566
 30
0.0
 11
77.070172310829
 21
31.56304211055566
 31
0.0
  0
LINE
  5
1405
330
13F6
100
AcDbEntity
  8
DIM
 62
     0
370
    -2
100
AcDbLine
 10
77.195172310829
 20
43.06304210975565
 30
0.0
 11
77.195172310829
 21
45.06304210975565
 31
0.0
  0
LINE
  5
1406
330
13F6
100
AcDbEntity
  8
DIM
 62
     0
370
    -2
100
AcDbLine
 10
77.195172310829
 20
29.56304211055566
 30
0.0
 11
77.195172310829
 21
27.56304211055566
 31
0.0
  0
INSERT
  5
1407
330
13F6
100
AcDbEntity
  8
DIM
 62
     0
370
    -2
100
AcDbBlockReference
  2
_FILLED
 10
77.195172310829
 20
41.06304210975565
 30
0.0
 41
2.0
 42
2.0
 43
2.0
 50
270.0
  0
INSERT
  5
1408
330
13F6
100
AcDbEntity
  8
DIM
 62
     0
370
    -2
100
AcDbBlockReference
  2
_FILLED
 10
77.195172310829
 20
31.56304211055566
 30
0.0
 41
2.0
 42
2.0
 43
2.0
 50
90.0
  0
MTEXT
  5
1409
330
13F6
100
AcDbEntity
  8
DIM
100
AcDbMText
 10
77.195172310829
 20
36.31304211015566
 30
0.0
 40
2.5
 41
0.0
 46
0.0
 71
     5
 72
     1
  1
\A1;9.50
 11
0.0
 21
1.0
 31
0.0
 73
     1
 44
1.0
1001
ACAD
1000
MTEXTBEGIN
1070
    73
1070
     1
1070
    44
1040
1.0
1070
    74
1070
     0
1000
MTEXTEND
  0
POINT
  5
140A
330
13F6
100
AcDbEntity
  8
Defpoints
 62
     0
100
AcDbPoint
 10
89.03534175254197
 20
41.06304210975565
 30
0.0
  0
POINT
  5
140B
330
13F6
100
AcDbEntity
  8
Defpoints
 62
     0
100
AcDbPoint
 10
89.03534175254197
 20
31.56304211055566
 30
0.0
  0
POINT
  5
140C
330
13F6
100
AcDbEntity
  8
Defpoints
 62
     0
100
AcDbPoint
 10
77.195172310829
 20
31.56304211055566
 30
0.0
  0
ENDBLK
  5
1402
330
13F6
100
AcDbEntity
  8
DIM
100
AcDbBlockEnd
  0
BLOCK
  5
141B
330
1410
100
AcDbEntity
  8
DIM
100
AcDbBlockBegin
  2
*D17
 70
     1
 10
0.0
 20
0.0
 30
0.0
  3
*D17
  1

  0
LINE
  5
141D
330
1410
100
AcDbEntity
  8
DIM
 62
     0
370
    -2
100
AcDbLine
 10
88.97284175254197
 20
31.56304211055566
 30
0.0
 11
77.070172310829
 21
31.56304211055566
 31
0.0
  0
LINE
  5
141E
330
1410
100
AcDbEntity
  8
DIM
 62
     0
370
    -2
100
AcDbLine
 10
89.38284415326194
 20
18.06304211035564
 30
0.0
 11
77.070172310829
 21
18.06304211035564
 31
0.0
  0
LINE
  5
141F
330
1410
100
AcDbEntity
  8
DIM
 62
     0
370
    -2
100
AcDbLine
 10
77.195172310829
 20
29.56304211055566
 30
0.0
 11
77.195172310829
 21
28.40304211045565
 31
0.0
  0
LINE
  5
1420
330
1410
100
AcDbEntity
  8
DIM
 62
     0
370
    -2
100
AcDbLine
 10
77.195172310829
 20
20.06304211035564
 30
0.0
 11
77.195172310829
 21
21.22304211045564
 31
0.0
  0
INSERT
  5
1421
330
1410
100
AcDbEntity
  8
DIM
 62
     0
370
    -2
100
AcDbBlockReference
  2
_FILLED
 10
77.195172310829
 20
31.56304211055566
 30
0.0
 41
2.0
 42
2.0
 43
2.0
 50
90.0
  0
INSERT
  5
1422
330
1410
100
AcDbEntity
  8
DIM
 62
     0
370
    -2
100
AcDbBlockReference
  2
_FILLED
 10
77.195172310829
 20
18.06304211035564
 30
0.0
 41
2.0
 42
2.0
 43
2.0
 50
270.0
  0
MTEXT
  5
1423
330
1410
100
AcDbEntity
  8
DIM
100
AcDbMText
 10
77.195172310829
 20
24.81304211045565
 30
0.0
 40
2.5
 41
0.0
 46
0.0
 71
     5
 72
     1
  1
\A1;13.50
 11
0.0
 21
1.0
 31
0.0
 73
     1
 44
1.0
1001
ACAD
1000
MTEXTBEGIN
1070
    73
1070
     1
1070
    44
1040
1.0
1070
    74
1070
     0
1000
MTEXTEND
  0
POINT
  5
1424
330
1410
100
AcDbEntity
  8
Defpoints
 62
     0
100
AcDbPoint
 10
89.03534175254197
 20
31.56304211055566
 30
0.0
  0
POINT
  5
1425
330
1410
100
AcDbEntity
  8
Defpoints
 62
     0
100
AcDbPoint
 10
89.44534415326193
 20
18.06304211035564
 30
0.0
  0
POINT
  5
1426
330
1410
100
AcDbEntity
  8
Defpoints
 62
     0
100
AcDbPoint
 10
77.195172310829
 20
18.06304211035564
 30
0.0
  0
ENDBLK
  5
141C
330
1410
100
AcDbEntity
  8
DIM
100
AcDbBlockEnd
  0
BLOCK
  5
1435
330
142A
100
AcDbEntity
  8
DIM
100
AcDbBlockBegin
  2
*D18
 70
     1
 10
0.0
 20
0.0
 30
0.0
  3
*D18
  1

  0
LINE
  5
1441
330
142A
100
AcDbEntity
  8
DIM
 62
     0
370
    -2
100
AcDbLine
 10
89.38284415072201
 20
3.022858313465647
 30
0.0
 11
77.070172310829
 21
3.022858313465648
 31
0.0
  0
LINE
  5
1442
330
142A
100
AcDbEntity
  8
DIM
 62
     0
370
    -2
100
AcDbLine
 10
77.13267231082901
 20
18.06304211035564
 30
0.0
 11
77.070172310829
 21
18.06304211035564
 31
0.0
  0
LINE
  5
1443
330
142A
100
AcDbEntity
  8
DIM
 62
     0
370
    -2
100
AcDbLine
 10
77.195172310829
 20
5.022858313465648
 30
0.0
 11
77.195172310829
 21
7.952950211910632
 31
0.0
  0
LINE
  5
1444
330
142A
100
AcDbEntity
  8
DIM
 62
     0
370
    -2
100
AcDbLine
 10
77.195172310829
 20
16.06304211035564
 30
0.0
 11
77.195172310829
 21
13.13295021191064
 31
0.0
  0
INSERT
  5
1445
330
142A
100
AcDbEntity
  8
DIM
 62
     0
370
    -2
100
AcDbBlockReference
  2
_FILLED
 10
77.195172310829
 20
3.022858313465648
 30
0.0
 41
2.0
 42
2.0
 43
2.0
 50
270.0
  0
INSERT
  5
1446
330
142A
100
AcDbEntity
  8
DIM
 62
     0
370
    -2
100
AcDbBlockReference
  2
_FILLED
 10
77.195172310829
 20
18.06304211035564
 30
0.0
 41
2.0
 42
2.0
 43
2.0
 50
90.0
  0
MTEXT
  5
1447
330
142A
100
AcDbEntity
  8
DIM
100
AcDbMText
 10
77.195172310829
 20
10.54295021191064
 30
0.0
 40
2.5
 41
0.0
 46
0.0
 71
     5
 72
     1
  1
\A1;15.0
 11
0.0
 21
1.0
 31
0.0
 73
     1
 44
1.0
1001
ACAD
1000
MTEXTBEGIN
1070
    73
1070
     1
1070
    44
1040
1.0
1070
    74
1070
     0
1000
MTEXTEND
  0
POINT
  5
1448
330
142A
100
AcDbEntity
  8
Defpoints
 62
     0
100
AcDbPoint
 10
89.44534415072201
 20
3.022858313465647
 30
0.0
  0
POINT
  5
1449
330
142A
100
AcDbEntity
  8
Defpoints
 62
     0
100
AcDbPoint
 10
77.195172310829
 20
18.06304211035564
 30
0.0
  0
POINT
  5
144A
330
142A
100
AcDbEntity
  8
Defpoints
 62
     0
100
AcDbPoint
 10
77.195172310829
 20
18.06304211035564
 30
0.0
  0
ENDBLK
  5
1436
330
142A
100
AcDbEntity
  8
DIM
100
AcDbBlockEnd
  0
BLOCK
  5
1459
330
144E
100
AcDbEntity
  8
DIM
100
AcDbBlockBegin
  2
*D19
 70
     1
 10
0.0
 20
0.0
 30
0.0
  3
*D19
  1

  0
LINE
  5
145B
330
144E
100
AcDbEntity
  8
DIM
 62
     0
370
    -2
100
AcDbLine
 10
88.52284175338201
 20
41.06304210975565
 30
0.0
 11
77.070172310829
 21
41.06304210975565
 31
0.0
  0
LINE
  5
145C
330
144E
100
AcDbEntity
  8
DIM
 62
     0
370
    -2
100
AcDbLine
 10
97.47284175276195
 20
61.31304211005567
 30
0.0
 11
77.070172310829
 21
61.31304211005567
 31
0.0
  0
LINE
  5
145D
330
144E
100
AcDbEntity
  8
DIM
 62
     0
370
    -2
100
AcDbLine
 10
77.195172310829
 20
43.06304210975565
 30
0.0
 11
77.195172310829
 21
47.26470877657232
 31
0.0
  0
LINE
  5
145E
330
144E
100
AcDbEntity
  8
DIM
 62
     0
370
    -2
100
AcDbLine
 10
77.195172310829
 20
59.31304211005567
 30
0.0
 11
77.195172310829
 21
55.11137544323901
 31
0.0
  0
INSERT
  5
145F
330
144E
100
AcDbEntity
  8
DIM
 62
     0
370
    -2
100
AcDbBlockReference
  2
_FILLED
 10
77.195172310829
 20
41.06304210975565
 30
0.0
 41
2.0
 42
2.0
 43
2.0
 50
270.0
  0
INSERT
  5
1460
330
144E
100
AcDbEntity
  8
DIM
 62
     0
370
    -2
100
AcDbBlockReference
  2
_FILLED
 10
77.195172310829
 20
61.31304211005567
 30
0.0
 41
2.0
 42
2.0
 43
2.0
 50
90.0
  0
MTEXT
  5
1461
330
144E
100
AcDbEntity
  8
DIM
100
AcDbMText
 10
77.195172310829
 20
51.18804210990567
 30
0.0
 40
2.5
 41
0.0
 46
0.0
 71
     5
 72
     1
  1
\A1;20.25
 11
0.0
 21
1.0
 31
0.0
 73
     1
 44
1.0
1001
ACAD
1000
MTEXTBEGIN
1070
    73
1070
     1
1070
    44
1040
1.0
1070
    74
1070
     0
1000
MTEXTEND
  0
POINT
  5
1462
330
144E
100
AcDbEntity
  8
Defpoints
 62
     0
100
AcDbPoint
 10
88.58534175338201
 20
41.06304210975565
 30
0.0
  0
POINT
  5
1463
330
144E
100
AcDbEntity
  8
Defpoints
 62
     0
100
AcDbPoint
 10
97.53534175276195
 20
61.31304211005567
 30
0.0
  0
POINT
  5
1464
330
144E
100
AcDbEntity
  8
Defpoints
 62
     0
100
AcDbPoint
 10
77.195172310829
 20
61.31304211005567
 30
0.0
  0
ENDBLK
  5
145A
330
144E
100
AcDbEntity
  8
DIM
100
AcDbBlockEnd
  0
ENDSEC
  0
SECTION
  2
ENTITIES
  0
LINE
  5
65F
330
231
100
AcDbEntity
  8
0
  6
Continuous
 62
     7
100
AcDbLine
 10
-67.11859432351804
 20
-25.06301351950432
 30
0.0
 11
-81.32121228347802
 21
-25.18695788934434
 31
0.0
  0
LINE
  5
660
330
231
100
AcDbEntity
  8
0
  6
Continuous
 62
     7
100
AcDbLine
 10
-67.11859432351804
 20
-23.56307063674436
 30
0.0
 11
-81.32121228347802
 21
-23.68701500404433
 31
0.0
  0
LINE
  5
661
330
231
100
AcDbEntity
  8
0
  6
Continuous
 62
     7
100
AcDbLine
 10
-66.82121228429799
 20
-23.56307063674436
 30
0.0
 11
-67.11859432351804
 21
-23.56307063674436
 31
0.0
  0
LINE
  5
662
330
231
100
AcDbEntity
  8
0
  6
Continuous
 62
     7
100
AcDbLine
 10
-81.32121228347802
 20
-25.18695788934434
 30
0.0
 11
-81.32121228347802
 21
61.31304211005567
 31
0.0
  0
LINE
  5
663
330
231
100
AcDbEntity
  8
0
  6
Continuous
 62
     7
100
AcDbLine
 10
-67.11859432351804
 20
59.68915485745566
 30
0.0
 11
-67.11859432351804
 21
-23.56307063674436
 31
0.0
  0
LINE
  5
664
330
231
100
AcDbEntity
  8
0
  6
Continuous
 62
     7
100
AcDbLine
 10
-66.82121228429799
 20
60.88910916315566
 30
0.0
 11
-66.82121228429799
 21
-24.76302494498432
 31
0.0
  0
LINE
  5
665
330
231
100
AcDbEntity
  8
0
  6
Continuous
 62
     7
100
AcDbLine
 10
-66.82121228429799
 20
59.68915485745566
 30
0.0
 11
-67.11859432351804
 21
59.68915485745566
 31
0.0
  0
LINE
  5
666
330
231
100
AcDbEntity
  8
0
  6
Continuous
 62
     7
100
AcDbLine
 10
-81.32121228347802
 20
59.81309922475566
 30
0.0
 11
-67.11859432351804
 21
59.68915485745566
 31
0.0
  0
LINE
  5
667
330
231
100
AcDbEntity
  8
0
  6
Continuous
 62
     7
100
AcDbLine
 10
-67.11859432351804
 20
61.18909774021566
 30
0.0
 11
-81.32121228347802
 21
61.31304211005567
 31
0.0
  0
LINE
  5
668
330
231
100
AcDbEntity
  8
0
  6
Continuous
 62
     7
100
AcDbLine
 10
-23.66986723079799
 20
-23.68701500404433
 30
0.0
 11
-23.66986723079799
 21
59.81309922475566
 31
0.0
  0
LINE
  5
669
330
231
100
AcDbEntity
  8
0
  6
Continuous
 62
     7
100
AcDbLine
 10
-23.54592286349799
 20
59.68915485745566
 30
0.0
 11
-23.54592286349799
 21
-23.56307063674436
 31
0.0
  0
LINE
  5
66A
330
231
100
AcDbEntity
  8
0
  6
Continuous
 62
     7
100
AcDbLine
 10
-23.24593428643806
 20
59.68915485745566
 30
0.0
 11
-23.24593428643806
 21
-23.56307063674436
 31
0.0
  0
LINE
  5
66B
330
231
100
AcDbEntity
  8
0
  6
Continuous
 62
     7
100
AcDbLine
 10
-22.57859476513801
 20
-23.63695789054435
 30
0.0
 11
-22.57859476513801
 21
59.76304211125565
 31
0.0
  0
LINE
  5
66C
330
231
100
AcDbEntity
  8
0
  6
Continuous
 62
     7
100
AcDbLine
 10
-22.55415767405799
 20
-23.63695789054435
 30
0.0
 11
-22.55415767405799
 21
59.76304211125565
 31
0.0
  0
LINE
  5
66D
330
231
100
AcDbEntity
  8
SURFACE
  6
Continuous
 62
     7
100
AcDbLine
 10
-22.41986723143805
 20
-23.63195789038434
 30
0.0
 11
-22.41986723143805
 21
59.76804210887564
 31
0.0
  0
LINE
  5
66E
330
231
100
AcDbEntity
  8
BODY
  6
Continuous
 62
     7
100
AcDbLine
 10
-22.41986723143805
 20
-23.63195789038434
 30
0.0
 11
-22.41986723143805
 21
59.76804210887564
 31
0.0
  0
LINE
  5
66F
330
231
100
AcDbEntity
  8
0
  6
Continuous
 62
     7
100
AcDbLine
 10
-22.119867231998
 20
60.22176964185565
 30
0.0
 11
-22.119867231998
 21
60.19733255077565
 31
0.0
  0
LINE
  5
670
330
231
100
AcDbEntity
  8
0
  6
Continuous
 62
     7
100
AcDbLine
 10
-22.119867231998
 20
-24.07124833260434
 30
0.0
 11
-22.119867231998
 21
-24.09568542114434
 31
0.0
  0
LINE
  5
671
330
231
100
AcDbEntity
  8
0
  6
Continuous
 62
     7
100
AcDbLine
 10
-22.04597997819803
 20
-24.76302494498432
 30
0.0
 11
-22.04597997819803
 21
-25.06301351950432
 31
0.0
  0
LINE
  5
672
330
231
100
AcDbEntity
  8
0
  6
Continuous
 62
     7
100
AcDbLine
 10
-22.04597997819803
 20
60.88910916315566
 30
0.0
 11
-22.04597997819803
 21
61.18909774021566
 31
0.0
  0
LINE
  5
673
330
231
100
AcDbEntity
  8
0
  6
Continuous
 62
     7
100
AcDbLine
 10
15.65058366586197
 20
-25.16935187172436
 30
0.0
 11
15.580132767902
 21
-25.18695788934434
 31
0.0
  0
LINE
  5
674
330
231
100
AcDbEntity
  8
0
  6
Continuous
 62
     7
100
AcDbLine
 10
61.33018988330196
 20
-25.18695788934434
 30
0.0
 11
23.58013276736199
 21
-25.18695788934434
 31
0.0
  0
LINE
  5
675
330
231
100
AcDbEntity
  8
0
  6
Continuous
 62
     7
100
AcDbLine
 10
15.580132767902
 20
-25.18695788934434
 30
0.0
 11
-22.16992434803797
 21
-25.18695788934434
 31
0.0
  0
LINE
  5
676
330
231
100
AcDbEntity
  8
0
  6
Continuous
 62
     7
100
AcDbLine
 10
16.150279079982
 20
-25.16514071936433
 30
0.0
 11
23.00998645782198
 21
-25.16514071936433
 31
0.0
  0
LINE
  5
677
330
231
100
AcDbEntity
  8
0
  6
Continuous
 62
     7
100
AcDbLine
 10
-22.04597997819803
 20
-25.06301351950432
 30
0.0
 11
61.20624551346196
 21
-25.06301351950432
 31
0.0
  0
LINE
  5
678
330
231
100
AcDbEntity
  8
0
  6
Continuous
 62
     7
100
AcDbLine
 10
-22.04597997819803
 20
-24.76302494498432
 30
0.0
 11
61.20624551346196
 21
-24.76302494498432
 31
0.0
  0
LINE
  5
679
330
231
100
AcDbEntity
  8
0
  6
Continuous
 62
     7
100
AcDbLine
 10
61.28013276726187
 20
-24.09568542114434
 30
0.0
 11
-22.119867231998
 21
-24.09568542114434
 31
0.0
  0
LINE
  5
67A
330
231
100
AcDbEntity
  8
0
  6
Continuous
 62
     7
100
AcDbLine
 10
61.28013276726187
 20
-24.07124833260434
 30
0.0
 11
58.00961110156191
 21
-24.07124828180434
 31
0.0
  0
LINE
  5
67B
330
231
100
AcDbEntity
  8
0
  6
Continuous
 62
     7
100
AcDbLine
 10
-18.84933364607798
 20
-24.07124821322435
 30
0.0
 11
-22.119867231998
 21
-24.07124833260434
 31
0.0
  0
LINE
  5
67C
330
231
100
AcDbEntity
  8
0
  6
Continuous
 62
     7
100
AcDbLine
 10
-18.170352042398
 20
-24.06989708308436
 30
0.0
 11
57.33069695266204
 21
-24.06989714658437
 31
0.0
  0
LINE
  5
67D
330
231
100
AcDbEntity
  8
SURFACE
  6
Continuous
 62
     7
100
AcDbLine
 10
61.28013276726187
 20
-23.93195788982433
 30
0.0
 11
-22.119867231998
 21
-23.93195788982433
 31
0.0
  0
LINE
  5
67E
330
231
100
AcDbEntity
  8
BODY
  6
Continuous
 62
     7
100
AcDbLine
 10
61.28013276726187
 20
-23.93195788982433
 30
0.0
 11
-22.119867231998
 21
-23.93195788982433
 31
0.0
  0
LINE
  5
67F
330
231
100
AcDbEntity
  8
0
  6
Continuous
 62
     7
100
AcDbLine
 10
-22.57859476513801
 20
-23.63695789054435
 30
0.0
 11
-22.55415767405799
 21
-23.63695789054435
 31
0.0
  0
LINE
  5
680
330
231
100
AcDbEntity
  8
0
  6
Continuous
 62
     7
100
AcDbLine
 10
61.71442320932198
 20
-23.63695789054435
 30
0.0
 11
61.73886030040193
 21
-23.63695789054435
 31
0.0
  0
LINE
  5
681
330
231
100
AcDbEntity
  8
0
  6
Continuous
 62
     7
100
AcDbLine
 10
-23.24593428643806
 20
-23.56307063674436
 30
0.0
 11
-23.54592286349799
 21
-23.56307063674436
 31
0.0
  0
LINE
  5
682
330
231
100
AcDbEntity
  8
0
  6
Continuous
 62
     7
100
AcDbLine
 10
62.40619982170193
 20
-23.56307063674436
 30
0.0
 11
62.70618839876198
 21
-23.56307063674436
 31
0.0
  0
LINE
  5
683
330
231
100
AcDbEntity
  8
0
  6
Continuous
 62
     7
100
AcDbLine
 10
23.58013276736199
 20
-25.18695788934434
 30
0.0
 11
23.509682039582
 21
-25.16935191490432
 31
0.0
  0
LINE
  5
684
330
231
100
AcDbEntity
  8
0
  6
Continuous
 62
     7
100
AcDbLine
 10
-18.17035197127808
 20
-24.06989329848435
 30
0.0
 11
-18.17040138951808
 21
-23.93195788982433
 31
0.0
  0
LINE
  5
685
330
231
100
AcDbEntity
  8
SURFACE
  6
Continuous
 62
     7
100
AcDbLine
 10
-16.68486723079803
 20
54.32804211005566
 30
0.0
 11
-16.68486723079803
 21
-18.20195788934436
 31
0.0
  0
LINE
  5
686
330
231
100
AcDbEntity
  8
BODY
  6
Continuous
 62
     7
100
AcDbLine
 10
-16.68486723079803
 20
54.32804211005566
 30
0.0
 11
-16.68486723079803
 21
-18.20195788934436
 31
0.0
  0
LINE
  5
687
330
231
100
AcDbEntity
  8
SURFACE
  6
Continuous
 62
     7
100
AcDbLine
 10
-16.68486723079803
 20
-18.20195788934436
 30
0.0
 11
55.84513276860201
 21
-18.20195788934436
 31
0.0
  0
LINE
  5
688
102
{ACAD_REACTORS
330
1246
102
}
330
231
100
AcDbEntity
  8
BODY
  6
Continuous
 62
     7
100
AcDbLine
 10
-16.68486723079803
 20
-18.20195788934436
 30
0.0
 11
55.84513276860201
 21
-18.20195788934436
 31
0.0
  0
LINE
  5
689
330
231
100
AcDbEntity
  8
0
  6
Continuous
 62
     7
100
AcDbLine
 10
62.79199637802197
 20
-0.1671416857443546
 30
0.0
 11
62.75953242974196
 21
-0.1671416857443546
 31
0.0
  0
LINE
  5
68A
330
231
100
AcDbEntity
  8
0
  6
Continuous
 62
     7
100
AcDbLine
 10
62.79199637802197
 20
6.212858312675649
 30
0.0
 11
62.75953242974196
 21
6.212858312675649
 31
0.0
  0
LINE
  5
68B
330
231
100
AcDbEntity
  8
0
  6
Continuous
 62
     7
100
AcDbLine
 10
-23.54592286349799
 20
-23.56307063674436
 30
0.0
 11
-23.66986723079799
 21
-23.68701500404433
 31
0.0
  0
LINE
  5
68C
330
231
100
AcDbEntity
  8
0
  6
Continuous
 62
     7
100
AcDbLine
 10
61.20624551346196
 20
61.18909774021566
 30
0.0
 11
61.33018988330196
 21
61.31304211005567
 31
0.0
  0
LINE
  5
68D
330
231
100
AcDbEntity
  8
0
  6
Continuous
 62
     7
100
AcDbLine
 10
62.75953242974196
 20
14.87304210987565
 30
0.0
 11
62.79199637802197
 21
14.87304210987565
 31
0.0
  0
LINE
  5
68E
102
{ACAD_REACTORS
330
1275
102
}
330
231
100
AcDbEntity
  8
0
  6
Continuous
 62
     7
100
AcDbLine
 10
-23.66986723079799
 20
59.81309922475566
 30
0.0
 11
-23.54592286349799
 21
59.68915485745566
 31
0.0
  0
LINE
  5
68F
330
231
100
AcDbEntity
  8
0
  6
Continuous
 62
     7
100
AcDbLine
 10
61.20624551346196
 20
-25.06301351950432
 30
0.0
 11
61.33018988330196
 21
-25.18695788934434
 31
0.0
  0
LINE
  5
690
330
231
100
AcDbEntity
  8
0
  6
Continuous
 62
     7
100
AcDbLine
 10
-22.04597997819803
 20
-25.06301351950432
 30
0.0
 11
-22.16992434803797
 21
-25.18695788934434
 31
0.0
  0
LINE
  5
691
330
231
100
AcDbEntity
  8
0
  6
Continuous
 62
     7
100
AcDbLine
 10
62.70618839876198
 20
59.68915485745566
 30
0.0
 11
62.83013276860197
 21
59.81309922475566
 31
0.0
  0
LINE
  5
692
330
231
100
AcDbEntity
  8
0
  6
Continuous
 62
     7
100
AcDbLine
 10
62.79199637802197
 20
21.25304211083562
 30
0.0
 11
62.75953242974196
 21
21.25304211083562
 31
0.0
  0
LINE
  5
693
330
231
100
AcDbEntity
  8
0
  6
Continuous
 62
     7
100
AcDbLine
 10
-22.04597997819803
 20
61.18909774021566
 30
0.0
 11
-22.16992434803797
 21
61.31304211005567
 31
0.0
  0
LINE
  5
694
330
231
100
AcDbEntity
  8
0
  6
Continuous
 62
     7
100
AcDbLine
 10
62.70618839876198
 20
-23.56307063674436
 30
0.0
 11
62.83013276860197
 21
-23.68701500404433
 31
0.0
  0
LINE
  5
695
330
231
100
AcDbEntity
  8
0
  6
Continuous
 62
     7
100
AcDbLine
 10
62.75632659668196
 20
29.06304210929565
 30
0.0
 11
63.43013276748195
 21
29.06304210929565
 31
0.0
  0
LINE
  5
696
330
231
100
AcDbEntity
  8
0
  6
Continuous
 62
     7
100
AcDbLine
 10
62.75202730124192
 20
29.91304211109565
 30
0.0
 11
63.73013276946199
 21
29.91304211109565
 31
0.0
  0
LINE
  5
697
330
231
100
AcDbEntity
  8
0
  6
Continuous
 62
     7
100
AcDbLine
 10
62.75202730124192
 20
33.21304211001566
 30
0.0
 11
63.73013276946199
 21
33.21304211001566
 31
0.0
  0
LINE
  5
698
330
231
100
AcDbEntity
  8
0
  6
Continuous
 62
     7
100
AcDbLine
 10
62.75632659668196
 20
34.06304210927567
 30
0.0
 11
63.43013276748195
 21
34.06304210927567
 31
0.0
  0
LINE
  5
699
330
231
100
AcDbEntity
  8
0
  6
Continuous
 62
     7
100
AcDbLine
 10
62.75632659668196
 20
38.56304211103566
 30
0.0
 11
63.43013276748195
 21
38.56304211103566
 31
0.0
  0
LINE
  5
69A
330
231
100
AcDbEntity
  8
0
  6
Continuous
 62
     7
100
AcDbLine
 10
62.75202730124192
 20
39.41304211029564
 30
0.0
 11
63.73013276946199
 21
39.41304211029564
 31
0.0
  0
LINE
  5
69B
330
231
100
AcDbEntity
  8
0
  6
Continuous
 62
     7
100
AcDbLine
 10
62.75202730124192
 20
42.71304210921567
 30
0.0
 11
63.73013276946199
 21
42.71304210921567
 31
0.0
  0
LINE
  5
69C
330
231
100
AcDbEntity
  8
0
  6
Continuous
 62
     7
100
AcDbLine
 10
62.75632659668196
 20
43.56304211101565
 30
0.0
 11
63.43013276748195
 21
43.56304211101565
 31
0.0
  0
LINE
  5
69D
330
231
100
AcDbEntity
  8
0
  6
Continuous
 62
     7
100
AcDbLine
 10
57.33061236050196
 20
-23.93195788982433
 30
0.0
 11
57.33069707458202
 21
-24.06989500282435
 31
0.0
  0
LINE
  5
69E
330
231
100
AcDbEntity
  8
SURFACE
  6
Continuous
 62
     7
100
AcDbLine
 10
55.84513276860201
 20
-18.20195788934436
 30
0.0
 11
55.84513276860201
 21
54.32804211005566
 31
0.0
  0
LINE
  5
69F
330
231
100
AcDbEntity
  8
BODY
  6
Continuous
 62
     7
100
AcDbLine
 10
55.84513276860201
 20
-18.20195788934436
 30
0.0
 11
55.84513276860201
 21
54.32804211005566
 31
0.0
  0
LINE
  5
6A0
330
231
100
AcDbEntity
  8
SURFACE
  6
Continuous
 62
     7
100
AcDbLine
 10
55.84513276860201
 20
54.32804211005566
 30
0.0
 11
-16.68486723079803
 21
54.32804211005566
 31
0.0
  0
LINE
  5
6A1
102
{ACAD_REACTORS
330
122B
330
1246
102
}
330
231
100
AcDbEntity
  8
BODY
  6
Continuous
 62
     7
100
AcDbLine
 10
55.84513276860201
 20
54.32804211005566
 30
0.0
 11
-16.68486723079803
 21
54.32804211005566
 31
0.0
  0
LINE
  5
6A2
330
231
100
AcDbEntity
  8
0
  6
Continuous
 62
     7
100
AcDbLine
 10
61.20624551346196
 20
-24.76302494498432
 30
0.0
 11
61.20624551346196
 21
-25.06301351950432
 31
0.0
  0
LINE
  5
6A3
330
231
100
AcDbEntity
  8
0
  6
Continuous
 62
     7
100
AcDbLine
 10
61.20624551346196
 20
60.88910916315566
 30
0.0
 11
61.20624551346196
 21
61.18909774021566
 31
0.0
  0
LINE
  5
6A4
330
231
100
AcDbEntity
  8
0
  6
Continuous
 62
     7
100
AcDbLine
 10
61.28013276726187
 20
-24.09568542114434
 30
0.0
 11
61.28013276726187
 21
-24.07124833260434
 31
0.0
  0
LINE
  5
6A5
330
231
100
AcDbEntity
  8
0
  6
Continuous
 62
     7
100
AcDbLine
 10
61.28013276726187
 20
60.19733255077565
 30
0.0
 11
61.28013276726187
 21
60.22176964185565
 31
0.0
  0
LINE
  5
6A6
330
231
100
AcDbEntity
  8
SURFACE
  6
Continuous
 62
     7
100
AcDbLine
 10
61.58013276924197
 20
59.76804210887564
 30
0.0
 11
61.58013276924197
 21
-23.63195789038434
 31
0.0
  0
LINE
  5
6A7
330
231
100
AcDbEntity
  8
BODY
  6
Continuous
 62
     7
100
AcDbLine
 10
61.58013276924197
 20
59.76804210887564
 30
0.0
 11
61.58013276924197
 21
-23.63195789038434
 31
0.0
  0
LINE
  5
6A8
330
231
100
AcDbEntity
  8
0
  6
Continuous
 62
     7
100
AcDbLine
 10
61.71442320932198
 20
59.76304211125565
 30
0.0
 11
61.71442320932198
 21
-23.63695789054435
 31
0.0
  0
LINE
  5
6A9
330
231
100
AcDbEntity
  8
0
  6
Continuous
 62
     7
100
AcDbLine
 10
61.73886030040193
 20
59.76304211125565
 30
0.0
 11
61.73886030040193
 21
-23.63695789054435
 31
0.0
  0
LINE
  5
6AA
330
231
100
AcDbEntity
  8
0
  6
Continuous
 62
     7
100
AcDbLine
 10
62.40619982170193
 20
-23.56307063674436
 30
0.0
 11
62.40619982170193
 21
59.68915485745566
 31
0.0
  0
LINE
  5
6AB
330
231
100
AcDbEntity
  8
0
  6
Continuous
 62
     7
100
AcDbLine
 10
62.70618839876198
 20
-23.56307063674436
 30
0.0
 11
62.70618839876198
 21
59.68915485745566
 31
0.0
  0
LINE
  5
6AC
330
231
100
AcDbEntity
  8
0
  6
Continuous
 62
     7
100
AcDbLine
 10
62.75202730124192
 20
42.71304210921567
 30
0.0
 11
62.75202730124192
 21
39.41304211029564
 31
0.0
  0
LINE
  5
6AD
330
231
100
AcDbEntity
  8
0
  6
Continuous
 62
     7
100
AcDbLine
 10
62.75202730124192
 20
33.21304211001566
 30
0.0
 11
62.75202730124192
 21
29.91304211109565
 31
0.0
  0
LINE
  5
6AE
330
231
100
AcDbEntity
  8
0
  6
Continuous
 62
     7
100
AcDbLine
 10
62.75953242974196
 20
6.212858312675649
 30
0.0
 11
62.75953242974196
 21
-0.1671416857443546
 31
0.0
  0
LINE
  5
6AF
330
231
100
AcDbEntity
  8
0
  6
Continuous
 62
     7
100
AcDbLine
 10
62.75953242974196
 20
14.87304210987565
 30
0.0
 11
62.75953242974196
 21
21.25304211083562
 31
0.0
  0
LINE
  5
6B0
330
231
100
AcDbEntity
  8
0
  6
Continuous
 62
     7
100
AcDbLine
 10
62.79199637802197
 20
21.25304211083562
 30
0.0
 11
62.79199637802197
 21
14.87304210987565
 31
0.0
  0
LINE
  5
6B1
330
231
100
AcDbEntity
  8
0
  6
Continuous
 62
     7
100
AcDbLine
 10
62.79199637802197
 20
-0.1671416857443546
 30
0.0
 11
62.79199637802197
 21
6.212858312675649
 31
0.0
  0
LINE
  5
6B2
330
231
100
AcDbEntity
  8
0
  6
Continuous
 62
     7
100
AcDbLine
 10
62.83013276860197
 20
59.81309922475566
 30
0.0
 11
62.83013276860197
 21
43.56304211101565
 31
0.0
  0
LINE
  5
6B3
330
231
100
AcDbEntity
  8
0
  6
Continuous
 62
     7
100
AcDbLine
 10
62.83013276860197
 20
38.56304211103566
 30
0.0
 11
62.83013276860197
 21
34.06304210927567
 31
0.0
  0
LINE
  5
6B4
330
231
100
AcDbEntity
  8
0
  6
Continuous
 62
     7
100
AcDbLine
 10
62.83013276860197
 20
29.06304210929565
 30
0.0
 11
62.83013276860197
 21
-23.68701500404433
 31
0.0
  0
LINE
  5
6B5
330
231
100
AcDbEntity
  8
0
  6
Continuous
 62
     7
100
AcDbLine
 10
63.43013276748195
 20
43.56304211101565
 30
0.0
 11
63.43013276748195
 21
38.56304211103566
 31
0.0
  0
LINE
  5
6B6
330
231
100
AcDbEntity
  8
0
  6
Continuous
 62
     7
100
AcDbLine
 10
63.43013276748195
 20
34.06304210927567
 30
0.0
 11
63.43013276748195
 21
29.06304210929565
 31
0.0
  0
LINE
  5
6B7
330
231
100
AcDbEntity
  8
0
  6
Continuous
 62
     7
100
AcDbLine
 10
63.73013276946199
 20
43.26304210903566
 30
0.0
 11
63.73013276946199
 21
38.86304211047565
 31
0.0
  0
LINE
  5
6B8
330
231
100
AcDbEntity
  8
0
  6
Continuous
 62
     7
100
AcDbLine
 10
63.73013276946199
 20
33.76304210983565
 30
0.0
 11
63.73013276946199
 21
29.36304211127566
 31
0.0
  0
LINE
  5
6B9
330
231
100
AcDbEntity
  8
0
  6
Continuous
 62
     7
100
AcDbLine
 10
-23.24593428643806
 20
59.68915485745566
 30
0.0
 11
-23.54592286349799
 21
59.68915485745566
 31
0.0
  0
LINE
  5
6BA
330
231
100
AcDbEntity
  8
0
  6
Continuous
 62
     7
100
AcDbLine
 10
62.40619982170193
 20
59.68915485745566
 30
0.0
 11
62.70618839876198
 21
59.68915485745566
 31
0.0
  0
LINE
  5
6BB
330
231
100
AcDbEntity
  8
0
  6
Continuous
 62
     7
100
AcDbLine
 10
61.73886030040193
 20
59.76304211125565
 30
0.0
 11
61.71442320932198
 21
59.76304211125565
 31
0.0
  0
LINE
  5
6BC
330
231
100
AcDbEntity
  8
0
  6
Continuous
 62
     7
100
AcDbLine
 10
-22.55415767405799
 20
59.76304211125565
 30
0.0
 11
-22.57859476513801
 21
59.76304211125565
 31
0.0
  0
LINE
  5
6BD
330
231
100
AcDbEntity
  8
SURFACE
  6
Continuous
 62
     7
100
AcDbLine
 10
-22.119867231998
 20
60.06804211085565
 30
0.0
 11
61.28013276726187
 21
60.06804211085565
 31
0.0
  0
LINE
  5
6BE
330
231
100
AcDbEntity
  8
BODY
  6
Continuous
 62
     7
100
AcDbLine
 10
-22.119867231998
 20
60.06804211085565
 30
0.0
 11
61.28013276726187
 21
60.06804211085565
 31
0.0
  0
LINE
  5
6BF
330
231
100
AcDbEntity
  8
0
  6
Continuous
 62
     7
100
AcDbLine
 10
-22.119867231998
 20
60.19733255077565
 30
0.0
 11
61.28013276726187
 21
60.19733255077565
 31
0.0
  0
LINE
  5
6C0
330
231
100
AcDbEntity
  8
0
  6
Continuous
 62
     7
100
AcDbLine
 10
-22.119867231998
 20
60.22176964185565
 30
0.0
 11
61.28013276726187
 21
60.22176964185565
 31
0.0
  0
LINE
  5
6C1
330
231
100
AcDbEntity
  8
0
  6
Continuous
 62
     7
100
AcDbLine
 10
61.20624551346196
 20
60.88910916315566
 30
0.0
 11
-22.04597997819803
 21
60.88910916315566
 31
0.0
  0
LINE
  5
6C2
330
231
100
AcDbEntity
  8
0
  6
Continuous
 62
     7
100
AcDbLine
 10
61.20624551346196
 20
61.18909774021566
 30
0.0
 11
-22.04597997819803
 21
61.18909774021566
 31
0.0
  0
LINE
  5
6C3
330
231
100
AcDbEntity
  8
0
  6
Continuous
 62
     7
100
AcDbLine
 10
-22.16992434803797
 20
61.31304211005567
 30
0.0
 11
61.33018988330196
 21
61.31304211005567
 31
0.0
  0
LINE
  5
6C4
330
231
100
AcDbEntity
  8
0
  6
Continuous
 62
     7
100
AcDbLine
 10
83.33272379280192
 20
-25.06301351950432
 30
0.0
 11
97.53534175276195
 21
-25.18695788934434
 31
0.0
  0
LINE
  5
6C5
330
231
100
AcDbEntity
  8
0
  6
Continuous
 62
     7
100
AcDbLine
 10
83.03534175358198
 20
-23.56307063674436
 30
0.0
 11
83.33272379280192
 21
-23.56307063674436
 31
0.0
  0
LINE
  5
6C6
330
231
100
AcDbEntity
  8
0
  6
Continuous
 62
     7
100
AcDbLine
 10
83.33272379280192
 20
-23.56307063674436
 30
0.0
 11
97.53534175276195
 21
-23.68701500404433
 31
0.0
  0
LINE
  5
6C7
330
231
100
AcDbEntity
  8
0
  6
Continuous
 62
     7
100
AcDbLine
 10
83.03534175358198
 20
-24.76302494498432
 30
0.0
 11
83.03534175358198
 21
60.88910916315566
 31
0.0
  0
LINE
  5
6C8
330
231
100
AcDbEntity
  8
0
  6
Continuous
 62
     7
100
AcDbLine
 10
83.33272379280192
 20
-23.56307063674436
 30
0.0
 11
83.33272379280192
 21
59.68915485745566
 31
0.0
  0
LINE
  5
6C9
330
231
100
AcDbEntity
  8
0
  6
Continuous
 62
     7
100
AcDbLine
 10
90.02534415404198
 20
3.599993317435661
 30
0.0
 11
90.04534415214193
 21
3.571430357035666
 31
0.0
  0
LINE
  5
6CA
330
231
100
AcDbEntity
  8
0
  6
Continuous
 62
     7
100
AcDbLine
 10
90.02534415404198
 20
4.123022891135661
 30
0.0
 11
90.04534415214193
 21
4.09446255201567
 31
0.0
  0
LINE
  5
6CB
102
{ACAD_REACTORS
330
144D
102
}
330
231
100
AcDbEntity
  8
0
  6
Continuous
 62
     7
100
AcDbLine
 10
88.58534175338201
 20
42.71304210921567
 30
0.0
 11
88.58534175338201
 21
39.41304211029564
 31
0.0
  0
LINE
  5
6CC
330
231
100
AcDbEntity
  8
0
  6
Continuous
 62
     7
100
AcDbLine
 10
88.58534175338201
 20
33.21304211001566
 30
0.0
 11
88.58534175338201
 21
29.91304211109565
 31
0.0
  0
LINE
  5
6CD
330
231
100
AcDbEntity
  8
0
  6
Continuous
 62
     7
100
AcDbLine
 10
88.73534175310197
 20
42.71304210921567
 30
0.0
 11
88.73534175310197
 21
39.41304211029564
 31
0.0
  0
LINE
  5
6CE
330
231
100
AcDbEntity
  8
0
  6
Continuous
 62
     7
100
AcDbLine
 10
88.73534175310197
 20
33.21304211001566
 30
0.0
 11
88.73534175310197
 21
29.91304211109565
 31
0.0
  0
LINE
  5
6CF
102
{ACAD_REACTORS
330
13F5
102
}
330
231
100
AcDbEntity
  8
0
  6
Continuous
 62
     7
100
AcDbLine
 10
89.03534175254197
 20
42.71304210921567
 30
0.0
 11
89.03534175254197
 21
39.41304211029564
 31
0.0
  0
LINE
  5
6D0
102
{ACAD_REACTORS
330
13F5
330
140F
102
}
330
231
100
AcDbEntity
  8
0
  6
Continuous
 62
     7
100
AcDbLine
 10
89.03534175254197
 20
33.21304211001566
 30
0.0
 11
89.03534175254197
 21
29.91304211109565
 31
0.0
  0
LINE
  5
6D1
102
{ACAD_REACTORS
330
1429
102
}
330
231
100
AcDbEntity
  8
0
  6
Continuous
 62
     7
100
AcDbLine
 10
89.44534415072201
 20
6.212858312675649
 30
0.0
 11
89.44534415072201
 21
-0.1671416857443546
 31
0.0
  0
LINE
  5
6D2
102
{ACAD_REACTORS
330
140F
102
}
330
231
100
AcDbEntity
  8
0
  6
Continuous
 62
     7
100
AcDbLine
 10
89.44534415326193
 20
14.87304210987565
 30
0.0
 11
89.44534415326193
 21
21.25304211083562
 31
0.0
  0
LINE
  5
6D3
330
231
100
AcDbEntity
  8
0
  6
Continuous
 62
     7
100
AcDbLine
 10
89.585341752362
 20
38.86304211047565
 30
0.0
 11
89.585341752362
 21
38.56304211103566
 31
0.0
  0
LINE
  5
6D4
330
231
100
AcDbEntity
  8
0
  6
Continuous
 62
     7
100
AcDbLine
 10
89.585341752362
 20
29.36304211127566
 30
0.0
 11
89.585341752362
 21
29.06304210929565
 31
0.0
  0
LINE
  5
6D5
330
231
100
AcDbEntity
  8
0
  6
Continuous
 62
     7
100
AcDbLine
 10
89.585341752362
 20
33.76304210983565
 30
0.0
 11
89.585341752362
 21
34.06304210927567
 31
0.0
  0
LINE
  5
6D6
330
231
100
AcDbEntity
  8
0
  6
Continuous
 62
     7
100
AcDbLine
 10
89.585341752362
 20
43.26304210903566
 30
0.0
 11
89.585341752362
 21
43.56304211101565
 31
0.0
  0
LINE
  5
6D7
330
231
100
AcDbEntity
  8
0
  6
Continuous
 62
     7
100
AcDbLine
 10
89.63534175396205
 20
21.98332697487564
 30
0.0
 11
89.63534175396205
 21
14.14275677339563
 31
0.0
  0
LINE
  5
6D8
330
231
100
AcDbEntity
  8
0
  6
Continuous
 62
     7
100
AcDbLine
 10
89.63534175396205
 20
6.917968403595665
 30
0.0
 11
89.63534175396205
 21
-0.8722517766643704
 31
0.0
  0
LINE
  5
6D9
330
231
100
AcDbEntity
  8
0
  6
Continuous
 62
     7
100
AcDbLine
 10
89.65074174094201
 20
22.01213809581563
 30
0.0
 11
89.65074174094201
 21
21.95001625155567
 31
0.0
  0
LINE
  5
6DA
330
231
100
AcDbEntity
  8
0
  6
Continuous
 62
     7
100
AcDbLine
 10
89.65074174094201
 20
14.63808795697565
 30
0.0
 11
89.65074174094201
 21
14.61396640755566
 31
0.0
  0
LINE
  5
6DB
330
231
100
AcDbEntity
  8
0
  6
Continuous
 62
     7
100
AcDbLine
 10
89.65074174094201
 20
5.153973770555637
 30
0.0
 11
89.65074174094201
 21
5.103966433435658
 31
0.0
  0
LINE
  5
6DC
330
231
100
AcDbEntity
  8
0
  6
Continuous
 62
     7
100
AcDbLine
 10
89.65074174094201
 20
4.673068364575641
 30
0.0
 11
89.65074174094201
 21
4.658351315015664
 31
0.0
  0
LINE
  5
6DD
330
231
100
AcDbEntity
  8
0
  6
Continuous
 62
     7
100
AcDbLine
 10
89.65074174094201
 20
3.978282845335627
 30
0.0
 11
89.65074174094201
 21
3.873068364375626
 31
0.0
  0
LINE
  5
6DE
330
231
100
AcDbEntity
  8
0
  6
Continuous
 62
     7
100
AcDbLine
 10
89.65534170126199
 20
-0.9115047182243642
 30
0.0
 11
89.65534170126199
 21
-0.4269318799043447
 31
0.0
  0
LINE
  5
6DF
330
231
100
AcDbEntity
  8
0
  6
Continuous
 62
     7
100
AcDbLine
 10
89.65534170126199
 20
-0.176931879524318
 30
0.0
 11
89.65534170126199
 21
-0.1619318511043559
 31
0.0
  0
LINE
  5
6E0
330
231
100
AcDbEntity
  8
0
  6
Continuous
 62
     7
100
AcDbLine
 10
89.65534170126199
 20
6.473068117375646
 30
0.0
 11
89.65534170126199
 21
6.501820444935646
 31
0.0
  0
LINE
  5
6E1
330
231
100
AcDbEntity
  8
0
  6
Continuous
 62
     7
100
AcDbLine
 10
89.65534170126199
 20
6.601820445595677
 30
0.0
 11
89.65534170126199
 21
6.957221342615667
 31
0.0
  0
LINE
  5
6E2
330
231
100
AcDbEntity
  8
0
  6
Continuous
 62
     7
100
AcDbLine
 10
89.65534170126199
 20
14.53452013769563
 30
0.0
 11
89.65534170126199
 21
14.60146360299566
 31
0.0
  0
LINE
  5
6E3
330
231
100
AcDbEntity
  8
0
  6
Continuous
 62
     7
100
AcDbLine
 10
89.66034296126196
 20
6.473067881155657
 30
0.0
 11
89.66034296126196
 21
6.967037076095635
 31
0.0
  0
LINE
  5
6E4
330
231
100
AcDbEntity
  8
0
  6
Continuous
 62
     7
100
AcDbLine
 10
89.66074174126191
 20
4.673067851495659
 30
0.0
 11
89.66074174126191
 21
4.373973770995661
 31
0.0
  0
LINE
  5
6E5
330
231
100
AcDbEntity
  8
0
  6
Continuous
 62
     7
100
AcDbLine
 10
89.66074174126191
 20
4.173067863435676
 30
0.0
 11
89.66074174126191
 21
3.978282845335627
 31
0.0
  0
LINE
  5
6E6
330
231
100
AcDbEntity
  8
0
  6
Continuous
 62
     7
100
AcDbLine
 10
89.66582174634192
 20
1.134310489095668
 30
0.0
 11
89.66582174634192
 21
1.173067637895627
 31
0.0
  0
LINE
  5
6E7
330
231
100
AcDbEntity
  8
0
  6
Continuous
 62
     7
100
AcDbLine
 10
89.66582174634192
 20
1.373067639215634
 30
0.0
 11
89.66582174634192
 21
1.673067623415647
 31
0.0
  0
LINE
  5
6E8
330
231
100
AcDbEntity
  8
0
  6
Continuous
 62
     7
100
AcDbLine
 10
89.66582175396196
 20
14.40395422661566
 30
0.0
 11
89.66582175904193
 21
14.53657880261565
 31
0.0
  0
LINE
  5
6E9
330
231
100
AcDbEntity
  8
0
  6
Continuous
 62
     7
100
AcDbLine
 10
89.66582175904193
 20
16.93808666913566
 30
0.0
 11
89.66582175904193
 21
17.23808669905565
 31
0.0
  0
LINE
  5
6EA
330
231
100
AcDbEntity
  8
0
  6
Continuous
 62
     7
100
AcDbLine
 10
89.67074174158199
 20
3.873067419495669
 30
0.0
 11
89.67074174158199
 21
3.978282842795636
 31
0.0
  0
LINE
  5
6EB
330
231
100
AcDbEntity
  8
0
  6
Continuous
 62
     7
100
AcDbLine
 10
89.67074174158199
 20
5.103966433435658
 30
0.0
 11
89.67074174158199
 21
5.173067428075654
 31
0.0
  0
LINE
  5
6EC
330
231
100
AcDbEntity
  8
0
  6
Continuous
 62
     7
100
AcDbLine
 10
89.67074174158199
 20
14.59396640691565
 30
0.0
 11
89.67074174158199
 21
14.63808625517566
 31
0.0
  0
LINE
  5
6ED
330
231
100
AcDbEntity
  8
0
  6
Continuous
 62
     7
100
AcDbLine
 10
89.67074174158199
 20
21.93001625091566
 30
0.0
 11
89.67074174158199
 21
22.04955516347567
 31
0.0
  0
LINE
  5
6EE
330
231
100
AcDbEntity
  8
0
  6
Continuous
 62
     7
100
AcDbLine
 10
89.67534415300196
 20
-0.5769675818643521
 30
0.0
 11
89.67534415300196
 21
6.623032414855657
 31
0.0
  0
LINE
  5
6EF
330
231
100
AcDbEntity
  8
0
  6
Continuous
 62
     7
100
AcDbLine
 10
89.67534415300196
 20
14.48802333965565
 30
0.0
 11
89.67534415300196
 21
21.68802332875563
 31
0.0
  0
LINE
  5
6F0
330
231
100
AcDbEntity
  8
0
  6
Continuous
 62
     7
100
AcDbLine
 10
89.72534415206196
 20
21.27771012855564
 30
0.0
 11
89.72534415206196
 21
14.89771013775564
 31
0.0
  0
LINE
  5
6F1
330
231
100
AcDbEntity
  8
0
  6
Continuous
 62
     7
100
AcDbLine
 10
89.72534415206196
 20
6.212858312675649
 30
0.0
 11
89.72534415206196
 21
-0.1671416857443546
 31
0.0
  0
LINE
  5
6F2
330
231
100
AcDbEntity
  8
0
  6
Continuous
 62
     7
100
AcDbLine
 10
89.73534175208198
 20
14.48802333965565
 30
0.0
 11
89.73534175208198
 21
14.40395422661566
 31
0.0
  0
LINE
  5
6F3
330
231
100
AcDbEntity
  8
0
  6
Continuous
 62
     7
100
AcDbLine
 10
89.73534175208198
 20
14.10395422717565
 30
0.0
 11
89.73534175208198
 21
13.97334362987564
 31
0.0
  0
LINE
  5
6F4
330
231
100
AcDbEntity
  8
0
  6
Continuous
 62
     7
100
AcDbLine
 10
89.73534175208198
 20
6.640903900575665
 30
0.0
 11
89.73534175208198
 21
6.623032414855657
 31
0.0
  0
LINE
  5
6F5
330
231
100
AcDbEntity
  8
0
  6
Continuous
 62
     7
100
AcDbLine
 10
89.78477095726191
 20
14.40395422661566
 30
0.0
 11
89.78477095726191
 21
14.10395422717565
 31
0.0
  0
LINE
  5
6F6
330
231
100
AcDbEntity
  8
0
  6
Continuous
 62
     7
100
AcDbLine
 10
89.79979901966203
 20
14.10395422971564
 30
0.0
 11
89.79979901966203
 21
14.40395422915563
 31
0.0
  0
LINE
  5
6F7
330
231
100
AcDbEntity
  8
0
  6
Continuous
 62
     7
100
AcDbLine
 10
89.86534182990197
 20
-13.01589868820437
 30
0.0
 11
89.86534182990197
 21
-12.35801708042433
 31
0.0
  0
LINE
  5
6F8
330
231
100
AcDbEntity
  8
0
  6
Continuous
 62
     7
100
AcDbLine
 10
89.86534182990197
 20
47.48410131231563
 30
0.0
 11
89.86534182990197
 21
48.14198292009564
 31
0.0
  0
LINE
  5
6F9
330
231
100
AcDbEntity
  8
0
  6
Continuous
 62
     7
100
AcDbLine
 10
89.89592854038198
 20
14.25971988465565
 30
0.0
 11
89.89592854038198
 21
14.10395422971564
 31
0.0
  0
LINE
  5
6FA
330
231
100
AcDbEntity
  8
0
  6
Continuous
 62
     7
100
AcDbLine
 10
89.90966174634195
 20
22.25782791177568
 30
0.0
 11
89.90966174634195
 21
22.14920306933561
 31
0.0
  0
LINE
  5
6FB
330
231
100
AcDbEntity
  8
0
  6
Continuous
 62
     7
100
AcDbLine
 10
89.92534415338202
 20
-0.1671416857443546
 30
0.0
 11
89.92534415338202
 21
6.212858312675649
 31
0.0
  0
LINE
  5
6FC
330
231
100
AcDbEntity
  8
0
  6
Continuous
 62
     7
100
AcDbLine
 10
89.92534415338202
 20
14.89771013775564
 30
0.0
 11
89.92534415338202
 21
21.27771012855564
 31
0.0
  0
LINE
  5
6FD
330
231
100
AcDbEntity
  8
0
  6
Continuous
 62
     7
100
AcDbLine
 10
89.94014174634191
 20
22.17968306933565
 30
0.0
 11
89.94014174634191
 21
22.25782791177568
 31
0.0
  0
LINE
  5
6FE
330
231
100
AcDbEntity
  8
0
  6
Continuous
 62
     7
100
AcDbLine
 10
89.94268175142195
 20
22.25782791177568
 30
0.0
 11
89.94268175142195
 21
22.25421158423563
 31
0.0
  0
LINE
  5
6FF
330
231
100
AcDbEntity
  8
0
  6
Continuous
 62
     7
100
AcDbLine
 10
90.02534415404198
 20
21.27771548033564
 30
0.0
 11
90.02534415404198
 21
14.89771548953564
 31
0.0
  0
LINE
  5
700
330
231
100
AcDbEntity
  8
0
  6
Continuous
 62
     7
100
AcDbLine
 10
90.02534415404198
 20
6.21286128701567
 30
0.0
 11
90.02534415404198
 21
-0.1671387088643428
 31
0.0
  0
LINE
  5
701
330
231
100
AcDbEntity
  8
0
  6
Continuous
 62
     7
100
AcDbLine
 10
90.02534415404198
 20
-1.146963713904341
 30
0.0
 11
90.02534415404198
 21
-1.066926510504316
 31
0.0
  0
LINE
  5
702
330
231
100
AcDbEntity
  8
0
  6
Continuous
 62
     7
100
AcDbLine
 10
90.02534415404198
 20
7.113073484555656
 30
0.0
 11
90.02534415404198
 21
7.193036283735636
 31
0.0
  0
LINE
  5
703
330
231
100
AcDbEntity
  8
0
  6
Continuous
 62
     7
100
AcDbLine
 10
90.02534415404198
 20
13.91803029879566
 30
0.0
 11
90.02534415404198
 21
13.99809722273565
 31
0.0
  0
LINE
  5
704
330
231
100
AcDbEntity
  8
0
  6
Continuous
 62
     7
100
AcDbLine
 10
90.02534415404198
 20
22.17809721017562
 30
0.0
 11
90.02534415404198
 21
22.25803028881563
 31
0.0
  0
LINE
  5
705
330
231
100
AcDbEntity
  8
0
  6
Continuous
 62
     7
100
AcDbLine
 10
90.04534415214193
 20
-0.171994962804348
 30
0.0
 11
90.04534415214193
 21
0.4416504037556308
 31
0.0
  0
LINE
  5
706
330
231
100
AcDbEntity
  8
0
  6
Continuous
 62
     7
100
AcDbLine
 10
90.04534415214193
 20
0.7845565784956535
 30
0.0
 11
90.04534415214193
 21
1.261444565535668
 31
0.0
  0
LINE
  5
707
330
231
100
AcDbEntity
  8
0
  6
Continuous
 62
     7
100
AcDbLine
 10
90.04534415214193
 20
1.604350740275634
 30
0.0
 11
90.04534415214193
 21
4.441650402215657
 31
0.0
  0
LINE
  5
708
330
231
100
AcDbEntity
  8
0
  6
Continuous
 62
     7
100
AcDbLine
 10
90.04534415214193
 20
4.784556576955651
 30
0.0
 11
90.04534415214193
 21
5.261444563995667
 31
0.0
  0
LINE
  5
709
330
231
100
AcDbEntity
  8
0
  6
Continuous
 62
     7
100
AcDbLine
 10
90.04534415214193
 20
5.604350738735632
 30
0.0
 11
90.04534415214193
 21
6.218005033395627
 31
0.0
  0
LINE
  5
70A
330
231
100
AcDbEntity
  8
0
  6
Continuous
 62
     7
100
AcDbLine
 10
90.04534415214193
 20
14.89297408169565
 30
0.0
 11
90.04534415214193
 21
15.50661588209564
 31
0.0
  0
LINE
  5
70B
330
231
100
AcDbEntity
  8
0
  6
Continuous
 62
     7
100
AcDbLine
 10
90.04534415214193
 20
15.84952205683564
 30
0.0
 11
90.04534415214193
 21
16.32641004387562
 31
0.0
  0
LINE
  5
70C
330
231
100
AcDbEntity
  8
0
  6
Continuous
 62
     7
100
AcDbLine
 10
90.04534415214193
 20
16.66931621861565
 30
0.0
 11
90.04534415214193
 21
19.50661587547566
 31
0.0
  0
LINE
  5
70D
330
231
100
AcDbEntity
  8
0
  6
Continuous
 62
     7
100
AcDbLine
 10
90.04534415214193
 20
19.84952205021565
 30
0.0
 11
90.04534415214193
 21
20.32641003725564
 31
0.0
  0
LINE
  5
70E
330
231
100
AcDbEntity
  8
0
  6
Continuous
 62
     7
100
AcDbLine
 10
90.04534415214193
 20
20.66931621199566
 30
0.0
 11
90.04534415214193
 21
21.28297407281565
 31
0.0
  0
LINE
  5
70F
330
231
100
AcDbEntity
  8
0
  6
Continuous
 62
     7
100
AcDbLine
 10
90.1153441518419
 20
22.23802333619563
 30
0.0
 11
90.1153441518419
 21
22.19539211843565
 31
0.0
  0
LINE
  5
710
330
231
100
AcDbEntity
  8
0
  6
Continuous
 62
     7
100
AcDbLine
 10
90.1153441518419
 20
13.98044793875564
 30
0.0
 11
90.1153441518419
 21
13.93802334237563
 31
0.0
  0
LINE
  5
711
330
231
100
AcDbEntity
  8
0
  6
Continuous
 62
     7
100
AcDbLine
 10
90.1153441518419
 20
7.173032422295648
 30
0.0
 11
90.1153441518419
 21
7.130447572235624
 31
0.0
  0
LINE
  5
712
330
231
100
AcDbEntity
  8
0
  6
Continuous
 62
     7
100
AcDbLine
 10
90.1153441518419
 20
-1.084496617604372
 30
0.0
 11
90.1153441518419
 21
-1.126967579144348
 31
0.0
  0
LINE
  5
713
330
231
100
AcDbEntity
  8
0
  6
Continuous
 62
     7
100
AcDbLine
 10
90.13534075396199
 20
25.58293393617564
 30
0.0
 11
90.13534075396199
 21
26.54315028091565
 31
0.0
  0
LINE
  5
714
330
231
100
AcDbEntity
  8
0
  6
Continuous
 62
     7
100
AcDbLine
 10
90.195344151862
 20
19.43796604579566
 30
0.0
 11
90.195344151862
 21
16.73796604829564
 31
0.0
  0
LINE
  5
715
330
231
100
AcDbEntity
  8
0
  6
Continuous
 62
     7
100
AcDbLine
 10
90.195344151862
 20
4.373000569995667
 30
0.0
 11
90.195344151862
 21
1.673000572495652
 31
0.0
  0
LINE
  5
716
330
231
100
AcDbEntity
  8
0
  6
Continuous
 62
     7
100
AcDbLine
 10
90.195344151862
 20
-0.1669994279643561
 30
0.0
 11
90.195344151862
 21
0.373000574075661
 31
0.0
  0
LINE
  5
717
330
231
100
AcDbEntity
  8
0
  6
Continuous
 62
     7
100
AcDbLine
 10
90.195344151862
 20
5.67300057095565
 30
0.0
 11
90.195344151862
 21
6.213000570455676
 31
0.0
  0
LINE
  5
718
330
231
100
AcDbEntity
  8
0
  6
Continuous
 62
     7
100
AcDbLine
 10
90.195344151862
 20
14.89796605291562
 30
0.0
 11
90.195344151862
 21
15.43796604987562
 31
0.0
  0
LINE
  5
719
330
231
100
AcDbEntity
  8
0
  6
Continuous
 62
     7
100
AcDbLine
 10
90.195344151862
 20
20.73796604421563
 30
0.0
 11
90.195344151862
 21
21.27796604371565
 31
0.0
  0
LINE
  5
71A
330
231
100
AcDbEntity
  8
0
  6
Continuous
 62
     7
100
AcDbLine
 10
90.225344152822
 20
0.9290085806756565
 30
0.0
 11
90.225344152822
 21
1.116992563355637
 31
0.0
  0
LINE
  5
71B
330
231
100
AcDbEntity
  8
0
  6
Continuous
 62
     7
100
AcDbLine
 10
90.225344152822
 20
4.929008579135654
 30
0.0
 11
90.225344152822
 21
5.116992561815635
 31
0.0
  0
LINE
  5
71C
330
231
100
AcDbEntity
  8
0
  6
Continuous
 62
     7
100
AcDbLine
 10
90.225344152822
 20
15.99397405901567
 30
0.0
 11
90.225344152822
 21
16.18195804169565
 31
0.0
  0
LINE
  5
71D
330
231
100
AcDbEntity
  8
0
  6
Continuous
 62
     7
100
AcDbLine
 10
90.225344152822
 20
19.99397405239563
 30
0.0
 11
90.225344152822
 21
20.18195803507564
 31
0.0
  0
LINE
  5
71E
330
231
100
AcDbEntity
  8
0
  6
Continuous
 62
     7
100
AcDbLine
 10
90.23534175284192
 20
47.31304210909565
 30
0.0
 11
90.23534175284192
 21
48.31304211061567
 31
0.0
  0
LINE
  5
71F
330
231
100
AcDbEntity
  8
0
  6
Continuous
 62
     7
100
AcDbLine
 10
90.42534415414195
 20
22.57803296351568
 30
0.0
 11
90.42534415414195
 21
22.55804795395565
 31
0.0
  0
LINE
  5
720
330
231
100
AcDbEntity
  8
0
  6
Continuous
 62
     7
100
AcDbLine
 10
90.42534415414195
 20
13.61804796759566
 30
0.0
 11
90.42534415414195
 21
13.59803297587564
 31
0.0
  0
LINE
  5
721
330
231
100
AcDbEntity
  8
0
  6
Continuous
 62
     7
100
AcDbLine
 10
90.42534415414195
 20
7.513037772255671
 30
0.0
 11
90.42534415414195
 21
7.493046105355631
 31
0.0
  0
LINE
  5
722
330
231
100
AcDbEntity
  8
0
  6
Continuous
 62
     7
100
AcDbLine
 10
90.42534415414195
 20
-1.446953891164355
 30
0.0
 11
90.42534415414195
 21
-1.466962225544335
 31
0.0
  0
LINE
  5
723
330
231
100
AcDbEntity
  8
0
  6
Continuous
 62
     7
100
AcDbLine
 10
90.44074174082197
 20
26.51558913715565
 30
0.0
 11
90.44074174082197
 21
25.84130518219564
 31
0.0
  0
LINE
  5
724
330
231
100
AcDbEntity
  8
0
  6
Continuous
 62
     7
100
AcDbLine
 10
90.45534182338196
 20
-12.24416651564437
 30
0.0
 11
90.45534182338196
 21
-13.12974926568435
 31
0.0
  0
LINE
  5
725
330
231
100
AcDbEntity
  8
0
  6
Continuous
 62
     7
100
AcDbLine
 10
90.47074174178197
 20
25.87130518061565
 30
0.0
 11
90.47074174178197
 21
26.49554338603565
 31
0.0
  0
LINE
  5
726
330
231
100
AcDbEntity
  8
0
  6
Continuous
 62
     7
100
AcDbLine
 10
90.52534415226189
 20
20.18195803507564
 30
0.0
 11
90.52534415226189
 21
19.99397405239563
 31
0.0
  0
LINE
  5
727
330
231
100
AcDbEntity
  8
0
  6
Continuous
 62
     7
100
AcDbLine
 10
90.52534415226189
 20
16.18195804169565
 30
0.0
 11
90.52534415226189
 21
15.99397405901567
 31
0.0
  0
LINE
  5
728
330
231
100
AcDbEntity
  8
0
  6
Continuous
 62
     7
100
AcDbLine
 10
90.52534415226189
 20
5.116992561815635
 30
0.0
 11
90.52534415226189
 21
4.929008579135654
 31
0.0
  0
LINE
  5
729
330
231
100
AcDbEntity
  8
0
  6
Continuous
 62
     7
100
AcDbLine
 10
90.52534415226189
 20
1.116992563355637
 30
0.0
 11
90.52534415226189
 21
0.9290085806756565
 31
0.0
  0
LINE
  5
72A
330
231
100
AcDbEntity
  8
0
  6
Continuous
 62
     7
100
AcDbLine
 10
90.57534415386204
 20
-1.466962225544335
 30
0.0
 11
90.57534415386204
 21
-1.446958356484344
 31
0.0
  0
LINE
  5
72B
330
231
100
AcDbEntity
  8
0
  6
Continuous
 62
     7
100
AcDbLine
 10
90.57534415386204
 20
7.49304164003567
 30
0.0
 11
90.57534415386204
 21
7.513037772255671
 31
0.0
  0
LINE
  5
72C
330
231
100
AcDbEntity
  8
0
  6
Continuous
 62
     7
100
AcDbLine
 10
90.57534415386204
 20
13.59803297587564
 30
0.0
 11
90.57534415386204
 21
13.61803993611565
 31
0.0
  0
LINE
  5
72D
330
231
100
AcDbEntity
  8
0
  6
Continuous
 62
     7
100
AcDbLine
 10
90.57534415386204
 20
22.55803992501566
 30
0.0
 11
90.57534415386204
 21
22.57803296351568
 31
0.0
  0
LINE
  5
72E
330
231
100
AcDbEntity
  8
0
  6
Continuous
 62
     7
100
AcDbLine
 10
91.615344154122
 20
-0.0158183460243322
 30
0.0
 11
91.530344153942
 21
0.0181791247156298
 31
0.0
  0
LINE
  5
72F
330
231
100
AcDbEntity
  8
0
  6
Continuous
 62
     7
100
AcDbLine
 10
90.02534415404198
 20
1.270244565715671
 30
0.0
 11
90.16561801370199
 21
1.20852406685563
 31
0.0
  0
LINE
  5
730
330
231
100
AcDbEntity
  8
0
  6
Continuous
 62
     7
100
AcDbLine
 10
92.32424870786195
 20
0.5628825692156454
 30
0.0
 11
92.52561801556192
 21
0.4742800743356384
 31
0.0
  0
LINE
  5
731
330
231
100
AcDbEntity
  8
0
  6
Continuous
 62
     7
100
AcDbLine
 10
90.28643959832198
 20
1.483118577355639
 30
0.0
 11
90.08507029062196
 21
1.571721072235646
 31
0.0
  0
LINE
  5
732
330
231
100
AcDbEntity
  8
0
  6
Continuous
 62
     7
100
AcDbLine
 10
92.58534415214199
 20
0.7757565808556422
 30
0.0
 11
92.44507029248195
 21
0.8374770797156543
 31
0.0
  0
LINE
  5
733
330
231
100
AcDbEntity
  8
0
  6
Continuous
 62
     7
100
AcDbLine
 10
90.61534181580197
 20
-13.00093213444435
 30
0.0
 11
90.61534181580197
 21
-12.37298365196435
 31
0.0
  0
LINE
  5
734
330
231
100
AcDbEntity
  8
0
  6
Continuous
 62
     7
100
AcDbLine
 10
90.70534415294195
 20
0.12795979923564
 30
0.0
 11
90.70534415294195
 21
5.917959796555663
 31
0.0
  0
LINE
  5
735
330
231
100
AcDbEntity
  8
0
  6
Continuous
 62
     7
100
AcDbLine
 10
90.70534415294195
 20
15.19289270207565
 30
0.0
 11
90.70534415294195
 21
20.98289269431564
 31
0.0
  0
LINE
  5
736
330
231
100
AcDbEntity
  8
0
  6
Continuous
 62
     7
100
AcDbLine
 10
90.77534415264194
 20
22.57803296351568
 30
0.0
 11
90.77534415264194
 21
22.55803992501566
 31
0.0
  0
LINE
  5
737
330
231
100
AcDbEntity
  8
0
  6
Continuous
 62
     7
100
AcDbLine
 10
90.77534415264194
 20
13.61803993611565
 30
0.0
 11
90.77534415264194
 21
13.59803297587564
 31
0.0
  0
LINE
  5
738
330
231
100
AcDbEntity
  8
0
  6
Continuous
 62
     7
100
AcDbLine
 10
90.77534415264194
 20
7.513037772255671
 30
0.0
 11
90.77534415264194
 21
7.49304164003567
 31
0.0
  0
LINE
  5
739
330
231
100
AcDbEntity
  8
0
  6
Continuous
 62
     7
100
AcDbLine
 10
90.77534415264194
 20
-1.446958356484344
 30
0.0
 11
90.77534415264194
 21
-1.466962225544335
 31
0.0
  0
LINE
  5
73A
330
231
100
AcDbEntity
  8
0
  6
Continuous
 62
     7
100
AcDbLine
 10
90.88534175332194
 20
38.86304211047565
 30
0.0
 11
90.88534175332194
 21
38.56304211103566
 31
0.0
  0
LINE
  5
73B
330
231
100
AcDbEntity
  8
0
  6
Continuous
 62
     7
100
AcDbLine
 10
90.88534175332194
 20
29.36304211127566
 30
0.0
 11
90.88534175332194
 21
29.06304210929565
 31
0.0
  0
LINE
  5
73C
330
231
100
AcDbEntity
  8
0
  6
Continuous
 62
     7
100
AcDbLine
 10
90.88534175332194
 20
33.76304210983565
 30
0.0
 11
90.88534175332194
 21
34.06304210927567
 31
0.0
  0
LINE
  5
73D
330
231
100
AcDbEntity
  8
0
  6
Continuous
 62
     7
100
AcDbLine
 10
90.88534175332194
 20
43.26304210903566
 30
0.0
 11
90.88534175332194
 21
43.56304211101565
 31
0.0
  0
LINE
  5
73E
330
231
100
AcDbEntity
  8
0
  6
Continuous
 62
     7
100
AcDbLine
 10
90.92534415236196
 20
-1.466962225544335
 30
0.0
 11
90.92534415236196
 21
-1.446953891164355
 31
0.0
  0
LINE
  5
73F
330
231
100
AcDbEntity
  8
0
  6
Continuous
 62
     7
100
AcDbLine
 10
90.92534415236196
 20
7.493046105355631
 30
0.0
 11
90.92534415236196
 21
7.513037772255671
 31
0.0
  0
LINE
  5
740
330
231
100
AcDbEntity
  8
0
  6
Continuous
 62
     7
100
AcDbLine
 10
90.92534415236196
 20
13.59803297587564
 30
0.0
 11
90.92534415236196
 21
13.61804796759566
 31
0.0
  0
LINE
  5
741
330
231
100
AcDbEntity
  8
0
  6
Continuous
 62
     7
100
AcDbLine
 10
90.92534415236196
 20
22.55804795395565
 30
0.0
 11
90.92534415236196
 21
22.57803296351568
 31
0.0
  0
LINE
  5
742
330
231
100
AcDbEntity
  8
0
  6
Continuous
 62
     7
100
AcDbLine
 10
90.93534415268198
 20
0.1279529564756672
 30
0.0
 11
90.93534415268198
 21
5.917952953795662
 31
0.0
  0
LINE
  5
743
330
231
100
AcDbEntity
  8
0
  6
Continuous
 62
     7
100
AcDbLine
 10
90.93534415268198
 20
15.19288038815566
 30
0.0
 11
90.93534415268198
 21
20.98288038039564
 31
0.0
  0
LINE
  5
744
330
231
100
AcDbEntity
  8
0
  6
Continuous
 62
     7
100
AcDbLine
 10
90.95534415332195
 20
21.01275796859565
 30
0.0
 11
90.95534415332195
 21
19.51288012253568
 31
0.0
  0
LINE
  5
745
330
231
100
AcDbEntity
  8
0
  6
Continuous
 62
     7
100
AcDbLine
 10
90.95534415332195
 20
19.51277672167563
 30
0.0
 11
90.95534415332195
 21
19.16277672317565
 31
0.0
  0
LINE
  5
746
330
231
100
AcDbEntity
  8
0
  6
Continuous
 62
     7
100
AcDbLine
 10
90.95534415332195
 20
18.96278738731564
 30
0.0
 11
90.95534415332195
 21
18.71278738693567
 31
0.0
  0
LINE
  5
747
330
231
100
AcDbEntity
  8
0
  6
Continuous
 62
     7
100
AcDbLine
 10
90.95534415332195
 20
18.46278739925566
 30
0.0
 11
90.95534415332195
 21
18.21278740141565
 31
0.0
  0
LINE
  5
748
330
231
100
AcDbEntity
  8
0
  6
Continuous
 62
     7
100
AcDbLine
 10
90.95534415332195
 20
17.96278739087563
 30
0.0
 11
90.95534415332195
 21
17.71278739049566
 31
0.0
  0
LINE
  5
749
330
231
100
AcDbEntity
  8
0
  6
Continuous
 62
     7
100
AcDbLine
 10
90.95534415332195
 20
17.46278739265565
 30
0.0
 11
90.95534415332195
 21
17.21278739227563
 31
0.0
  0
LINE
  5
74A
330
231
100
AcDbEntity
  8
0
  6
Continuous
 62
     7
100
AcDbLine
 10
90.95534415332195
 20
17.01277672041564
 30
0.0
 11
90.95534415332195
 21
15.51288013677566
 31
0.0
  0
LINE
  5
74B
330
231
100
AcDbEntity
  8
0
  6
Continuous
 62
     7
100
AcDbLine
 10
90.95534415332195
 20
15.51275800595567
 30
0.0
 11
90.95534415332195
 21
15.16275797697565
 31
0.0
  0
LINE
  5
74C
330
231
100
AcDbEntity
  8
0
  6
Continuous
 62
     7
100
AcDbLine
 10
90.95534415332195
 20
5.947884905615637
 30
0.0
 11
90.95534415332195
 21
4.447952812775668
 31
0.0
  0
LINE
  5
74D
330
231
100
AcDbEntity
  8
0
  6
Continuous
 62
     7
100
AcDbLine
 10
90.95534415332195
 20
4.447895335115646
 30
0.0
 11
90.95534415332195
 21
4.097895336615636
 31
0.0
  0
LINE
  5
74E
330
231
100
AcDbEntity
  8
0
  6
Continuous
 62
     7
100
AcDbLine
 10
90.95534415332195
 20
3.897901243335638
 30
0.0
 11
90.95534415332195
 21
3.647901242955668
 31
0.0
  0
LINE
  5
74F
330
231
100
AcDbEntity
  8
0
  6
Continuous
 62
     7
100
AcDbLine
 10
90.95534415332195
 20
3.397901257815647
 30
0.0
 11
90.95534415332195
 21
3.147901257435677
 31
0.0
  0
LINE
  5
750
330
231
100
AcDbEntity
  8
0
  6
Continuous
 62
     7
100
AcDbLine
 10
90.95534415332195
 20
2.897901246895628
 30
0.0
 11
90.95534415332195
 21
2.647901246515658
 31
0.0
  0
LINE
  5
751
330
231
100
AcDbEntity
  8
0
  6
Continuous
 62
     7
100
AcDbLine
 10
90.95534415332195
 20
2.397901248675651
 30
0.0
 11
90.95534415332195
 21
2.147901248295653
 31
0.0
  0
LINE
  5
752
330
231
100
AcDbEntity
  8
0
  6
Continuous
 62
     7
100
AcDbLine
 10
90.95534415332195
 20
1.947895331315635
 30
0.0
 11
90.95534415332195
 21
0.4479528193956242
 31
0.0
  0
LINE
  5
753
330
231
100
AcDbEntity
  8
0
  6
Continuous
 62
     7
100
AcDbLine
 10
90.95534415332195
 20
0.4478849378956227
 30
0.0
 11
90.95534415332195
 21
0.0978849089156313
 31
0.0
  0
LINE
  5
754
330
231
100
AcDbEntity
  8
0
  6
Continuous
 62
     7
100
AcDbLine
 10
90.99034415190198
 20
1.947952930895638
 30
0.0
 11
90.99034415190198
 21
2.147952896655652
 31
0.0
  0
LINE
  5
755
330
231
100
AcDbEntity
  8
0
  6
Continuous
 62
     7
100
AcDbLine
 10
90.99034415190198
 20
2.397952894495659
 30
0.0
 11
90.99034415190198
 21
2.647952894875629
 31
0.0
  0
LINE
  5
756
330
231
100
AcDbEntity
  8
0
  6
Continuous
 62
     7
100
AcDbLine
 10
90.99034415190198
 20
2.897952892715636
 30
0.0
 11
90.99034415190198
 21
3.147952905795648
 31
0.0
  0
LINE
  5
757
330
231
100
AcDbEntity
  8
0
  6
Continuous
 62
     7
100
AcDbLine
 10
90.99034415190198
 20
3.397952903635655
 30
0.0
 11
90.99034415190198
 21
3.64795289131564
 31
0.0
  0
LINE
  5
758
330
231
100
AcDbEntity
  8
0
  6
Continuous
 62
     7
100
AcDbLine
 10
90.99034415190198
 20
3.897952891695666
 30
0.0
 11
90.99034415190198
 21
4.097952936195639
 31
0.0
  0
LINE
  5
759
330
231
100
AcDbEntity
  8
0
  6
Continuous
 62
     7
100
AcDbLine
 10
90.99034415190198
 20
17.01288036511568
 30
0.0
 11
90.99034415190198
 21
17.21288032833564
 31
0.0
  0
LINE
  5
75A
330
231
100
AcDbEntity
  8
0
  6
Continuous
 62
     7
100
AcDbLine
 10
90.99034415190198
 20
17.46288032617565
 30
0.0
 11
90.99034415190198
 21
17.71288032655568
 31
0.0
  0
LINE
  5
75B
330
231
100
AcDbEntity
  8
0
  6
Continuous
 62
     7
100
AcDbLine
 10
90.99034415190198
 20
17.96288032439562
 30
0.0
 11
90.99034415190198
 21
18.21288033493565
 31
0.0
  0
LINE
  5
75C
330
231
100
AcDbEntity
  8
0
  6
Continuous
 62
     7
100
AcDbLine
 10
90.99034415190198
 20
18.46288033531564
 30
0.0
 11
90.99034415190198
 21
18.71288032299569
 31
0.0
  0
LINE
  5
75D
330
231
100
AcDbEntity
  8
0
  6
Continuous
 62
     7
100
AcDbLine
 10
90.99034415190198
 20
18.96288032337563
 30
0.0
 11
90.99034415190198
 21
19.16288036533567
 31
0.0
  0
LINE
  5
75E
330
231
100
AcDbEntity
  8
0
  6
Continuous
 62
     7
100
AcDbLine
 10
90.99534415206193
 20
21.38276665199567
 30
0.0
 11
90.99534415206193
 21
14.79276666209566
 31
0.0
  0
LINE
  5
75F
330
231
100
AcDbEntity
  8
0
  6
Continuous
 62
     7
100
AcDbLine
 10
90.99534415206193
 20
6.317889733295629
 30
0.0
 11
90.99534415206193
 21
-0.2721102642243522
 31
0.0
  0
LINE
  5
760
330
231
100
AcDbEntity
  8
0
  6
Continuous
 62
     7
100
AcDbLine
 10
91.00534415238195
 20
22.35771012501564
 30
0.0
 11
91.00534415238195
 21
22.25771548121565
 31
0.0
  0
LINE
  5
761
330
231
100
AcDbEntity
  8
0
  6
Continuous
 62
     7
100
AcDbLine
 10
91.00534415238195
 20
13.91771549119565
 30
0.0
 11
91.00534415238195
 21
13.81771013875564
 31
0.0
  0
LINE
  5
762
330
231
100
AcDbEntity
  8
0
  6
Continuous
 62
     7
100
AcDbLine
 10
91.00534415238195
 20
7.292858311675644
 30
0.0
 11
91.00534415238195
 21
7.192861287895652
 31
0.0
  0
LINE
  5
763
330
231
100
AcDbEntity
  8
0
  6
Continuous
 62
     7
100
AcDbLine
 10
91.00534415238195
 20
-1.147138709744353
 30
0.0
 11
91.00534415238195
 21
-1.247141684744349
 31
0.0
  0
LINE
  5
764
330
231
100
AcDbEntity
  8
0
  6
Continuous
 62
     7
100
AcDbLine
 10
91.00534415238195
 20
-1.126994960344347
 30
0.0
 11
91.00534415238195
 21
-0.9769994259443421
 31
0.0
  0
LINE
  5
765
330
231
100
AcDbEntity
  8
0
  6
Continuous
 62
     7
100
AcDbLine
 10
91.00534415238195
 20
7.023000570975653
 30
0.0
 11
91.00534415238195
 21
7.173005036015666
 31
0.0
  0
LINE
  5
766
330
231
100
AcDbEntity
  8
0
  6
Continuous
 62
     7
100
AcDbLine
 10
91.00534415238195
 20
13.93797408669565
 30
0.0
 11
91.00534415238195
 21
14.08796605239564
 31
0.0
  0
LINE
  5
767
330
231
100
AcDbEntity
  8
0
  6
Continuous
 62
     7
100
AcDbLine
 10
91.00534415238195
 20
22.08796604169564
 30
0.0
 11
91.00534415238195
 21
22.23797407289561
 31
0.0
  0
LINE
  5
768
330
231
100
AcDbEntity
  8
0
  6
Continuous
 62
     7
100
AcDbLine
 10
91.08034415224199
 20
0.0181791247156298
 30
0.0
 11
91.08034415224199
 21
6.027557144035682
 31
0.0
  0
LINE
  5
769
330
231
100
AcDbEntity
  8
0
  6
Continuous
 62
     7
100
AcDbLine
 10
91.08034415224199
 20
15.08303879427566
 30
0.0
 11
91.08034415224199
 21
21.09241680597569
 31
0.0
  0
LINE
  5
76A
330
231
100
AcDbEntity
  8
0
  6
Continuous
 62
     7
100
AcDbLine
 10
91.12534415368196
 20
22.81304210995569
 30
0.0
 11
91.12534415368196
 21
22.72801690281565
 31
0.0
  0
LINE
  5
76B
330
231
100
AcDbEntity
  8
0
  6
Continuous
 62
     7
100
AcDbLine
 10
91.12534415368196
 20
13.44801691573565
 30
0.0
 11
91.12534415368196
 21
13.31304211075564
 31
0.0
  0
LINE
  5
76C
330
231
100
AcDbEntity
  8
0
  6
Continuous
 62
     7
100
AcDbLine
 10
91.12534415368196
 20
7.77285831433565
 30
0.0
 11
91.12534415368196
 21
7.66302884387565
 31
0.0
  0
LINE
  5
76D
330
231
100
AcDbEntity
  8
0
  6
Continuous
 62
     7
100
AcDbLine
 10
91.12534415368196
 20
-1.616971153364346
 30
0.0
 11
91.12534415368196
 21
-1.727141687404355
 31
0.0
  0
LINE
  5
76E
330
231
100
AcDbEntity
  8
0
  6
Continuous
 62
     7
100
AcDbLine
 10
91.15534415210191
 20
-0.322040199924345
 30
0.0
 11
91.15534415210191
 21
-0.2721021260643397
 31
0.0
  0
LINE
  5
76F
330
231
100
AcDbEntity
  8
0
  6
Continuous
 62
     7
100
AcDbLine
 10
91.15534415210191
 20
6.31789787145567
 30
0.0
 11
91.15534415210191
 21
6.367959798255668
 31
0.0
  0
LINE
  5
770
330
231
100
AcDbEntity
  8
0
  6
Continuous
 62
     7
100
AcDbLine
 10
91.15534415210191
 20
14.74289270291564
 30
0.0
 11
91.15534415210191
 21
14.79278130011565
 31
0.0
  0
LINE
  5
771
330
231
100
AcDbEntity
  8
0
  6
Continuous
 62
     7
100
AcDbLine
 10
91.15534415210191
 20
21.38278129001566
 30
0.0
 11
91.15534415210191
 21
21.43289269347568
 31
0.0
  0
LINE
  5
772
330
231
100
AcDbEntity
  8
0
  6
Continuous
 62
     7
100
AcDbLine
 10
91.23034415196201
 20
-1.146978550044337
 30
0.0
 11
91.23034415196201
 21
-1.126981282444347
 31
0.0
  0
LINE
  5
773
330
231
100
AcDbEntity
  8
0
  6
Continuous
 62
     7
100
AcDbLine
 10
91.23034415196201
 20
-0.3221098340243316
 30
0.0
 11
91.23034415196201
 21
0.1278672746556708
 31
0.0
  0
LINE
  5
774
330
231
100
AcDbEntity
  8
0
  6
Continuous
 62
     7
100
AcDbLine
 10
91.23034415196201
 20
5.917867271975666
 30
0.0
 11
91.23034415196201
 21
6.367890161615633
 31
0.0
  0
LINE
  5
775
330
231
100
AcDbEntity
  8
0
  6
Continuous
 62
     7
100
AcDbLine
 10
91.23034415196201
 20
7.173018708835655
 30
0.0
 11
91.23034415196201
 21
7.193021445055649
 31
0.0
  0
LINE
  5
776
330
231
100
AcDbEntity
  8
0
  6
Continuous
 62
     7
100
AcDbLine
 10
91.23034415196201
 20
13.91800360847566
 30
0.0
 11
91.23034415196201
 21
13.93799868659565
 31
0.0
  0
LINE
  5
777
330
231
100
AcDbEntity
  8
0
  6
Continuous
 62
     7
100
AcDbLine
 10
91.23034415196201
 20
14.74276741233564
 30
0.0
 11
91.23034415196201
 21
15.19272623047567
 31
0.0
  0
LINE
  5
778
330
231
100
AcDbEntity
  8
0
  6
Continuous
 62
     7
100
AcDbLine
 10
91.23034415196201
 20
20.98272622017566
 30
0.0
 11
91.23034415196201
 21
21.43276740289565
 31
0.0
  0
LINE
  5
779
330
231
100
AcDbEntity
  8
0
  6
Continuous
 62
     7
100
AcDbLine
 10
91.23034415196201
 20
22.23799867025568
 30
0.0
 11
91.23034415196201
 21
22.25800359595567
 31
0.0
  0
LINE
  5
77A
330
231
100
AcDbEntity
  8
0
  6
Continuous
 62
     7
100
AcDbLine
 10
91.32534415246198
 20
13.61809319991565
 30
0.0
 11
91.32534415246198
 21
13.59808919369567
 31
0.0
  0
LINE
  5
77B
330
231
100
AcDbEntity
  8
0
  6
Continuous
 62
     7
100
AcDbLine
 10
91.32534415246198
 20
-1.727141687404355
 30
0.0
 11
91.32534415246198
 21
-1.446928747704362
 31
0.0
  0
LINE
  5
77C
330
231
100
AcDbEntity
  8
0
  6
Continuous
 62
     7
100
AcDbLine
 10
91.32534415246198
 20
7.493071248815653
 30
0.0
 11
91.32534415246198
 21
7.77285831433565
 31
0.0
  0
LINE
  5
77D
330
231
100
AcDbEntity
  8
0
  6
Continuous
 62
     7
100
AcDbLine
 10
91.32534415246198
 20
13.31304211075564
 30
0.0
 11
91.32534415246198
 21
13.59803297587564
 31
0.0
  0
LINE
  5
77E
330
231
100
AcDbEntity
  8
0
  6
Continuous
 62
     7
100
AcDbLine
 10
91.32534415246198
 20
22.55809318627564
 30
0.0
 11
91.32534415246198
 21
22.81304210995569
 31
0.0
  0
LINE
  5
77F
330
231
100
AcDbEntity
  8
0
  6
Continuous
 62
     7
100
AcDbLine
 10
91.38034415168197
 20
22.25800359595567
 30
0.0
 11
91.38034415168197
 21
22.23799867025568
 31
0.0
  0
LINE
  5
780
330
231
100
AcDbEntity
  8
0
  6
Continuous
 62
     7
100
AcDbLine
 10
91.38034415168197
 20
21.43276740289565
 30
0.0
 11
91.38034415168197
 21
20.98272621001567
 31
0.0
  0
LINE
  5
781
330
231
100
AcDbEntity
  8
0
  6
Continuous
 62
     7
100
AcDbLine
 10
91.38034415168197
 20
15.19272623047567
 30
0.0
 11
91.38034415168197
 21
14.74276741233564
 31
0.0
  0
LINE
  5
782
330
231
100
AcDbEntity
  8
0
  6
Continuous
 62
     7
100
AcDbLine
 10
91.38034415168197
 20
13.93799868659565
 30
0.0
 11
91.38034415168197
 21
13.91800360847566
 31
0.0
  0
LINE
  5
783
330
231
100
AcDbEntity
  8
0
  6
Continuous
 62
     7
100
AcDbLine
 10
91.38034415168197
 20
7.193021445055649
 30
0.0
 11
91.38034415168197
 21
7.173018708835655
 31
0.0
  0
LINE
  5
784
330
231
100
AcDbEntity
  8
0
  6
Continuous
 62
     7
100
AcDbLine
 10
91.38034415168197
 20
6.367890161615633
 30
0.0
 11
91.38034415168197
 21
5.917867261815644
 31
0.0
  0
LINE
  5
785
330
231
100
AcDbEntity
  8
0
  6
Continuous
 62
     7
100
AcDbLine
 10
91.38034415168197
 20
0.1278672746556708
 30
0.0
 11
91.38034415168197
 21
-0.3221098340243316
 31
0.0
  0
LINE
  5
786
330
231
100
AcDbEntity
  8
0
  6
Continuous
 62
     7
100
AcDbLine
 10
91.38034415168197
 20
-1.126981282444347
 30
0.0
 11
91.38034415168197
 21
-1.146978550044337
 31
0.0
  0
LINE
  5
787
330
231
100
AcDbEntity
  8
0
  6
Continuous
 62
     7
100
AcDbLine
 10
91.43534175314199
 20
29.91304211109565
 30
0.0
 11
91.43534175314199
 21
33.21304211001566
 31
0.0
  0
LINE
  5
788
330
231
100
AcDbEntity
  8
0
  6
Continuous
 62
     7
100
AcDbLine
 10
91.43534175314199
 20
39.41304211029564
 30
0.0
 11
91.43534175314199
 21
42.71304210921567
 31
0.0
  0
LINE
  5
789
330
231
100
AcDbEntity
  8
0
  6
Continuous
 62
     7
100
AcDbLine
 10
91.45534415408196
 20
21.43289269347568
 30
0.0
 11
91.45534415408196
 21
21.38276665199567
 31
0.0
  0
LINE
  5
78A
330
231
100
AcDbEntity
  8
0
  6
Continuous
 62
     7
100
AcDbLine
 10
91.45534415408196
 20
14.79278130011565
 30
0.0
 11
91.45534415408196
 21
14.74289270291564
 31
0.0
  0
LINE
  5
78B
330
231
100
AcDbEntity
  8
0
  6
Continuous
 62
     7
100
AcDbLine
 10
91.45534415408196
 20
6.367959798255668
 30
0.0
 11
91.45534415408196
 21
6.317889733295629
 31
0.0
  0
LINE
  5
78C
330
231
100
AcDbEntity
  8
0
  6
Continuous
 62
     7
100
AcDbLine
 10
91.45534415408196
 20
-0.2721021260643397
 30
0.0
 11
91.45534415408196
 21
-0.322040199924345
 31
0.0
  0
LINE
  5
78D
330
231
100
AcDbEntity
  8
0
  6
Continuous
 62
     7
100
AcDbLine
 10
91.530344153942
 20
0.0181791247156298
 30
0.0
 11
91.530344153942
 21
6.027557144035682
 31
0.0
  0
LINE
  5
78E
330
231
100
AcDbEntity
  8
0
  6
Continuous
 62
     7
100
AcDbLine
 10
91.530344153942
 20
15.08303879427566
 30
0.0
 11
91.530344153942
 21
21.09241680597569
 31
0.0
  0
LINE
  5
78F
330
231
100
AcDbEntity
  8
0
  6
Continuous
 62
     7
100
AcDbLine
 10
91.53534175380196
 20
-1.447141683524336
 30
0.0
 11
91.53534175380196
 21
-1.727141687404355
 31
0.0
  0
LINE
  5
790
330
231
100
AcDbEntity
  8
0
  6
Continuous
 62
     7
100
AcDbLine
 10
91.60534415380192
 20
22.23797407289561
 30
0.0
 11
91.60534415380192
 21
22.08796604169564
 31
0.0
  0
LINE
  5
791
330
231
100
AcDbEntity
  8
0
  6
Continuous
 62
     7
100
AcDbLine
 10
91.60534415380192
 20
14.08796605239564
 30
0.0
 11
91.60534415380192
 21
13.93797408669565
 31
0.0
  0
LINE
  5
792
330
231
100
AcDbEntity
  8
0
  6
Continuous
 62
     7
100
AcDbLine
 10
91.60534415380192
 20
7.173005036015666
 30
0.0
 11
91.60534415380192
 21
7.023000570975653
 31
0.0
  0
LINE
  5
793
330
231
100
AcDbEntity
  8
0
  6
Continuous
 62
     7
100
AcDbLine
 10
91.60534415380192
 20
-0.9769994259443421
 30
0.0
 11
91.60534415380192
 21
-1.126994960344347
 31
0.0
  0
LINE
  5
794
330
231
100
AcDbEntity
  8
0
  6
Continuous
 62
     7
100
AcDbLine
 10
91.60534415380192
 20
-1.247141684744349
 30
0.0
 11
91.60534415380192
 21
-1.147138709744353
 31
0.0
  0
LINE
  5
795
330
231
100
AcDbEntity
  8
0
  6
Continuous
 62
     7
100
AcDbLine
 10
91.60534415380192
 20
7.192861287895652
 30
0.0
 11
91.60534415380192
 21
7.292858311675644
 31
0.0
  0
LINE
  5
796
330
231
100
AcDbEntity
  8
0
  6
Continuous
 62
     7
100
AcDbLine
 10
91.60534415380192
 20
13.81771013875564
 30
0.0
 11
91.60534415380192
 21
13.91771549119565
 31
0.0
  0
LINE
  5
797
330
231
100
AcDbEntity
  8
0
  6
Continuous
 62
     7
100
AcDbLine
 10
91.60534415380192
 20
22.25771548121565
 30
0.0
 11
91.60534415380192
 21
22.35771012501564
 31
0.0
  0
LINE
  5
798
330
231
100
AcDbEntity
  8
0
  6
Continuous
 62
     7
100
AcDbLine
 10
91.615344154122
 20
-0.2721102642243522
 30
0.0
 11
91.615344154122
 21
6.317889733295629
 31
0.0
  0
LINE
  5
799
330
231
100
AcDbEntity
  8
0
  6
Continuous
 62
     7
100
AcDbLine
 10
91.615344154122
 20
14.79276666209566
 30
0.0
 11
91.615344154122
 21
21.38276665199567
 31
0.0
  0
LINE
  5
79A
330
231
100
AcDbEntity
  8
0
  6
Continuous
 62
     7
100
AcDbLine
 10
91.63534282126192
 20
13.62033897139562
 30
0.0
 11
91.63534282126192
 21
13.31599677845565
 31
0.0
  0
LINE
  5
79B
330
231
100
AcDbEntity
  8
0
  6
Continuous
 62
     7
100
AcDbLine
 10
91.63534282126192
 20
7.768106891275664
 30
0.0
 11
91.63534282126192
 21
7.490229410455668
 31
0.0
  0
LINE
  5
79C
330
231
100
AcDbEntity
  8
0
  6
Continuous
 62
     7
100
AcDbLine
 10
91.635341751922
 20
-1.722390431984337
 30
0.0
 11
91.635341751922
 21
-1.444512946084358
 31
0.0
  0
LINE
  5
79D
330
231
100
AcDbEntity
  8
0
  6
Continuous
 62
     7
100
AcDbLine
 10
91.65534415286197
 20
0.0978849089156313
 30
0.0
 11
91.65534415286197
 21
0.4478849099556613
 31
0.0
  0
LINE
  5
79E
330
231
100
AcDbEntity
  8
0
  6
Continuous
 62
     7
100
AcDbLine
 10
91.65534415286197
 20
1.597895302335643
 30
0.0
 11
91.65534415286197
 21
1.947895300835625
 31
0.0
  0
LINE
  5
79F
330
231
100
AcDbEntity
  8
0
  6
Continuous
 62
     7
100
AcDbLine
 10
91.65534415286197
 20
2.147901217815643
 30
0.0
 11
91.65534415286197
 21
2.397901218195642
 31
0.0
  0
LINE
  5
7A0
330
231
100
AcDbEntity
  8
0
  6
Continuous
 62
     7
100
AcDbLine
 10
91.65534415286197
 20
2.647901216035648
 30
0.0
 11
91.65534415286197
 21
2.897901216415647
 31
0.0
  0
LINE
  5
7A1
330
231
100
AcDbEntity
  8
0
  6
Continuous
 62
     7
100
AcDbLine
 10
91.65534415286197
 20
3.147901226955667
 30
0.0
 11
91.65534415286197
 21
3.397901227335665
 31
0.0
  0
LINE
  5
7A2
330
231
100
AcDbEntity
  8
0
  6
Continuous
 62
     7
100
AcDbLine
 10
91.65534415286197
 20
3.64790121501565
 30
0.0
 11
91.65534415286197
 21
3.897901215395648
 31
0.0
  0
LINE
  5
7A3
330
231
100
AcDbEntity
  8
0
  6
Continuous
 62
     7
100
AcDbLine
 10
91.65534415286197
 20
4.097895306135654
 30
0.0
 11
91.65534415286197
 21
4.447895304635665
 31
0.0
  0
LINE
  5
7A4
330
231
100
AcDbEntity
  8
0
  6
Continuous
 62
     7
100
AcDbLine
 10
91.65534415286197
 20
5.597884907115656
 30
0.0
 11
91.65534415286197
 21
5.947884905615637
 31
0.0
  0
LINE
  5
7A5
330
231
100
AcDbEntity
  8
0
  6
Continuous
 62
     7
100
AcDbLine
 10
91.65534415286197
 20
15.16275797697565
 30
0.0
 11
91.65534415286197
 21
15.51275797801568
 31
0.0
  0
LINE
  5
7A6
330
231
100
AcDbEntity
  8
0
  6
Continuous
 62
     7
100
AcDbLine
 10
91.65534415286197
 20
16.66277669143568
 30
0.0
 11
91.65534415286197
 21
17.01277668993566
 31
0.0
  0
LINE
  5
7A7
330
231
100
AcDbEntity
  8
0
  6
Continuous
 62
     7
100
AcDbLine
 10
91.65534415286197
 20
17.21278736179565
 30
0.0
 11
91.65534415286197
 21
17.46278736217567
 31
0.0
  0
LINE
  5
7A8
330
231
100
AcDbEntity
  8
0
  6
Continuous
 62
     7
100
AcDbLine
 10
91.65534415286197
 20
17.71278736001568
 30
0.0
 11
91.65534415286197
 21
17.96278736039562
 31
0.0
  0
LINE
  5
7A9
330
231
100
AcDbEntity
  8
0
  6
Continuous
 62
     7
100
AcDbLine
 10
91.65534415286197
 20
18.21278737093567
 30
0.0
 11
91.65534415286197
 21
18.46278737131564
 31
0.0
  0
LINE
  5
7AA
330
231
100
AcDbEntity
  8
0
  6
Continuous
 62
     7
100
AcDbLine
 10
91.65534415286197
 20
18.71278735645566
 30
0.0
 11
91.65534415286197
 21
18.96278735683563
 31
0.0
  0
LINE
  5
7AB
330
231
100
AcDbEntity
  8
0
  6
Continuous
 62
     7
100
AcDbLine
 10
91.65534415286197
 20
19.16277669269564
 30
0.0
 11
91.65534415286197
 21
19.51277669373564
 31
0.0
  0
LINE
  5
7AC
330
231
100
AcDbEntity
  8
0
  6
Continuous
 62
     7
100
AcDbLine
 10
91.65534415286197
 20
20.66275797009564
 30
0.0
 11
91.65534415286197
 21
21.01275796859565
 31
0.0
  0
LINE
  5
7AD
330
231
100
AcDbEntity
  8
0
  6
Continuous
 62
     7
100
AcDbLine
 10
91.67534415350194
 20
0.1279529564756672
 30
0.0
 11
91.67534415350194
 21
5.917952953795662
 31
0.0
  0
LINE
  5
7AE
330
231
100
AcDbEntity
  8
0
  6
Continuous
 62
     7
100
AcDbLine
 10
91.67534415350194
 20
15.19288038815566
 30
0.0
 11
91.67534415350194
 21
20.98288038039564
 31
0.0
  0
LINE
  5
7AF
330
231
100
AcDbEntity
  8
0
  6
Continuous
 62
     7
100
AcDbLine
 10
91.73534175258197
 20
29.40568859189563
 30
0.0
 11
91.73534175258197
 21
33.72039562667564
 31
0.0
  0
LINE
  5
7B0
330
231
100
AcDbEntity
  8
0
  6
Continuous
 62
     7
100
AcDbLine
 10
91.73534175258197
 20
38.90568859363566
 30
0.0
 11
91.73534175258197
 21
43.22039562841564
 31
0.0
  0
LINE
  5
7B1
330
231
100
AcDbEntity
  8
0
  6
Continuous
 62
     7
100
AcDbLine
 10
91.83534186754201
 20
7.736429481935658
 30
0.0
 11
91.83534186754201
 21
7.471371701155646
 31
0.0
  0
LINE
  5
7B2
330
231
100
AcDbEntity
  8
0
  6
Continuous
 62
     7
100
AcDbLine
 10
91.88534175230193
 20
29.91304211109565
 30
0.0
 11
91.88534175230193
 21
33.21304211001566
 31
0.0
  0
LINE
  5
7B3
330
231
100
AcDbEntity
  8
0
  6
Continuous
 62
     7
100
AcDbLine
 10
91.88534175230193
 20
39.41304211029564
 30
0.0
 11
91.88534175230193
 21
42.71304210921567
 31
0.0
  0
LINE
  5
7B4
330
231
100
AcDbEntity
  8
0
  6
Continuous
 62
     7
100
AcDbLine
 10
91.90534415324203
 20
0.12795979923564
 30
0.0
 11
91.90534415324203
 21
5.917959796555663
 31
0.0
  0
LINE
  5
7B5
330
231
100
AcDbEntity
  8
0
  6
Continuous
 62
     7
100
AcDbLine
 10
91.90534415324203
 20
15.19289270207565
 30
0.0
 11
91.90534415324203
 21
20.98289269431564
 31
0.0
  0
LINE
  5
7B6
330
231
100
AcDbEntity
  8
0
  6
Continuous
 62
     7
100
AcDbLine
 10
92.08534415392193
 20
0.9290085806756565
 30
0.0
 11
92.08534415392193
 21
1.116992563355637
 31
0.0
  0
LINE
  5
7B7
330
231
100
AcDbEntity
  8
0
  6
Continuous
 62
     7
100
AcDbLine
 10
92.08534415392193
 20
4.929008579135654
 30
0.0
 11
92.08534415392193
 21
5.116992561815635
 31
0.0
  0
LINE
  5
7B8
330
231
100
AcDbEntity
  8
0
  6
Continuous
 62
     7
100
AcDbLine
 10
92.08534415392193
 20
15.99397405901567
 30
0.0
 11
92.08534415392193
 21
16.18195804169565
 31
0.0
  0
LINE
  5
7B9
330
231
100
AcDbEntity
  8
0
  6
Continuous
 62
     7
100
AcDbLine
 10
92.08534415392193
 20
19.99397405239563
 30
0.0
 11
92.08534415392193
 21
20.18195803507564
 31
0.0
  0
LINE
  5
7BA
330
231
100
AcDbEntity
  8
0
  6
Continuous
 62
     7
100
AcDbLine
 10
92.27534415238199
 20
21.99318572579563
 30
0.0
 11
92.27534415238199
 21
21.96552442729566
 31
0.0
  0
LINE
  5
7BB
330
231
100
AcDbEntity
  8
0
  6
Continuous
 62
     7
100
AcDbLine
 10
92.27534415238199
 20
6.928208083395645
 30
0.0
 11
92.27534415238199
 21
6.900546787435644
 31
0.0
  0
LINE
  5
7BC
330
231
100
AcDbEntity
  8
0
  6
Continuous
 62
     7
100
AcDbLine
 10
92.27534415238199
 20
-0.882176476144366
 30
0.0
 11
92.27534415238199
 21
-0.8545160031443685
 31
0.0
  0
LINE
  5
7BD
330
231
100
AcDbEntity
  8
0
  6
Continuous
 62
     7
100
AcDbLine
 10
92.27534415238199
 20
14.18280117387564
 30
0.0
 11
92.27534415238199
 21
14.21046164687564
 31
0.0
  0
LINE
  5
7BE
330
231
100
AcDbEntity
  8
0
  6
Continuous
 62
     7
100
AcDbLine
 10
92.38534415336198
 20
20.18195803507564
 30
0.0
 11
92.38534415336198
 21
19.99397405239563
 31
0.0
  0
LINE
  5
7BF
330
231
100
AcDbEntity
  8
0
  6
Continuous
 62
     7
100
AcDbLine
 10
92.38534415336198
 20
16.18195804169565
 30
0.0
 11
92.38534415336198
 21
15.99397405901567
 31
0.0
  0
LINE
  5
7C0
330
231
100
AcDbEntity
  8
0
  6
Continuous
 62
     7
100
AcDbLine
 10
92.38534415336198
 20
5.116992561815635
 30
0.0
 11
92.38534415336198
 21
4.929008579135654
 31
0.0
  0
LINE
  5
7C1
330
231
100
AcDbEntity
  8
0
  6
Continuous
 62
     7
100
AcDbLine
 10
92.38534415336198
 20
1.116992563355637
 30
0.0
 11
92.38534415336198
 21
0.9290085806756565
 31
0.0
  0
LINE
  5
7C2
330
231
100
AcDbEntity
  8
0
  6
Continuous
 62
     7
100
AcDbLine
 10
92.41534415178199
 20
21.27796604371565
 30
0.0
 11
92.41534415178199
 21
20.73796604421563
 31
0.0
  0
LINE
  5
7C3
330
231
100
AcDbEntity
  8
0
  6
Continuous
 62
     7
100
AcDbLine
 10
92.41534415178199
 20
19.43796604579566
 30
0.0
 11
92.41534415178199
 21
16.73796604829564
 31
0.0
  0
LINE
  5
7C4
330
231
100
AcDbEntity
  8
0
  6
Continuous
 62
     7
100
AcDbLine
 10
92.41534415178199
 20
15.43796604987562
 30
0.0
 11
92.41534415178199
 21
14.89796605037566
 31
0.0
  0
LINE
  5
7C5
330
231
100
AcDbEntity
  8
0
  6
Continuous
 62
     7
100
AcDbLine
 10
92.41534415178199
 20
6.213000570455676
 30
0.0
 11
92.41534415178199
 21
5.67300057095565
 31
0.0
  0
LINE
  5
7C6
330
231
100
AcDbEntity
  8
0
  6
Continuous
 62
     7
100
AcDbLine
 10
92.41534415178199
 20
4.373000569995667
 30
0.0
 11
92.41534415178199
 21
1.673000572495652
 31
0.0
  0
LINE
  5
7C7
330
231
100
AcDbEntity
  8
0
  6
Continuous
 62
     7
100
AcDbLine
 10
92.41534415178199
 20
0.373000574075661
 30
0.0
 11
92.41534415178199
 21
-0.1669994279643561
 31
0.0
  0
LINE
  5
7C8
330
231
100
AcDbEntity
  8
0
  6
Continuous
 62
     7
100
AcDbLine
 10
92.56534415404201
 20
20.32641003725564
 30
0.0
 11
92.56534415404201
 21
19.84952205021565
 31
0.0
  0
LINE
  5
7C9
330
231
100
AcDbEntity
  8
0
  6
Continuous
 62
     7
100
AcDbLine
 10
92.56534415404201
 20
19.50661587547566
 30
0.0
 11
92.56534415404201
 21
16.66931621861565
 31
0.0
  0
LINE
  5
7CA
330
231
100
AcDbEntity
  8
0
  6
Continuous
 62
     7
100
AcDbLine
 10
92.56534415404201
 20
16.32641004387562
 30
0.0
 11
92.56534415404201
 21
15.84952205683564
 31
0.0
  0
LINE
  5
7CB
330
231
100
AcDbEntity
  8
0
  6
Continuous
 62
     7
100
AcDbLine
 10
92.56534415404201
 20
5.261444563995667
 30
0.0
 11
92.56534415404201
 21
4.784556576955651
 31
0.0
  0
LINE
  5
7CC
330
231
100
AcDbEntity
  8
0
  6
Continuous
 62
     7
100
AcDbLine
 10
92.56534415404201
 20
4.441650402215657
 30
0.0
 11
92.56534415404201
 21
1.604350740275634
 31
0.0
  0
LINE
  5
7CD
330
231
100
AcDbEntity
  8
0
  6
Continuous
 62
     7
100
AcDbLine
 10
92.56534415404201
 20
1.261444565535668
 30
0.0
 11
92.56534415404201
 21
0.7845565784956535
 31
0.0
  0
LINE
  5
7CE
330
231
100
AcDbEntity
  8
0
  6
Continuous
 62
     7
100
AcDbLine
 10
92.56534415404201
 20
-0.171994962804348
 30
0.0
 11
92.56534415404201
 21
0.4416504037556308
 31
0.0
  0
LINE
  5
7CF
330
231
100
AcDbEntity
  8
0
  6
Continuous
 62
     7
100
AcDbLine
 10
92.56534415404201
 20
5.604350738735632
 30
0.0
 11
92.56534415404201
 21
6.218005033395627
 31
0.0
  0
LINE
  5
7D0
330
231
100
AcDbEntity
  8
0
  6
Continuous
 62
     7
100
AcDbLine
 10
92.56534415404201
 20
14.89297408169565
 30
0.0
 11
92.56534415404201
 21
15.50661588209564
 31
0.0
  0
LINE
  5
7D1
330
231
100
AcDbEntity
  8
0
  6
Continuous
 62
     7
100
AcDbLine
 10
92.56534415404201
 20
20.66931621199566
 30
0.0
 11
92.56534415404201
 21
21.28297407281565
 31
0.0
  0
LINE
  5
7D2
330
231
100
AcDbEntity
  8
0
  6
Continuous
 62
     7
100
AcDbLine
 10
92.58534415214199
 20
-0.1671387088643428
 30
0.0
 11
92.58534415214199
 21
6.21286128701567
 31
0.0
  0
LINE
  5
7D3
330
231
100
AcDbEntity
  8
0
  6
Continuous
 62
     7
100
AcDbLine
 10
92.58534415214199
 20
14.89771548953564
 30
0.0
 11
92.58534415214199
 21
21.27771548033564
 31
0.0
  0
LINE
  5
7D4
330
231
100
AcDbEntity
  8
0
  6
Continuous
 62
     7
100
AcDbLine
 10
92.68534415280198
 20
-0.1671416857443546
 30
0.0
 11
92.68534415280198
 21
6.212858312675649
 31
0.0
  0
LINE
  5
7D5
330
231
100
AcDbEntity
  8
0
  6
Continuous
 62
     7
100
AcDbLine
 10
92.68534415280198
 20
14.89771013775564
 30
0.0
 11
92.68534415280198
 21
21.27771012855564
 31
0.0
  0
LINE
  5
7D6
330
231
100
AcDbEntity
  8
0
  6
Continuous
 62
     7
100
AcDbLine
 10
92.88534415412204
 20
-0.1671416857443546
 30
0.0
 11
92.88534415412204
 21
6.212858312675649
 31
0.0
  0
LINE
  5
7D7
330
231
100
AcDbEntity
  8
0
  6
Continuous
 62
     7
100
AcDbLine
 10
92.88534415412204
 20
14.89771013775564
 30
0.0
 11
92.88534415412204
 21
21.27771012855564
 31
0.0
  0
LINE
  5
7D8
330
231
100
AcDbEntity
  8
0
  6
Continuous
 62
     7
100
AcDbLine
 10
93.03534175354201
 20
3.445080914535651
 30
0.0
 11
93.03534175354201
 21
6.800218705135648
 31
0.0
  0
LINE
  5
7D9
330
231
100
AcDbEntity
  8
0
  6
Continuous
 62
     7
100
AcDbLine
 10
93.03534175354201
 20
14.25499948769567
 30
0.0
 11
93.03534175354201
 21
15.06304211087564
 31
0.0
  0
LINE
  5
7DA
330
231
100
AcDbEntity
  8
0
  6
Continuous
 62
     7
100
AcDbLine
 10
93.03534175354201
 20
21.06304210983566
 30
0.0
 11
93.03534175354201
 21
21.87108360779564
 31
0.0
  0
LINE
  5
7DB
330
231
100
AcDbEntity
  8
0
  6
Continuous
 62
     7
100
AcDbLine
 10
93.16534415292199
 20
21.25304211083562
 30
0.0
 11
93.16534415292199
 21
14.87304210987565
 31
0.0
  0
LINE
  5
7DC
330
231
100
AcDbEntity
  8
0
  6
Continuous
 62
     7
100
AcDbLine
 10
93.16534415546199
 20
-0.1671416857443546
 30
0.0
 11
93.16534415546199
 21
6.212858312675649
 31
0.0
  0
LINE
  5
7DD
330
231
100
AcDbEntity
  8
0
  6
Continuous
 62
     7
100
AcDbLine
 10
90.02534415404198
 20
5.270244564175669
 30
0.0
 11
90.16561801370199
 21
5.208524065315629
 31
0.0
  0
LINE
  5
7DE
330
231
100
AcDbEntity
  8
0
  6
Continuous
 62
     7
100
AcDbLine
 10
92.32424870786195
 20
4.562882567675643
 30
0.0
 11
92.52561801556192
 21
4.474280072795636
 31
0.0
  0
LINE
  5
7DF
330
231
100
AcDbEntity
  8
0
  6
Continuous
 62
     7
100
AcDbLine
 10
90.28643959832198
 20
5.483118575815637
 30
0.0
 11
90.08507029062196
 21
5.571721070695645
 31
0.0
  0
LINE
  5
7E0
330
231
100
AcDbEntity
  8
0
  6
Continuous
 62
     7
100
AcDbLine
 10
92.58534415214199
 20
4.775756576775648
 30
0.0
 11
92.44507029248195
 21
4.837477075635661
 31
0.0
  0
LINE
  5
7E1
330
231
100
AcDbEntity
  8
0
  6
Continuous
 62
     7
100
AcDbLine
 10
90.02534415404198
 20
7.113073484555656
 30
0.0
 11
90.06728711562198
 21
7.07812101699568
 31
0.0
  0
LINE
  5
7E2
330
231
100
AcDbEntity
  8
0
  6
Continuous
 62
     7
100
AcDbLine
 10
97.53534175276195
 20
-25.18695788934434
 30
0.0
 11
97.53534175276195
 21
61.31304211005567
 31
0.0
  0
LINE
  5
7E3
330
231
100
AcDbEntity
  8
0
  6
Continuous
 62
     7
100
AcDbLine
 10
90.04534415214193
 20
17.53961123189563
 30
0.0
 11
90.02534415404198
 21
17.51104827149567
 31
0.0
  0
LINE
  5
7E4
330
231
100
AcDbEntity
  8
0
  6
Continuous
 62
     7
100
AcDbLine
 10
90.04534415214193
 20
17.01657387817565
 30
0.0
 11
90.02534415404198
 21
16.98800620353566
 31
0.0
  0
LINE
  5
7E5
330
231
100
AcDbEntity
  8
0
  6
Continuous
 62
     7
100
AcDbLine
 10
91.00534415238195
 20
-1.727141687404355
 30
0.0
 11
91.60534415380192
 21
-1.727141687404355
 31
0.0
  0
LINE
  5
7E6
330
231
100
AcDbEntity
  8
0
  6
Continuous
 62
     7
100
AcDbLine
 10
90.456902594962
 20
-1.616971153364346
 30
0.0
 11
91.12534415368196
 21
-1.616971153364346
 31
0.0
  0
LINE
  5
7E7
330
231
100
AcDbEntity
  8
0
  6
Continuous
 62
     7
100
AcDbLine
 10
91.32534415246198
 20
-1.466962225544335
 30
0.0
 11
90.16249972682198
 21
-1.466962225544335
 31
0.0
  0
LINE
  5
7E8
330
231
100
AcDbEntity
  8
0
  6
Continuous
 62
     7
100
AcDbLine
 10
91.60534415380192
 20
-1.447141683524336
 30
0.0
 11
91.00534415238195
 21
-1.447141683524336
 31
0.0
  0
LINE
  5
7E9
330
231
100
AcDbEntity
  8
0
  6
Continuous
 62
     7
100
AcDbLine
 10
90.12347205024196
 20
-1.447076209944327
 30
0.0
 11
91.00534415238195
 21
-1.447076209944327
 31
0.0
  0
LINE
  5
7EA
330
231
100
AcDbEntity
  8
0
  6
Continuous
 62
     7
100
AcDbLine
 10
91.00534415238195
 20
-1.247141684744349
 30
0.0
 11
91.60534415380192
 21
-1.247141684744349
 31
0.0
  0
LINE
  5
7EB
330
231
100
AcDbEntity
  8
0
  6
Continuous
 62
     7
100
AcDbLine
 10
91.00534415238195
 20
-1.147138709744353
 30
0.0
 11
91.60534415380192
 21
-1.147138709744353
 31
0.0
  0
LINE
  5
7EC
330
231
100
AcDbEntity
  8
0
  6
Continuous
 62
     7
100
AcDbLine
 10
89.80626948678201
 20
-1.147076210504337
 30
0.0
 11
90.18195846362193
 21
-1.147076210504337
 31
0.0
  0
LINE
  5
7ED
330
231
100
AcDbEntity
  8
0
  6
Continuous
 62
     7
100
AcDbLine
 10
91.38034415168197
 20
-1.132535472504343
 30
0.0
 11
91.23034415196201
 21
-1.132535472504343
 31
0.0
  0
LINE
  5
7EE
330
231
100
AcDbEntity
  8
0
  6
Continuous
 62
     7
100
AcDbLine
 10
90.1153441518419
 20
-1.126967579144348
 30
0.0
 11
90.16185005832193
 21
-1.126967579144348
 31
0.0
  0
LINE
  5
7EF
330
231
100
AcDbEntity
  8
0
  6
Continuous
 62
     7
100
AcDbLine
 10
90.81271132454196
 20
-1.126967579144348
 30
0.0
 11
91.60534415380192
 21
-1.126994950184354
 31
0.0
  0
LINE
  5
7F0
330
231
100
AcDbEntity
  8
0
  6
Continuous
 62
     7
100
AcDbLine
 10
91.60534415380192
 20
-0.9769994259443421
 30
0.0
 11
91.00534415238195
 21
-0.9769994259443421
 31
0.0
  0
LINE
  5
7F1
330
231
100
AcDbEntity
  8
0
  6
Continuous
 62
     7
100
AcDbLine
 10
92.15697810514194
 20
-0.9769841834043404
 30
0.0
 11
92.12061108872189
 21
-0.9769841834043404
 31
0.0
  0
LINE
  5
7F2
330
231
100
AcDbEntity
  8
0
  6
Continuous
 62
     7
100
AcDbLine
 10
89.65534170126199
 20
-0.7170739285243429
 30
0.0
 11
89.63534175904204
 21
-0.7170739285243429
 31
0.0
  0
LINE
  5
7F3
330
231
100
AcDbEntity
  8
0
  6
Continuous
 62
     7
100
AcDbLine
 10
89.63534175904204
 20
-0.6865939285243315
 30
0.0
 11
89.65534170126199
 21
-0.6865939285243315
 31
0.0
  0
LINE
  5
7F4
330
231
100
AcDbEntity
  8
0
  6
Continuous
 62
     7
100
AcDbLine
 10
89.63534175904204
 20
-0.6210360002043558
 30
0.0
 11
89.65534170126199
 21
-0.6210360002043558
 31
0.0
  0
LINE
  5
7F5
330
231
100
AcDbEntity
  8
0
  6
Continuous
 62
     7
100
AcDbLine
 10
89.67534415300196
 20
-0.5769675818643521
 30
0.0
 11
89.795077599082
 21
-0.5769675818643521
 31
0.0
  0
LINE
  5
7F6
330
231
100
AcDbEntity
  8
0
  6
Continuous
 62
     7
100
AcDbLine
 10
91.23034415196201
 20
-0.3221098340243316
 30
0.0
 11
91.38034415168197
 21
-0.3221098340243316
 31
0.0
  0
LINE
  5
7F7
330
231
100
AcDbEntity
  8
0
  6
Continuous
 62
     7
100
AcDbLine
 10
91.45534415408196
 20
-0.322040199924345
 30
0.0
 11
91.38034415168197
 21
-0.322040199924345
 31
0.0
  0
LINE
  5
7F8
330
231
100
AcDbEntity
  8
0
  6
Continuous
 62
     7
100
AcDbLine
 10
91.23034415196201
 20
-0.322040199924345
 30
0.0
 11
91.15534415210191
 21
-0.322040199924345
 31
0.0
  0
LINE
  5
7F9
330
231
100
AcDbEntity
  8
0
  6
Continuous
 62
     7
100
AcDbLine
 10
91.38034415168197
 20
-0.3149586088043463
 30
0.0
 11
91.23034415196201
 21
-0.3149586088043463
 31
0.0
  0
LINE
  5
7FA
330
231
100
AcDbEntity
  8
0
  6
Continuous
 62
     7
100
AcDbLine
 10
91.23034415196201
 20
-0.2721102642243522
 30
0.0
 11
90.99534415206193
 21
-0.2721102642243522
 31
0.0
  0
LINE
  5
7FB
330
231
100
AcDbEntity
  8
0
  6
Continuous
 62
     7
100
AcDbLine
 10
91.38034415168197
 20
-0.2721102642243522
 30
0.0
 11
91.615344154122
 21
-0.2721102642243522
 31
0.0
  0
LINE
  5
7FC
330
231
100
AcDbEntity
  8
0
  6
Continuous
 62
     7
100
AcDbLine
 10
92.58534415214199
 20
-0.1671387088643428
 30
0.0
 11
92.68534415280198
 21
-0.1671416857443546
 31
0.0
  0
LINE
  5
7FD
330
231
100
AcDbEntity
  8
0
  6
Continuous
 62
     7
100
AcDbLine
 10
90.195344151862
 20
-0.1669994279643561
 30
0.0
 11
90.04534415214193
 21
-0.1669949626443667
 31
0.0
  0
LINE
  5
7FE
330
231
100
AcDbEntity
  8
0
  6
Continuous
 62
     7
100
AcDbLine
 10
89.92534415338202
 20
-0.1671416857443546
 30
0.0
 11
90.02534415404198
 21
-0.1671387088643428
 31
0.0
  0
LINE
  5
7FF
330
231
100
AcDbEntity
  8
0
  6
Continuous
 62
     7
100
AcDbLine
 10
92.56534415404201
 20
-0.1669949626443667
 30
0.0
 11
92.41534415178199
 21
-0.1669994279643561
 31
0.0
  0
LINE
  5
800
330
231
100
AcDbEntity
  8
0
  6
Continuous
 62
     7
100
AcDbLine
 10
89.67534415300196
 20
-0.1169541889643426
 30
0.0
 11
89.63534175396205
 21
-0.1169541889643426
 31
0.0
  0
LINE
  5
801
330
231
100
AcDbEntity
  8
0
  6
Continuous
 62
     7
100
AcDbLine
 10
91.23034415196201
 20
-0.0472752274843344
 30
0.0
 11
91.38034415168197
 21
-0.0472752274843344
 31
0.0
  0
LINE
  5
802
330
231
100
AcDbEntity
  8
0
  6
Continuous
 62
     7
100
AcDbLine
 10
91.530344153942
 20
0.0181791247156298
 30
0.0
 11
91.38034415168197
 21
0.0181791247156298
 31
0.0
  0
LINE
  5
803
330
231
100
AcDbEntity
  8
0
  6
Continuous
 62
     7
100
AcDbLine
 10
91.23034415196201
 20
0.0181791247156298
 30
0.0
 11
91.08034415224199
 21
0.0181791247156298
 31
0.0
  0
LINE
  5
804
330
231
100
AcDbEntity
  8
0
  6
Continuous
 62
     7
100
AcDbLine
 10
91.38034415168197
 20
0.0455705710756433
 30
0.0
 11
91.23034415196201
 21
0.0455705710756433
 31
0.0
  0
LINE
  5
805
330
231
100
AcDbEntity
  8
0
  6
Continuous
 62
     7
100
AcDbLine
 10
91.65534415286197
 20
0.0978849089156313
 30
0.0
 11
91.62070729300195
 21
0.0978818482156498
 31
0.0
  0
LINE
  5
806
330
231
100
AcDbEntity
  8
0
  6
Continuous
 62
     7
100
AcDbLine
 10
90.93534415268198
 20
0.1279529564756672
 30
0.0
 11
90.70534415294195
 21
0.12795979923564
 31
0.0
  0
LINE
  5
807
330
231
100
AcDbEntity
  8
0
  6
Continuous
 62
     7
100
AcDbLine
 10
91.23034415196201
 20
0.1278672746556708
 30
0.0
 11
91.38034415168197
 21
0.1278672746556708
 31
0.0
  0
LINE
  5
808
330
231
100
AcDbEntity
  8
0
  6
Continuous
 62
     7
100
AcDbLine
 10
91.90534415324203
 20
0.12795979923564
 30
0.0
 11
91.67534415350194
 21
0.1279529564756672
 31
0.0
  0
LINE
  5
809
330
231
100
AcDbEntity
  8
0
  6
Continuous
 62
     7
100
AcDbLine
 10
90.04534415214193
 20
0.373005036855659
 30
0.0
 11
90.195344151862
 21
0.373000574075661
 31
0.0
  0
LINE
  5
80A
330
231
100
AcDbEntity
  8
0
  6
Continuous
 62
     7
100
AcDbLine
 10
90.195344151862
 20
0.373000574075661
 30
0.0
 11
90.70534415294195
 21
0.373000574075661
 31
0.0
  0
LINE
  5
80B
330
231
100
AcDbEntity
  8
0
  6
Continuous
 62
     7
100
AcDbLine
 10
91.90534415324203
 20
0.373000574075661
 30
0.0
 11
92.41534415178199
 21
0.373000574075661
 31
0.0
  0
LINE
  5
80C
330
231
100
AcDbEntity
  8
0
  6
Continuous
 62
     7
100
AcDbLine
 10
92.41534415178199
 20
0.373000574075661
 30
0.0
 11
92.56534415404201
 21
0.373005036855659
 31
0.0
  0
LINE
  5
80D
330
231
100
AcDbEntity
  8
0
  6
Continuous
 62
     7
100
AcDbLine
 10
89.67534415300196
 20
0.3830458092556341
 30
0.0
 11
89.63534175396205
 21
0.3830458092556341
 31
0.0
  0
LINE
  5
80E
330
231
100
AcDbEntity
  8
0
  6
Continuous
 62
     7
100
AcDbLine
 10
91.615344154122
 20
0.4478817400356548
 30
0.0
 11
91.65534415286197
 21
0.4478849378956227
 31
0.0
  0
LINE
  5
80F
330
231
100
AcDbEntity
  8
0
  6
Continuous
 62
     7
100
AcDbLine
 10
89.67534415300196
 20
-0.4269327917643296
 30
0.0
 11
89.63534175396205
 21
-0.4269304879843219
 31
0.0
  0
LINE
  5
810
330
231
100
AcDbEntity
  8
0
  6
Continuous
 62
     7
100
AcDbLine
 10
89.63534175396205
 20
-0.1769304876043805
 30
0.0
 11
89.67534415300196
 21
-0.1769327913843313
 31
0.0
  0
LINE
  5
811
330
231
100
AcDbEntity
  8
0
  6
Continuous
 62
     7
100
AcDbLine
 10
89.67534415300196
 20
-0.1619327629643408
 30
0.0
 11
89.63534175396205
 21
-0.1619304591843615
 31
0.0
  0
LINE
  5
812
330
231
100
AcDbEntity
  8
0
  6
Continuous
 62
     7
100
AcDbLine
 10
90.98998101318192
 20
0.0978818482156498
 30
0.0
 11
90.95534415332195
 21
0.0978849089156313
 31
0.0
  0
LINE
  5
813
330
231
100
AcDbEntity
  8
0
  6
Continuous
 62
     7
100
AcDbLine
 10
90.95534415332195
 20
0.4478849378956227
 30
0.0
 11
90.99534415206193
 21
0.4478817400356548
 31
0.0
  0
LINE
  5
814
330
231
100
AcDbEntity
  8
0
  6
Continuous
 62
     7
100
AcDbLine
 10
91.08034415224199
 20
6.027557144035682
 30
0.0
 11
90.99534415206193
 21
6.061559674455679
 31
0.0
  0
LINE
  5
815
330
231
100
AcDbEntity
  8
0
  6
Continuous
 62
     7
100
AcDbLine
 10
90.02534415404198
 20
18.66498019273564
 30
0.0
 11
90.04534415214193
 21
18.63641723233564
 31
0.0
  0
LINE
  5
816
330
231
100
AcDbEntity
  8
0
  6
Continuous
 62
     7
100
AcDbLine
 10
90.02534415404198
 20
19.18800620027565
 30
0.0
 11
90.04534415214193
 21
19.15944795411565
 31
0.0
  0
LINE
  5
817
330
231
100
AcDbEntity
  8
0
  6
Continuous
 62
     7
100
AcDbLine
 10
92.56534415404201
 20
3.436877077755639
 30
0.0
 11
92.58534415214199
 21
3.437226177895638
 31
0.0
  0
LINE
  5
818
330
231
100
AcDbEntity
  8
0
  6
Continuous
 62
     7
100
AcDbLine
 10
92.88534415412204
 20
3.442462697775624
 30
0.0
 11
93.03534175354201
 21
3.445080914535651
 31
0.0
  0
LINE
  5
819
330
231
100
AcDbEntity
  8
0
  6
Continuous
 62
     7
100
AcDbLine
 10
89.72534415206196
 20
0.6730324174956479
 30
0.0
 11
89.67534415300196
 21
0.6730324174956479
 31
0.0
  0
LINE
  5
81A
330
231
100
AcDbEntity
  8
0
  6
Continuous
 62
     7
100
AcDbLine
 10
90.04534415214193
 20
1.053043785995669
 30
0.0
 11
90.02534415404198
 21
1.053043785995669
 31
0.0
  0
LINE
  5
81B
330
231
100
AcDbEntity
  8
0
  6
Continuous
 62
     7
100
AcDbLine
 10
89.72534415206196
 20
1.053043785995669
 30
0.0
 11
89.67534415300196
 21
1.053043785995669
 31
0.0
  0
LINE
  5
81C
330
231
100
AcDbEntity
  8
0
  6
Continuous
 62
     7
100
AcDbLine
 10
89.66582174634192
 20
1.134310489095668
 30
0.0
 11
89.67534415300196
 21
1.134310489095668
 31
0.0
  0
LINE
  5
81D
330
231
100
AcDbEntity
  8
0
  6
Continuous
 62
     7
100
AcDbLine
 10
89.67534415300196
 20
1.164790489095651
 30
0.0
 11
89.63534174634196
 21
1.164790489095651
 31
0.0
  0
LINE
  5
81E
330
231
100
AcDbEntity
  8
0
  6
Continuous
 62
     7
100
AcDbLine
 10
91.61705451138198
 20
1.597892132415637
 30
0.0
 11
91.615344154122
 21
1.597892183215662
 31
0.0
  0
LINE
  5
81F
330
231
100
AcDbEntity
  8
0
  6
Continuous
 62
     7
100
AcDbLine
 10
91.65534415286197
 20
1.597895332815653
 30
0.0
 11
91.61705451138198
 21
1.597892132415637
 31
0.0
  0
LINE
  5
820
330
231
100
AcDbEntity
  8
0
  6
Continuous
 62
     7
100
AcDbLine
 10
90.195344151862
 20
1.673000572495652
 30
0.0
 11
90.04534415214193
 21
1.673005037815642
 31
0.0
  0
LINE
  5
821
330
231
100
AcDbEntity
  8
0
  6
Continuous
 62
     7
100
AcDbLine
 10
92.41534415178199
 20
1.673000572495652
 30
0.0
 11
91.90534415324203
 21
1.673000572495652
 31
0.0
  0
LINE
  5
822
330
231
100
AcDbEntity
  8
0
  6
Continuous
 62
     7
100
AcDbLine
 10
90.70534415294195
 20
1.673000572495652
 30
0.0
 11
90.195344151862
 21
1.673000572495652
 31
0.0
  0
LINE
  5
823
330
231
100
AcDbEntity
  8
0
  6
Continuous
 62
     7
100
AcDbLine
 10
92.56534415404201
 20
1.673005037815642
 30
0.0
 11
92.41534415178199
 21
1.673000572495652
 31
0.0
  0
LINE
  5
824
330
231
100
AcDbEntity
  8
0
  6
Continuous
 62
     7
100
AcDbLine
 10
91.615344154122
 20
1.947892153775654
 30
0.0
 11
91.61705451138198
 21
1.947892102975657
 31
0.0
  0
LINE
  5
825
330
231
100
AcDbEntity
  8
0
  6
Continuous
 62
     7
100
AcDbLine
 10
91.61705451138198
 20
1.947892102975657
 30
0.0
 11
91.65534415286197
 21
1.947895300835625
 31
0.0
  0
LINE
  5
826
330
231
100
AcDbEntity
  8
0
  6
Continuous
 62
     7
100
AcDbLine
 10
90.02534415404198
 20
2.073027356895636
 30
0.0
 11
90.04534415214193
 21
2.073027356895636
 31
0.0
  0
LINE
  5
827
330
231
100
AcDbEntity
  8
0
  6
Continuous
 62
     7
100
AcDbLine
 10
91.65534415286197
 20
2.147901306715652
 30
0.0
 11
91.615344154122
 21
2.147898083455686
 31
0.0
  0
LINE
  5
828
330
231
100
AcDbEntity
  8
0
  6
Continuous
 62
     7
100
AcDbLine
 10
91.615344154122
 20
2.397898083835627
 30
0.0
 11
91.65534415286197
 21
2.397901307095651
 31
0.0
  0
LINE
  5
829
330
231
100
AcDbEntity
  8
0
  6
Continuous
 62
     7
100
AcDbLine
 10
89.67534415300196
 20
2.524059218355631
 30
0.0
 11
89.63534175396205
 21
2.524059218355631
 31
0.0
  0
LINE
  5
82A
330
231
100
AcDbEntity
  8
0
  6
Continuous
 62
     7
100
AcDbLine
 10
91.65534415286197
 20
2.647901216035648
 30
0.0
 11
91.615344154122
 21
2.647898018175652
 31
0.0
  0
LINE
  5
82B
330
231
100
AcDbEntity
  8
0
  6
Continuous
 62
     7
100
AcDbLine
 10
91.615344154122
 20
2.897898018555679
 30
0.0
 11
91.65534415286197
 21
2.897901216415647
 31
0.0
  0
LINE
  5
82C
330
231
100
AcDbEntity
  8
0
  6
Continuous
 62
     7
100
AcDbLine
 10
89.67534415300196
 20
3.124059219775631
 30
0.0
 11
89.63534175396205
 21
3.124059219775631
 31
0.0
  0
LINE
  5
82D
330
231
100
AcDbEntity
  8
0
  6
Continuous
 62
     7
100
AcDbLine
 10
91.65534415286197
 20
3.147901226955667
 30
0.0
 11
91.615344154122
 21
3.147898029095642
 31
0.0
  0
LINE
  5
82E
330
231
100
AcDbEntity
  8
0
  6
Continuous
 62
     7
100
AcDbLine
 10
91.615344154122
 20
3.397898029475669
 30
0.0
 11
91.65534415286197
 21
3.397901227335665
 31
0.0
  0
LINE
  5
82F
330
231
100
AcDbEntity
  8
0
  6
Continuous
 62
     7
100
AcDbLine
 10
89.92534415338202
 20
3.522858312955662
 30
0.0
 11
90.02534415404198
 21
3.522861289835645
 31
0.0
  0
LINE
  5
830
330
231
100
AcDbEntity
  8
0
  6
Continuous
 62
     7
100
AcDbLine
 10
90.02534415404198
 20
3.532861290155665
 30
0.0
 11
89.92534415338202
 21
3.532858313275653
 31
0.0
  0
LINE
  5
831
330
231
100
AcDbEntity
  8
0
  6
Continuous
 62
     7
100
AcDbLine
 10
91.65534415286197
 20
3.647901306455679
 30
0.0
 11
91.615344154122
 21
3.647898083195656
 31
0.0
  0
LINE
  5
832
330
231
100
AcDbEntity
  8
0
  6
Continuous
 62
     7
100
AcDbLine
 10
91.615344154122
 20
3.897898083575654
 30
0.0
 11
91.65534415286197
 21
3.897901306835649
 31
0.0
  0
LINE
  5
833
330
231
100
AcDbEntity
  8
0
  6
Continuous
 62
     7
100
AcDbLine
 10
90.04534415214193
 20
3.973027356735656
 30
0.0
 11
90.02534415404198
 21
3.973027356735656
 31
0.0
  0
LINE
  5
834
330
231
100
AcDbEntity
  8
0
  6
Continuous
 62
     7
100
AcDbLine
 10
89.67534415300196
 20
3.978282842795636
 30
0.0
 11
89.65074174094201
 21
3.978282845335627
 31
0.0
  0
LINE
  5
835
330
231
100
AcDbEntity
  8
0
  6
Continuous
 62
     7
100
AcDbLine
 10
91.61705451138198
 20
4.097892136215648
 30
0.0
 11
91.615344154122
 21
4.097892187015645
 31
0.0
  0
LINE
  5
836
330
231
100
AcDbEntity
  8
0
  6
Continuous
 62
     7
100
AcDbLine
 10
91.65534415286197
 20
4.097895336615636
 30
0.0
 11
91.61705451138198
 21
4.097892136215648
 31
0.0
  0
LINE
  5
837
330
231
100
AcDbEntity
  8
0
  6
Continuous
 62
     7
100
AcDbLine
 10
89.63534175396205
 20
0.6130695097356523
 30
0.0
 11
89.67534415300196
 21
0.6130672084956644
 31
0.0
  0
LINE
  5
838
330
231
100
AcDbEntity
  8
0
  6
Continuous
 62
     7
100
AcDbLine
 10
89.67534415300196
 20
0.6330672345356732
 30
0.0
 11
89.63534175396205
 21
0.6330695052956515
 31
0.0
  0
LINE
  5
839
330
231
100
AcDbEntity
  8
0
  6
Continuous
 62
     7
100
AcDbLine
 10
89.63534175396205
 20
0.8730695028156389
 30
0.0
 11
89.67534415300196
 21
0.873067234595652
 31
0.0
  0
LINE
  5
83A
330
231
100
AcDbEntity
  8
0
  6
Continuous
 62
     7
100
AcDbLine
 10
89.67534415300196
 20
1.17306723403567
 30
0.0
 11
89.63534175396205
 21
1.173069504795648
 31
0.0
  0
LINE
  5
83B
330
231
100
AcDbEntity
  8
0
  6
Continuous
 62
     7
100
AcDbLine
 10
89.63534175396205
 20
1.373069503575663
 30
0.0
 11
89.67534415300196
 21
1.373067232815657
 31
0.0
  0
LINE
  5
83C
330
231
100
AcDbEntity
  8
0
  6
Continuous
 62
     7
100
AcDbLine
 10
90.99534415206193
 20
1.597892183215662
 30
0.0
 11
90.95534415332195
 21
1.597895332815653
 31
0.0
  0
LINE
  5
83D
330
231
100
AcDbEntity
  8
0
  6
Continuous
 62
     7
100
AcDbLine
 10
89.67534415300196
 20
1.673067206855648
 30
0.0
 11
89.63534175396205
 21
1.673069510635656
 31
0.0
  0
LINE
  5
83E
330
231
100
AcDbEntity
  8
0
  6
Continuous
 62
     7
100
AcDbLine
 10
89.63534175396205
 20
1.873069509415643
 30
0.0
 11
89.67534415300196
 21
1.873067208175655
 31
0.0
  0
LINE
  5
83F
330
231
100
AcDbEntity
  8
0
  6
Continuous
 62
     7
100
AcDbLine
 10
90.95534415332195
 20
1.947895331315635
 30
0.0
 11
90.99534415206193
 21
1.947892184255636
 31
0.0
  0
LINE
  5
840
330
231
100
AcDbEntity
  8
0
  6
Continuous
 62
     7
100
AcDbLine
 10
90.99534415206193
 20
2.147898108855628
 30
0.0
 11
90.95534415332195
 21
2.147901306715652
 31
0.0
  0
LINE
  5
841
330
231
100
AcDbEntity
  8
0
  6
Continuous
 62
     7
100
AcDbLine
 10
89.67534415300196
 20
2.173067238095654
 30
0.0
 11
89.63534175396205
 21
2.173069539335642
 31
0.0
  0
LINE
  5
842
330
231
100
AcDbEntity
  8
0
  6
Continuous
 62
     7
100
AcDbLine
 10
89.63534175396205
 20
2.373069540655649
 30
0.0
 11
89.67534415300196
 21
2.373067236875641
 31
0.0
  0
LINE
  5
843
330
231
100
AcDbEntity
  8
0
  6
Continuous
 62
     7
100
AcDbLine
 10
90.95534415332195
 20
2.397901307095651
 30
0.0
 11
90.99534415206193
 21
2.397898109235626
 31
0.0
  0
LINE
  5
844
330
231
100
AcDbEntity
  8
0
  6
Continuous
 62
     7
100
AcDbLine
 10
90.99534415206193
 20
2.647897992775625
 30
0.0
 11
90.95534415332195
 21
2.647901216035648
 31
0.0
  0
LINE
  5
845
330
231
100
AcDbEntity
  8
0
  6
Continuous
 62
     7
100
AcDbLine
 10
89.67534415300196
 20
2.673067205835621
 30
0.0
 11
89.63534175396205
 21
2.673069509615658
 31
0.0
  0
LINE
  5
846
330
231
100
AcDbEntity
  8
0
  6
Continuous
 62
     7
100
AcDbLine
 10
89.63534175396205
 20
2.873069510935664
 30
0.0
 11
89.67534415300196
 21
2.873067207155656
 31
0.0
  0
LINE
  5
847
330
231
100
AcDbEntity
  8
0
  6
Continuous
 62
     7
100
AcDbLine
 10
90.95534415332195
 20
2.897901216415647
 30
0.0
 11
90.99534415206193
 21
2.897897993155652
 31
0.0
  0
LINE
  5
848
330
231
100
AcDbEntity
  8
0
  6
Continuous
 62
     7
100
AcDbLine
 10
90.99534415206193
 20
3.147898003695644
 30
0.0
 11
90.95534415332195
 21
3.147901226955667
 31
0.0
  0
LINE
  5
849
330
231
100
AcDbEntity
  8
0
  6
Continuous
 62
     7
100
AcDbLine
 10
89.67534415300196
 20
3.173067206595646
 30
0.0
 11
89.63534175396205
 21
3.173069510375626
 31
0.0
  0
LINE
  5
84A
330
231
100
AcDbEntity
  8
0
  6
Continuous
 62
     7
100
AcDbLine
 10
89.63534175396205
 20
3.373069509155641
 30
0.0
 11
89.67534415300196
 21
3.373067205375633
 31
0.0
  0
LINE
  5
84B
330
231
100
AcDbEntity
  8
0
  6
Continuous
 62
     7
100
AcDbLine
 10
90.95534415332195
 20
3.397901227335665
 30
0.0
 11
90.99534415206193
 21
3.39789800407567
 31
0.0
  0
LINE
  5
84C
330
231
100
AcDbEntity
  8
0
  6
Continuous
 62
     7
100
AcDbLine
 10
90.99534415206193
 20
3.647898108595654
 30
0.0
 11
90.95534415332195
 21
3.647901306455679
 31
0.0
  0
LINE
  5
84D
330
231
100
AcDbEntity
  8
0
  6
Continuous
 62
     7
100
AcDbLine
 10
89.67534415300196
 20
3.673067235295633
 30
0.0
 11
89.63534175396205
 21
3.67306953907564
 31
0.0
  0
LINE
  5
84E
330
231
100
AcDbEntity
  8
0
  6
Continuous
 62
     7
100
AcDbLine
 10
89.63534175396205
 20
3.873069540395647
 30
0.0
 11
89.67534415300196
 21
3.873067236615668
 31
0.0
  0
LINE
  5
84F
330
231
100
AcDbEntity
  8
0
  6
Continuous
 62
     7
100
AcDbLine
 10
90.95534415332195
 20
3.897901306835649
 30
0.0
 11
90.99534415206193
 21
3.897898108975653
 31
0.0
  0
LINE
  5
850
330
231
100
AcDbEntity
  8
0
  6
Continuous
 62
     7
100
AcDbLine
 10
90.99534415206193
 20
4.097892187015645
 30
0.0
 11
90.95534415332195
 21
4.097895336615636
 31
0.0
  0
LINE
  5
851
330
231
100
AcDbEntity
  8
0
  6
Continuous
 62
     7
100
AcDbLine
 10
89.78480384264196
 20
7.171326738635656
 30
0.0
 11
90.02534415404198
 21
7.134266513035669
 31
0.0
  0
LINE
  5
852
330
231
100
AcDbEntity
  8
0
  6
Continuous
 62
     7
100
AcDbLine
 10
90.04534415214193
 20
2.474624356595654
 30
0.0
 11
90.02534415404198
 21
2.446061396195631
 31
0.0
  0
LINE
  5
853
330
231
100
AcDbEntity
  8
0
  6
Continuous
 62
     7
100
AcDbLine
 10
90.04534415214193
 20
1.95158847353565
 30
0.0
 11
90.02534415404198
 21
1.923022894395643
 31
0.0
  0
LINE
  5
854
330
231
100
AcDbEntity
  8
0
  6
Continuous
 62
     7
100
AcDbLine
 10
90.06695905938199
 20
14.03277631009567
 30
0.0
 11
90.02534415404198
 21
13.99809722273565
 31
0.0
  0
LINE
  5
855
330
231
100
AcDbEntity
  8
0
  6
Continuous
 62
     7
100
AcDbLine
 10
90.16561801370199
 20
19.90244255143568
 30
0.0
 11
90.02534415404198
 21
19.84072205257564
 31
0.0
  0
LINE
  5
856
330
231
100
AcDbEntity
  8
0
  6
Continuous
 62
     7
100
AcDbLine
 10
92.52561801556192
 20
20.63668654141563
 30
0.0
 11
92.32424870786195
 21
20.54808404653565
 31
0.0
  0
LINE
  5
857
330
231
100
AcDbEntity
  8
0
  6
Continuous
 62
     7
100
AcDbLine
 10
90.08507029062196
 20
19.53924554605564
 30
0.0
 11
90.28643959832198
 21
19.62784804093567
 31
0.0
  0
LINE
  5
858
330
231
100
AcDbEntity
  8
0
  6
Continuous
 62
     7
100
AcDbLine
 10
92.44507029248195
 20
20.27348953857566
 30
0.0
 11
92.58534415214199
 21
20.33521003743567
 31
0.0
  0
LINE
  5
859
330
231
100
AcDbEntity
  8
0
  6
Continuous
 62
     7
100
AcDbLine
 10
91.530344153942
 20
21.09241680597569
 30
0.0
 11
91.615344154122
 21
21.12642135823563
 31
0.0
  0
LINE
  5
85A
330
231
100
AcDbEntity
  8
0
  6
Continuous
 62
     7
100
AcDbLine
 10
93.03534175354201
 20
4.744882919955671
 30
0.0
 11
92.88534415412204
 21
4.742264700655653
 31
0.0
  0
LINE
  5
85B
330
231
100
AcDbEntity
  8
0
  6
Continuous
 62
     7
100
AcDbLine
 10
90.04534415214193
 20
4.373005035315657
 30
0.0
 11
90.195344151862
 21
4.373000569995667
 31
0.0
  0
LINE
  5
85C
330
231
100
AcDbEntity
  8
0
  6
Continuous
 62
     7
100
AcDbLine
 10
90.195344151862
 20
4.373000569995667
 30
0.0
 11
90.70534415294195
 21
4.373000569995667
 31
0.0
  0
LINE
  5
85D
330
231
100
AcDbEntity
  8
0
  6
Continuous
 62
     7
100
AcDbLine
 10
91.90534415324203
 20
4.373000569995667
 30
0.0
 11
92.41534415178199
 21
4.373000569995667
 31
0.0
  0
LINE
  5
85E
330
231
100
AcDbEntity
  8
0
  6
Continuous
 62
     7
100
AcDbLine
 10
92.41534415178199
 20
4.373000569995667
 30
0.0
 11
92.56534415404201
 21
4.373005035315657
 31
0.0
  0
LINE
  5
85F
330
231
100
AcDbEntity
  8
0
  6
Continuous
 62
     7
100
AcDbLine
 10
89.67534415300196
 20
4.373973770995661
 30
0.0
 11
89.65074174094201
 21
4.373973770995661
 31
0.0
  0
LINE
  5
860
330
231
100
AcDbEntity
  8
0
  6
Continuous
 62
     7
100
AcDbLine
 10
91.615344154122
 20
4.447892188055675
 30
0.0
 11
91.61705451138198
 21
4.447892137255649
 31
0.0
  0
LINE
  5
861
330
231
100
AcDbEntity
  8
0
  6
Continuous
 62
     7
100
AcDbLine
 10
91.61705451138198
 20
4.447892137255649
 30
0.0
 11
91.65534415286197
 21
4.447895335115646
 31
0.0
  0
LINE
  5
862
330
231
100
AcDbEntity
  8
0
  6
Continuous
 62
     7
100
AcDbLine
 10
89.66074174126191
 20
4.658351315015664
 30
0.0
 11
89.63534175396205
 21
4.658351315015664
 31
0.0
  0
LINE
  5
863
330
231
100
AcDbEntity
  8
0
  6
Continuous
 62
     7
100
AcDbLine
 10
89.67534415300196
 20
4.993043724115636
 30
0.0
 11
89.72534415206196
 21
4.993043724115636
 31
0.0
  0
LINE
  5
864
330
231
100
AcDbEntity
  8
0
  6
Continuous
 62
     7
100
AcDbLine
 10
90.02534415404198
 20
4.993043724115636
 30
0.0
 11
90.04534415214193
 21
4.993043724115636
 31
0.0
  0
LINE
  5
865
330
231
100
AcDbEntity
  8
0
  6
Continuous
 62
     7
100
AcDbLine
 10
89.63534175396205
 20
5.103966433435658
 30
0.0
 11
89.67534415300196
 21
5.103966433435658
 31
0.0
  0
LINE
  5
866
330
231
100
AcDbEntity
  8
0
  6
Continuous
 62
     7
100
AcDbLine
 10
89.65074174094201
 20
5.153973770555637
 30
0.0
 11
89.67534415300196
 21
5.153973770555637
 31
0.0
  0
LINE
  5
867
330
231
100
AcDbEntity
  8
0
  6
Continuous
 62
     7
100
AcDbLine
 10
89.72534415206196
 20
5.373032415495657
 30
0.0
 11
89.67534415300196
 21
5.373032415495657
 31
0.0
  0
LINE
  5
868
330
231
100
AcDbEntity
  8
0
  6
Continuous
 62
     7
100
AcDbLine
 10
91.65534415286197
 20
5.597884907115656
 30
0.0
 11
91.615344154122
 21
5.597881709255631
 31
0.0
  0
LINE
  5
869
330
231
100
AcDbEntity
  8
0
  6
Continuous
 62
     7
100
AcDbLine
 10
89.67534415300196
 20
5.663045808035661
 30
0.0
 11
89.63534175396205
 21
5.663045808035661
 31
0.0
  0
LINE
  5
86A
330
231
100
AcDbEntity
  8
0
  6
Continuous
 62
     7
100
AcDbLine
 10
90.195344151862
 20
5.67300057095565
 30
0.0
 11
90.04534415214193
 21
5.673005033735648
 31
0.0
  0
LINE
  5
86B
330
231
100
AcDbEntity
  8
0
  6
Continuous
 62
     7
100
AcDbLine
 10
92.41534415178199
 20
5.67300057095565
 30
0.0
 11
91.90534415324203
 21
5.67300057095565
 31
0.0
  0
LINE
  5
86C
330
231
100
AcDbEntity
  8
0
  6
Continuous
 62
     7
100
AcDbLine
 10
90.70534415294195
 20
5.67300057095565
 30
0.0
 11
90.195344151862
 21
5.67300057095565
 31
0.0
  0
LINE
  5
86D
330
231
100
AcDbEntity
  8
0
  6
Continuous
 62
     7
100
AcDbLine
 10
92.56534415404201
 20
5.673005033735648
 30
0.0
 11
92.41534415178199
 21
5.67300057095565
 31
0.0
  0
LINE
  5
86E
330
231
100
AcDbEntity
  8
0
  6
Continuous
 62
     7
100
AcDbLine
 10
90.70534415294195
 20
5.917959796555663
 30
0.0
 11
90.93534415268198
 21
5.917952953795662
 31
0.0
  0
LINE
  5
86F
330
231
100
AcDbEntity
  8
0
  6
Continuous
 62
     7
100
AcDbLine
 10
91.38034415168197
 20
5.917867271975666
 30
0.0
 11
91.23034415196201
 21
5.917867271975666
 31
0.0
  0
LINE
  5
870
330
231
100
AcDbEntity
  8
0
  6
Continuous
 62
     7
100
AcDbLine
 10
91.67534415350194
 20
5.917952953795662
 30
0.0
 11
91.90534415324203
 21
5.917959796555663
 31
0.0
  0
LINE
  5
871
330
231
100
AcDbEntity
  8
0
  6
Continuous
 62
     7
100
AcDbLine
 10
91.62070729300195
 20
5.947881844915656
 30
0.0
 11
91.65534415286197
 21
5.947884905615637
 31
0.0
  0
LINE
  5
872
330
231
100
AcDbEntity
  8
0
  6
Continuous
 62
     7
100
AcDbLine
 10
91.23034415196201
 20
6.000163975555665
 30
0.0
 11
91.38034415168197
 21
6.000163975555665
 31
0.0
  0
LINE
  5
873
330
231
100
AcDbEntity
  8
0
  6
Continuous
 62
     7
100
AcDbLine
 10
91.08034415224199
 20
6.027557144035682
 30
0.0
 11
91.23034415196201
 21
6.027557144035682
 31
0.0
  0
LINE
  5
874
330
231
100
AcDbEntity
  8
0
  6
Continuous
 62
     7
100
AcDbLine
 10
91.38034415168197
 20
6.027557144035682
 30
0.0
 11
91.530344153942
 21
6.027557144035682
 31
0.0
  0
LINE
  5
875
330
231
100
AcDbEntity
  8
0
  6
Continuous
 62
     7
100
AcDbLine
 10
91.38034415168197
 20
6.093013515535659
 30
0.0
 11
91.23034415196201
 21
6.093013515535659
 31
0.0
  0
LINE
  5
876
330
231
100
AcDbEntity
  8
0
  6
Continuous
 62
     7
100
AcDbLine
 10
89.67534415300196
 20
6.163045806255638
 30
0.0
 11
89.63534175396205
 21
6.163045806255638
 31
0.0
  0
LINE
  5
877
330
231
100
AcDbEntity
  8
0
  6
Continuous
 62
     7
100
AcDbLine
 10
92.68534415280198
 20
6.212858312675649
 30
0.0
 11
92.58534415214199
 21
6.21286128701567
 31
0.0
  0
LINE
  5
878
330
231
100
AcDbEntity
  8
0
  6
Continuous
 62
     7
100
AcDbLine
 10
90.04534415214193
 20
6.213005035775665
 30
0.0
 11
90.195344151862
 21
6.213000570455676
 31
0.0
  0
LINE
  5
879
330
231
100
AcDbEntity
  8
0
  6
Continuous
 62
     7
100
AcDbLine
 10
90.02534415404198
 20
6.21286128701567
 30
0.0
 11
89.92534415338202
 21
6.212858312675649
 31
0.0
  0
LINE
  5
87A
330
231
100
AcDbEntity
  8
0
  6
Continuous
 62
     7
100
AcDbLine
 10
92.41534415178199
 20
6.213000570455676
 30
0.0
 11
92.56534415404201
 21
6.213005035775665
 31
0.0
  0
LINE
  5
87B
330
231
100
AcDbEntity
  8
0
  6
Continuous
 62
     7
100
AcDbLine
 10
91.23034415196201
 20
6.317889733295629
 30
0.0
 11
90.99534415206193
 21
6.317889733295629
 31
0.0
  0
LINE
  5
87C
330
231
100
AcDbEntity
  8
0
  6
Continuous
 62
     7
100
AcDbLine
 10
91.38034415168197
 20
6.317889733295629
 30
0.0
 11
91.615344154122
 21
6.317889733295629
 31
0.0
  0
LINE
  5
87D
330
231
100
AcDbEntity
  8
0
  6
Continuous
 62
     7
100
AcDbLine
 10
91.23034415196201
 20
6.360736726595661
 30
0.0
 11
91.38034415168197
 21
6.360736726595661
 31
0.0
  0
LINE
  5
87E
330
231
100
AcDbEntity
  8
0
  6
Continuous
 62
     7
100
AcDbLine
 10
91.38034415168197
 20
6.367890161615633
 30
0.0
 11
91.23034415196201
 21
6.367890161615633
 31
0.0
  0
LINE
  5
87F
330
231
100
AcDbEntity
  8
0
  6
Continuous
 62
     7
100
AcDbLine
 10
91.45534415408196
 20
6.367959798255668
 30
0.0
 11
91.38034415168197
 21
6.367959798255668
 31
0.0
  0
LINE
  5
880
330
231
100
AcDbEntity
  8
0
  6
Continuous
 62
     7
100
AcDbLine
 10
91.23034415196201
 20
6.367959798255668
 30
0.0
 11
91.15534415210191
 21
6.367959798255668
 31
0.0
  0
LINE
  5
881
330
231
100
AcDbEntity
  8
0
  6
Continuous
 62
     7
100
AcDbLine
 10
89.63534175904204
 20
6.501820444935646
 30
0.0
 11
89.66034296126196
 21
6.501820444935646
 31
0.0
  0
LINE
  5
882
330
231
100
AcDbEntity
  8
0
  6
Continuous
 62
     7
100
AcDbLine
 10
89.66034175984191
 20
6.601820445595677
 30
0.0
 11
89.63534175904204
 21
6.601820445595677
 31
0.0
  0
LINE
  5
883
330
231
100
AcDbEntity
  8
0
  6
Continuous
 62
     7
100
AcDbLine
 10
89.79517174418196
 20
6.623032414855657
 30
0.0
 11
89.67534415300196
 21
6.623032414855657
 31
0.0
  0
LINE
  5
884
330
231
100
AcDbEntity
  8
0
  6
Continuous
 62
     7
100
AcDbLine
 10
89.63534174634196
 20
6.788941976355658
 30
0.0
 11
89.65534170126199
 21
6.788941973815639
 31
0.0
  0
LINE
  5
885
330
231
100
AcDbEntity
  8
0
  6
Continuous
 62
     7
100
AcDbLine
 10
91.00534415238195
 20
7.023000570975653
 30
0.0
 11
91.60534415380192
 21
7.023000570975653
 31
0.0
  0
LINE
  5
886
330
231
100
AcDbEntity
  8
0
  6
Continuous
 62
     7
100
AcDbLine
 10
92.15551251752192
 20
7.023015813515655
 30
0.0
 11
92.12061098458196
 21
7.023015813515655
 31
0.0
  0
LINE
  5
887
330
231
100
AcDbEntity
  8
0
  6
Continuous
 62
     7
100
AcDbLine
 10
90.1153441518419
 20
7.173032422295648
 30
0.0
 11
90.16219959026193
 21
7.173032422295648
 31
0.0
  0
LINE
  5
888
330
231
100
AcDbEntity
  8
0
  6
Continuous
 62
     7
100
AcDbLine
 10
90.81308222804194
 20
7.173032422295648
 30
0.0
 11
91.60534415380192
 21
7.17300504617566
 31
0.0
  0
LINE
  5
889
330
231
100
AcDbEntity
  8
0
  6
Continuous
 62
     7
100
AcDbLine
 10
91.23034415196201
 20
7.178575316975667
 30
0.0
 11
91.38034415168197
 21
7.178575316975667
 31
0.0
  0
LINE
  5
88A
330
231
100
AcDbEntity
  8
0
  6
Continuous
 62
     7
100
AcDbLine
 10
91.60534415380192
 20
7.192861287895652
 30
0.0
 11
91.00534415238195
 21
7.192861287895652
 31
0.0
  0
LINE
  5
88B
330
231
100
AcDbEntity
  8
0
  6
Continuous
 62
     7
100
AcDbLine
 10
90.18209117608193
 20
7.19292378713564
 30
0.0
 11
89.80640043648197
 21
7.19292378713564
 31
0.0
  0
LINE
  5
88C
330
231
100
AcDbEntity
  8
0
  6
Continuous
 62
     7
100
AcDbLine
 10
91.60534415380192
 20
7.292858311675644
 30
0.0
 11
91.00534415238195
 21
7.292858311675644
 31
0.0
  0
LINE
  5
88D
330
231
100
AcDbEntity
  8
0
  6
Continuous
 62
     7
100
AcDbLine
 10
91.60534415380192
 20
7.492858310455659
 30
0.0
 11
91.00534415238195
 21
7.492858310455659
 31
0.0
  0
LINE
  5
88E
330
231
100
AcDbEntity
  8
0
  6
Continuous
 62
     7
100
AcDbLine
 10
91.00534415238195
 20
7.492923786575659
 30
0.0
 11
90.12372904490195
 21
7.492923786575659
 31
0.0
  0
LINE
  5
88F
330
231
100
AcDbEntity
  8
0
  6
Continuous
 62
     7
100
AcDbLine
 10
90.16320412978194
 20
7.513037772255671
 30
0.0
 11
91.32534415246198
 21
7.513037772255671
 31
0.0
  0
LINE
  5
890
330
231
100
AcDbEntity
  8
0
  6
Continuous
 62
     7
100
AcDbLine
 10
91.12534415368196
 20
7.66302884387565
 30
0.0
 11
90.45757196116198
 21
7.66302884387565
 31
0.0
  0
LINE
  5
891
330
231
100
AcDbEntity
  8
0
  6
Continuous
 62
     7
100
AcDbLine
 10
89.67534415300196
 20
4.173067205575648
 30
0.0
 11
89.63534175396205
 21
4.173069509355627
 31
0.0
  0
LINE
  5
892
330
231
100
AcDbEntity
  8
0
  6
Continuous
 62
     7
100
AcDbLine
 10
89.63534175396205
 20
4.373069508135642
 30
0.0
 11
89.67534415300196
 21
4.373067206895655
 31
0.0
  0
LINE
  5
893
330
231
100
AcDbEntity
  8
0
  6
Continuous
 62
     7
100
AcDbLine
 10
90.95534415332195
 20
4.447895335115646
 30
0.0
 11
90.99534415206193
 21
4.447892188055675
 31
0.0
  0
LINE
  5
894
330
231
100
AcDbEntity
  8
0
  6
Continuous
 62
     7
100
AcDbLine
 10
89.67534415300196
 20
4.673067231735643
 30
0.0
 11
89.63534175396205
 21
4.67306950249565
 31
0.0
  0
LINE
  5
895
330
231
100
AcDbEntity
  8
0
  6
Continuous
 62
     7
100
AcDbLine
 10
89.63534175396205
 20
4.873069501275637
 30
0.0
 11
89.67534415300196
 21
4.87306723305565
 31
0.0
  0
LINE
  5
896
330
231
100
AcDbEntity
  8
0
  6
Continuous
 62
     7
100
AcDbLine
 10
89.67534415300196
 20
5.173067232495668
 30
0.0
 11
89.63534175396205
 21
5.173069503255646
 31
0.0
  0
LINE
  5
897
330
231
100
AcDbEntity
  8
0
  6
Continuous
 62
     7
100
AcDbLine
 10
89.63534175396205
 20
5.413069500775662
 30
0.0
 11
89.67534415300196
 21
5.413067232555675
 31
0.0
  0
LINE
  5
898
330
231
100
AcDbEntity
  8
0
  6
Continuous
 62
     7
100
AcDbLine
 10
89.67534415300196
 20
5.433067096035671
 30
0.0
 11
89.63534175396205
 21
5.43306939981565
 31
0.0
  0
LINE
  5
899
330
231
100
AcDbEntity
  8
0
  6
Continuous
 62
     7
100
AcDbLine
 10
90.99534415206193
 20
5.597881709255631
 30
0.0
 11
90.95534415332195
 21
5.597884907115656
 31
0.0
  0
LINE
  5
89A
330
231
100
AcDbEntity
  8
0
  6
Continuous
 62
     7
100
AcDbLine
 10
90.95534415332195
 20
5.947884905615637
 30
0.0
 11
90.98998101318192
 21
5.947881844915656
 31
0.0
  0
LINE
  5
89B
330
231
100
AcDbEntity
  8
0
  6
Continuous
 62
     7
100
AcDbLine
 10
89.63534175396205
 20
6.213069539075661
 30
0.0
 11
89.67534415300196
 21
6.213067235295653
 31
0.0
  0
LINE
  5
89C
330
231
100
AcDbEntity
  8
0
  6
Continuous
 62
     7
100
AcDbLine
 10
89.67534415300196
 20
6.233067205455654
 30
0.0
 11
89.63534175396205
 21
6.233069509235633
 31
0.0
  0
LINE
  5
89D
330
231
100
AcDbEntity
  8
0
  6
Continuous
 62
     7
100
AcDbLine
 10
89.63534175396205
 20
6.47306950929564
 30
0.0
 11
89.67534415300196
 21
6.473067205515661
 31
0.0
  0
LINE
  5
89E
330
231
100
AcDbEntity
  8
0
  6
Continuous
 62
     7
100
AcDbLine
 10
91.615344154122
 20
15.04904334283566
 30
0.0
 11
91.530344153942
 21
15.08303879427566
 31
0.0
  0
LINE
  5
89F
330
231
100
AcDbEntity
  8
0
  6
Continuous
 62
     7
100
AcDbLine
 10
90.02534415404198
 20
16.33521004405565
 30
0.0
 11
90.16561801370199
 21
16.27348954265565
 31
0.0
  0
LINE
  5
8A0
330
231
100
AcDbEntity
  8
0
  6
Continuous
 62
     7
100
AcDbLine
 10
92.32424870786195
 20
15.62784804755566
 30
0.0
 11
92.52561801556192
 21
15.53924555267565
 31
0.0
  0
LINE
  5
8A1
330
231
100
AcDbEntity
  8
0
  6
Continuous
 62
     7
100
AcDbLine
 10
90.28643959832198
 20
16.54808405315566
 30
0.0
 11
90.08507029062196
 21
16.63668654803567
 31
0.0
  0
LINE
  5
8A2
330
231
100
AcDbEntity
  8
0
  6
Continuous
 62
     7
100
AcDbLine
 10
92.58534415214199
 20
15.84072205665566
 30
0.0
 11
92.44507029248195
 21
15.90244255551565
 31
0.0
  0
LINE
  5
8A3
330
231
100
AcDbEntity
  8
0
  6
Continuous
 62
     7
100
AcDbLine
 10
90.02534415404198
 20
22.17809721017562
 30
0.0
 11
90.06738088480194
 21
22.14306660205565
 31
0.0
  0
LINE
  5
8A4
330
231
100
AcDbEntity
  8
0
  6
Continuous
 62
     7
100
AcDbLine
 10
90.16561801370199
 20
15.90244255551565
 30
0.0
 11
90.02534415404198
 21
15.84072205665566
 31
0.0
  0
LINE
  5
8A5
330
231
100
AcDbEntity
  8
0
  6
Continuous
 62
     7
100
AcDbLine
 10
92.52561801556192
 20
16.63668654803567
 30
0.0
 11
92.32424870786195
 21
16.54808405315566
 31
0.0
  0
LINE
  5
8A6
330
231
100
AcDbEntity
  8
0
  6
Continuous
 62
     7
100
AcDbLine
 10
90.08507029062196
 20
15.53924555267565
 30
0.0
 11
90.28643959832198
 21
15.62784804755566
 31
0.0
  0
LINE
  5
8A7
330
231
100
AcDbEntity
  8
0
  6
Continuous
 62
     7
100
AcDbLine
 10
92.44507029248195
 20
16.27348954265565
 30
0.0
 11
92.58534415214199
 21
16.33521004405565
 31
0.0
  0
LINE
  5
8A8
330
231
100
AcDbEntity
  8
0
  6
Continuous
 62
     7
100
AcDbLine
 10
89.73534175208198
 20
6.640903900575665
 30
0.0
 11
89.80184188578192
 21
6.647893345575653
 31
0.0
  0
LINE
  5
8A9
330
231
100
AcDbEntity
  8
0
  6
Continuous
 62
     7
100
AcDbLine
 10
91.60534415380192
 20
7.77285831433565
 30
0.0
 11
91.00534415238195
 21
7.77285831433565
 31
0.0
  0
LINE
  5
8AA
330
231
100
AcDbEntity
  8
0
  6
Continuous
 62
     7
100
AcDbLine
 10
90.02534415404198
 20
20.33521003743567
 30
0.0
 11
90.16561801370199
 21
20.27348953857566
 31
0.0
  0
LINE
  5
8AB
330
231
100
AcDbEntity
  8
0
  6
Continuous
 62
     7
100
AcDbLine
 10
92.32424870786195
 20
19.62784804093567
 30
0.0
 11
92.52561801556192
 21
19.53924554605564
 31
0.0
  0
LINE
  5
8AC
330
231
100
AcDbEntity
  8
0
  6
Continuous
 62
     7
100
AcDbLine
 10
90.28643959832198
 20
20.54808404653565
 30
0.0
 11
90.08507029062196
 21
20.63668654141563
 31
0.0
  0
LINE
  5
8AD
330
231
100
AcDbEntity
  8
0
  6
Continuous
 62
     7
100
AcDbLine
 10
92.58534415214199
 20
19.84072205257564
 30
0.0
 11
92.44507029248195
 21
19.90244255143568
 31
0.0
  0
LINE
  5
8AE
330
231
100
AcDbEntity
  8
0
  6
Continuous
 62
     7
100
AcDbLine
 10
91.08034415224199
 20
15.08303879427566
 30
0.0
 11
90.99534415206193
 21
15.04904334283566
 31
0.0
  0
LINE
  5
8AF
330
231
100
AcDbEntity
  8
0
  6
Continuous
 62
     7
100
AcDbLine
 10
91.60534415380192
 20
13.31304211075564
 30
0.0
 11
91.00534415238195
 21
13.31304211075564
 31
0.0
  0
LINE
  5
8B0
330
231
100
AcDbEntity
  8
0
  6
Continuous
 62
     7
100
AcDbLine
 10
90.37799782262197
 20
13.44801691573565
 30
0.0
 11
91.12534415368196
 21
13.44801691573565
 31
0.0
  0
LINE
  5
8B1
330
231
100
AcDbEntity
  8
0
  6
Continuous
 62
     7
100
AcDbLine
 10
91.32534415246198
 20
13.59803297587564
 30
0.0
 11
90.11174434192202
 21
13.59803297587564
 31
0.0
  0
LINE
  5
8B2
330
231
100
AcDbEntity
  8
0
  6
Continuous
 62
     7
100
AcDbLine
 10
91.60534415380192
 20
13.61771013743566
 30
0.0
 11
91.00534415238195
 21
13.61771013743566
 31
0.0
  0
LINE
  5
8B3
330
231
100
AcDbEntity
  8
0
  6
Continuous
 62
     7
100
AcDbLine
 10
90.08762447652197
 20
13.61782792485564
 30
0.0
 11
91.00400009360198
 21
13.61782792485564
 31
0.0
  0
LINE
  5
8B4
330
231
100
AcDbEntity
  8
0
  6
Continuous
 62
     7
100
AcDbLine
 10
91.00534415238195
 20
13.81771013875564
 30
0.0
 11
91.60534415380192
 21
13.81771013875564
 31
0.0
  0
LINE
  5
8B5
330
231
100
AcDbEntity
  8
0
  6
Continuous
 62
     7
100
AcDbLine
 10
91.00534415238195
 20
13.91771549119565
 30
0.0
 11
91.60534415380192
 21
13.91771549119565
 31
0.0
  0
LINE
  5
8B6
330
231
100
AcDbEntity
  8
0
  6
Continuous
 62
     7
100
AcDbLine
 10
89.78090183622191
 20
13.91782792429564
 30
0.0
 11
90.18190615486195
 21
13.91782792429564
 31
0.0
  0
LINE
  5
8B7
330
231
100
AcDbEntity
  8
0
  6
Continuous
 62
     7
100
AcDbLine
 10
91.38034415168197
 20
13.93244545919563
 30
0.0
 11
91.23034415196201
 21
13.93244545919563
 31
0.0
  0
LINE
  5
8B8
330
231
100
AcDbEntity
  8
0
  6
Continuous
 62
     7
100
AcDbLine
 10
90.1153441518419
 20
13.93802334237563
 30
0.0
 11
90.16171096284187
 21
13.93802334237563
 31
0.0
  0
LINE
  5
8B9
330
231
100
AcDbEntity
  8
0
  6
Continuous
 62
     7
100
AcDbLine
 10
90.81256317650201
 20
13.93802334237563
 30
0.0
 11
91.60534415380192
 21
13.93797409685564
 31
0.0
  0
LINE
  5
8BA
330
231
100
AcDbEntity
  8
0
  6
Continuous
 62
     7
100
AcDbLine
 10
89.69768592442205
 20
14.02611832747567
 30
0.0
 11
89.73534175208198
 21
14.02611832493568
 31
0.0
  0
LINE
  5
8BB
330
231
100
AcDbEntity
  8
0
  6
Continuous
 62
     7
100
AcDbLine
 10
89.73534175208198
 20
14.05659833001567
 30
0.0
 11
89.68139412058196
 21
14.05659833255566
 31
0.0
  0
LINE
  5
8BC
330
231
100
AcDbEntity
  8
0
  6
Continuous
 62
     7
100
AcDbLine
 10
91.60534415380192
 20
14.08796605239564
 30
0.0
 11
91.00534415238195
 21
14.08796605239564
 31
0.0
  0
LINE
  5
8BD
330
231
100
AcDbEntity
  8
0
  6
Continuous
 62
     7
100
AcDbLine
 10
92.15697810514194
 20
14.08799346661564
 30
0.0
 11
92.12061108872189
 21
14.08799346661564
 31
0.0
  0
LINE
  5
8BE
330
231
100
AcDbEntity
  8
0
  6
Continuous
 62
     7
100
AcDbLine
 10
90.00449951450196
 20
14.10395422971564
 30
0.0
 11
89.65608201982195
 21
14.10395422717565
 31
0.0
  0
LINE
  5
8BF
330
231
100
AcDbEntity
  8
0
  6
Continuous
 62
     7
100
AcDbLine
 10
89.63534175396205
 20
14.40395422661566
 30
0.0
 11
89.82880755194191
 21
14.40395422915563
 31
0.0
  0
LINE
  5
8C0
330
231
100
AcDbEntity
  8
0
  6
Continuous
 62
     7
100
AcDbLine
 10
89.67534415300196
 20
14.48802333965565
 30
0.0
 11
89.79504028140196
 21
14.48802333965565
 31
0.0
  0
LINE
  5
8C1
330
231
100
AcDbEntity
  8
0
  6
Continuous
 62
     7
100
AcDbLine
 10
89.66582175904193
 20
14.50609879753566
 30
0.0
 11
89.67534415300196
 21
14.50609879499566
 31
0.0
  0
LINE
  5
8C2
330
231
100
AcDbEntity
  8
0
  6
Continuous
 62
     7
100
AcDbLine
 10
89.67534415300196
 20
14.53657880007566
 30
0.0
 11
89.66582175904193
 21
14.53657880261565
 31
0.0
  0
LINE
  5
8C3
330
231
100
AcDbEntity
  8
0
  6
Continuous
 62
     7
100
AcDbLine
 10
89.67074174158199
 20
14.59396640691565
 30
0.0
 11
89.67534415300196
 21
14.59396640691565
 31
0.0
  0
LINE
  5
8C4
330
231
100
AcDbEntity
  8
0
  6
Continuous
 62
     7
100
AcDbLine
 10
89.67534415300196
 20
14.61396640501564
 30
0.0
 11
89.65074174094201
 21
14.61396640755566
 31
0.0
  0
LINE
  5
8C5
330
231
100
AcDbEntity
  8
0
  6
Continuous
 62
     7
100
AcDbLine
 10
91.23034415196201
 20
14.74276741233564
 30
0.0
 11
91.38034415168197
 21
14.74276741233564
 31
0.0
  0
LINE
  5
8C6
330
231
100
AcDbEntity
  8
0
  6
Continuous
 62
     7
100
AcDbLine
 10
91.45534415408196
 20
14.74289270291564
 30
0.0
 11
91.38034415168197
 21
14.74289270291564
 31
0.0
  0
LINE
  5
8C7
330
231
100
AcDbEntity
  8
0
  6
Continuous
 62
     7
100
AcDbLine
 10
91.23034415196201
 20
14.74289270291564
 30
0.0
 11
91.15534415210191
 21
14.74289270291564
 31
0.0
  0
LINE
  5
8C8
330
231
100
AcDbEntity
  8
0
  6
Continuous
 62
     7
100
AcDbLine
 10
91.38034415168197
 20
14.74991775363565
 30
0.0
 11
91.23034415196201
 21
14.74991775363565
 31
0.0
  0
LINE
  5
8C9
330
231
100
AcDbEntity
  8
0
  6
Continuous
 62
     7
100
AcDbLine
 10
91.23034415196201
 20
14.79276666209566
 30
0.0
 11
90.99534415206193
 21
14.79276666209566
 31
0.0
  0
LINE
  5
8CA
330
231
100
AcDbEntity
  8
0
  6
Continuous
 62
     7
100
AcDbLine
 10
91.38034415168197
 20
14.79276666209566
 30
0.0
 11
91.615344154122
 21
14.79276666209566
 31
0.0
  0
LINE
  5
8CB
330
231
100
AcDbEntity
  8
0
  6
Continuous
 62
     7
100
AcDbLine
 10
89.92534415338202
 20
14.89771013775564
 30
0.0
 11
90.02534415404198
 21
14.89771548953564
 31
0.0
  0
LINE
  5
8CC
330
231
100
AcDbEntity
  8
0
  6
Continuous
 62
     7
100
AcDbLine
 10
92.56534415404201
 20
14.89797408185564
 30
0.0
 11
92.41534415178199
 21
14.89796605037566
 31
0.0
  0
LINE
  5
8CD
330
231
100
AcDbEntity
  8
0
  6
Continuous
 62
     7
100
AcDbLine
 10
89.67534415300196
 20
14.94804743103566
 30
0.0
 11
89.63534175396205
 21
14.94804743103566
 31
0.0
  0
LINE
  5
8CE
330
231
100
AcDbEntity
  8
0
  6
Continuous
 62
     7
100
AcDbLine
 10
89.67534415300196
 20
14.63808592497565
 30
0.0
 11
89.63534175396205
 21
14.63809006771566
 31
0.0
  0
LINE
  5
8CF
330
231
100
AcDbEntity
  8
0
  6
Continuous
 62
     7
100
AcDbLine
 10
89.63534175396205
 20
14.88809006809566
 30
0.0
 11
89.67534415300196
 21
14.88808592535562
 31
0.0
  0
LINE
  5
8D0
330
231
100
AcDbEntity
  8
0
  6
Continuous
 62
     7
100
AcDbLine
 10
92.58534415214199
 20
14.89771548953564
 30
0.0
 11
92.68534415280198
 21
14.89771013775564
 31
0.0
  0
LINE
  5
8D1
330
231
100
AcDbEntity
  8
0
  6
Continuous
 62
     7
100
AcDbLine
 10
90.195344151862
 20
14.89796605291562
 30
0.0
 11
90.04534415214193
 21
14.89797408185564
 31
0.0
  0
LINE
  5
8D2
330
231
100
AcDbEntity
  8
0
  6
Continuous
 62
     7
100
AcDbLine
 10
89.67534415300196
 20
14.90308595377564
 30
0.0
 11
89.63534175396205
 21
14.90309009651568
 31
0.0
  0
LINE
  5
8D3
330
231
100
AcDbEntity
  8
0
  6
Continuous
 62
     7
100
AcDbLine
 10
91.08034415224199
 20
21.09241680597569
 30
0.0
 11
90.99534415206193
 21
21.12642135823563
 31
0.0
  0
LINE
  5
8D4
330
231
100
AcDbEntity
  8
0
  6
Continuous
 62
     7
100
AcDbLine
 10
90.06705282856193
 20
-1.032169282584362
 30
0.0
 11
90.02534415404198
 21
-1.066926510504316
 31
0.0
  0
LINE
  5
8D5
330
231
100
AcDbEntity
  8
0
  6
Continuous
 62
     7
100
AcDbLine
 10
91.65534415286197
 20
15.16275797697565
 30
0.0
 11
91.62070729300195
 21
15.16275247279566
 31
0.0
  0
LINE
  5
8D6
330
231
100
AcDbEntity
  8
0
  6
Continuous
 62
     7
100
AcDbLine
 10
91.615344154122
 20
15.51275225539564
 30
0.0
 11
91.65534415286197
 21
15.51275800595567
 31
0.0
  0
LINE
  5
8D7
330
231
100
AcDbEntity
  8
0
  6
Continuous
 62
     7
100
AcDbLine
 10
91.65534415286197
 20
17.21278745069563
 30
0.0
 11
91.615344154122
 21
17.21278165441563
 31
0.0
  0
LINE
  5
8D8
330
231
100
AcDbEntity
  8
0
  6
Continuous
 62
     7
100
AcDbLine
 10
91.615344154122
 20
17.46278165479563
 30
0.0
 11
91.65534415286197
 21
17.46278745107565
 31
0.0
  0
LINE
  5
8D9
330
231
100
AcDbEntity
  8
0
  6
Continuous
 62
     7
100
AcDbLine
 10
91.65534415286197
 20
17.71278736001568
 30
0.0
 11
91.615344154122
 21
17.71278160691565
 31
0.0
  0
LINE
  5
8DA
330
231
100
AcDbEntity
  8
0
  6
Continuous
 62
     7
100
AcDbLine
 10
91.615344154122
 20
17.96278160729565
 30
0.0
 11
91.65534415286197
 21
17.96278736039562
 31
0.0
  0
LINE
  5
8DB
330
231
100
AcDbEntity
  8
0
  6
Continuous
 62
     7
100
AcDbLine
 10
91.65534415286197
 20
18.21278737093567
 30
0.0
 11
91.615344154122
 21
18.21278161783564
 31
0.0
  0
LINE
  5
8DC
330
231
100
AcDbEntity
  8
0
  6
Continuous
 62
     7
100
AcDbLine
 10
91.615344154122
 20
18.46278161821564
 30
0.0
 11
91.65534415286197
 21
18.46278737131564
 31
0.0
  0
LINE
  5
8DD
330
231
100
AcDbEntity
  8
0
  6
Continuous
 62
     7
100
AcDbLine
 10
91.23034415196201
 20
15.01758522185565
 30
0.0
 11
91.38034415168197
 21
15.01758522185565
 31
0.0
  0
LINE
  5
8DE
330
231
100
AcDbEntity
  8
0
  6
Continuous
 62
     7
100
AcDbLine
 10
91.530344153942
 20
15.08303879427566
 30
0.0
 11
91.38034415168197
 21
15.08303879427566
 31
0.0
  0
LINE
  5
8DF
330
231
100
AcDbEntity
  8
0
  6
Continuous
 62
     7
100
AcDbLine
 10
91.23034415196201
 20
15.08303879427566
 30
0.0
 11
91.08034415224199
 21
15.08303879427566
 31
0.0
  0
LINE
  5
8E0
330
231
100
AcDbEntity
  8
0
  6
Continuous
 62
     7
100
AcDbLine
 10
91.38034415168197
 20
15.11042952689564
 30
0.0
 11
91.23034415196201
 21
15.11042952689564
 31
0.0
  0
LINE
  5
8E1
330
231
100
AcDbEntity
  8
0
  6
Continuous
 62
     7
100
AcDbLine
 10
91.23034415196201
 20
15.19272623047567
 30
0.0
 11
91.38034415168197
 21
15.19272623047567
 31
0.0
  0
LINE
  5
8E2
330
231
100
AcDbEntity
  8
0
  6
Continuous
 62
     7
100
AcDbLine
 10
91.90534415324203
 20
15.19289270207565
 30
0.0
 11
91.67534415350194
 21
15.19288038815566
 31
0.0
  0
LINE
  5
8E3
330
231
100
AcDbEntity
  8
0
  6
Continuous
 62
     7
100
AcDbLine
 10
91.90534415324203
 20
15.43796604987562
 30
0.0
 11
92.41534415178199
 21
15.43796604987562
 31
0.0
  0
LINE
  5
8E4
330
231
100
AcDbEntity
  8
0
  6
Continuous
 62
     7
100
AcDbLine
 10
92.41534415178199
 20
15.43796604987562
 30
0.0
 11
92.56534415404201
 21
15.43797408135563
 31
0.0
  0
LINE
  5
8E5
330
231
100
AcDbEntity
  8
0
  6
Continuous
 62
     7
100
AcDbLine
 10
89.67534415300196
 20
15.44804742925563
 30
0.0
 11
89.63534175396205
 21
15.44804742925563
 31
0.0
  0
LINE
  5
8E6
330
231
100
AcDbEntity
  8
0
  6
Continuous
 62
     7
100
AcDbLine
 10
89.72534415206196
 20
15.73802333647566
 30
0.0
 11
89.67534415300196
 21
15.73802333647566
 31
0.0
  0
LINE
  5
8E7
330
231
100
AcDbEntity
  8
0
  6
Continuous
 62
     7
100
AcDbLine
 10
89.67534415300196
 20
16.05722723959567
 30
0.0
 11
89.63534175396205
 21
16.05722723959567
 31
0.0
  0
LINE
  5
8E8
330
231
100
AcDbEntity
  8
0
  6
Continuous
 62
     7
100
AcDbLine
 10
90.04534415214193
 20
16.11804374229564
 30
0.0
 11
90.02534415404198
 21
16.11804374229564
 31
0.0
  0
LINE
  5
8E9
330
231
100
AcDbEntity
  8
0
  6
Continuous
 62
     7
100
AcDbLine
 10
89.72534415206196
 20
16.11804374229564
 30
0.0
 11
89.67534415300196
 21
16.11804374229564
 31
0.0
  0
LINE
  5
8EA
330
231
100
AcDbEntity
  8
0
  6
Continuous
 62
     7
100
AcDbLine
 10
89.63534175904204
 20
16.13910069535563
 30
0.0
 11
89.63634251142201
 21
16.13910069535563
 31
0.0
  0
LINE
  5
8EB
330
231
100
AcDbEntity
  8
0
  6
Continuous
 62
     7
100
AcDbLine
 10
89.67534415300196
 20
16.55716620415566
 30
0.0
 11
89.63534175396205
 21
16.55716620415566
 31
0.0
  0
LINE
  5
8EC
330
231
100
AcDbEntity
  8
0
  6
Continuous
 62
     7
100
AcDbLine
 10
89.67534415300196
 20
16.55722724035564
 30
0.0
 11
89.63534175396205
 21
16.55722724035564
 31
0.0
  0
LINE
  5
8ED
330
231
100
AcDbEntity
  8
0
  6
Continuous
 62
     7
100
AcDbLine
 10
89.63634251142201
 20
16.58202200915565
 30
0.0
 11
89.63534175904204
 21
16.58202201169564
 31
0.0
  0
LINE
  5
8EE
330
231
100
AcDbEntity
  8
0
  6
Continuous
 62
     7
100
AcDbLine
 10
89.63634251142201
 20
16.67968306859563
 30
0.0
 11
89.63534174634196
 21
16.67968306859563
 31
0.0
  0
LINE
  5
8EF
330
231
100
AcDbEntity
  8
0
  6
Continuous
 62
     7
100
AcDbLine
 10
89.63634251142201
 20
16.71016306859567
 30
0.0
 11
89.63534174634196
 21
16.71016306859567
 31
0.0
  0
LINE
  5
8F0
330
231
100
AcDbEntity
  8
0
  6
Continuous
 62
     7
100
AcDbLine
 10
92.41534415178199
 20
16.73796604829564
 30
0.0
 11
91.90534415324203
 21
16.73796604829564
 31
0.0
  0
LINE
  5
8F1
330
231
100
AcDbEntity
  8
0
  6
Continuous
 62
     7
100
AcDbLine
 10
92.56534415404201
 20
16.73797407977565
 30
0.0
 11
92.41534415178199
 21
16.73796604829564
 31
0.0
  0
LINE
  5
8F2
330
231
100
AcDbEntity
  8
0
  6
Continuous
 62
     7
100
AcDbLine
 10
90.02534415404198
 20
17.13801423219564
 30
0.0
 11
90.04534415214193
 21
17.13801423219564
 31
0.0
  0
LINE
  5
8F3
330
231
100
AcDbEntity
  8
0
  6
Continuous
 62
     7
100
AcDbLine
 10
89.67534415300196
 20
17.49247040415565
 30
0.0
 11
89.63634251142201
 21
17.49247040415565
 31
0.0
  0
LINE
  5
8F4
330
231
100
AcDbEntity
  8
0
  6
Continuous
 62
     7
100
AcDbLine
 10
89.67534415300196
 20
17.63919594509565
 30
0.0
 11
89.63534175396205
 21
17.63919594509565
 31
0.0
  0
LINE
  5
8F5
330
231
100
AcDbEntity
  8
0
  6
Continuous
 62
     7
100
AcDbLine
 10
89.67534415300196
 20
17.66919594351566
 30
0.0
 11
89.63534175396205
 21
17.66919594351566
 31
0.0
  0
LINE
  5
8F6
330
231
100
AcDbEntity
  8
0
  6
Continuous
 62
     7
100
AcDbLine
 10
89.67534415300196
 20
17.93919594199568
 30
0.0
 11
89.63534175396205
 21
17.93919594199568
 31
0.0
  0
LINE
  5
8F7
330
231
100
AcDbEntity
  8
0
  6
Continuous
 62
     7
100
AcDbLine
 10
89.67534415300196
 20
18.05925843999566
 30
0.0
 11
89.63534175396205
 21
18.05925843999566
 31
0.0
  0
LINE
  5
8F8
330
231
100
AcDbEntity
  8
0
  6
Continuous
 62
     7
100
AcDbLine
 10
89.63534175396205
 20
18.50010901117565
 30
0.0
 11
89.67534415300196
 21
18.50010901117565
 31
0.0
  0
LINE
  5
8F9
330
231
100
AcDbEntity
  8
0
  6
Continuous
 62
     7
100
AcDbLine
 10
89.67534415300196
 20
18.51010900895565
 30
0.0
 11
89.63534175396205
 21
18.51010900895565
 31
0.0
  0
LINE
  5
8FA
330
231
100
AcDbEntity
  8
0
  6
Continuous
 62
     7
100
AcDbLine
 10
90.98998101318192
 20
15.16275247279566
 30
0.0
 11
90.95534415332195
 21
15.16275797697565
 31
0.0
  0
LINE
  5
8FB
330
231
100
AcDbEntity
  8
0
  6
Continuous
 62
     7
100
AcDbLine
 10
90.93534415268198
 20
15.19288038815566
 30
0.0
 11
90.70534415294195
 21
15.19289270207565
 31
0.0
  0
LINE
  5
8FC
330
231
100
AcDbEntity
  8
0
  6
Continuous
 62
     7
100
AcDbLine
 10
90.04534415214193
 20
15.43797408135563
 30
0.0
 11
90.70534415294195
 21
15.43796604987562
 31
0.0
  0
LINE
  5
8FD
330
231
100
AcDbEntity
  8
0
  6
Continuous
 62
     7
100
AcDbLine
 10
90.95534415332195
 20
15.51275800595567
 30
0.0
 11
90.99534415206193
 21
15.51275225539564
 31
0.0
  0
LINE
  5
8FE
330
231
100
AcDbEntity
  8
0
  6
Continuous
 62
     7
100
AcDbLine
 10
89.63534175396205
 20
15.67809006543567
 30
0.0
 11
89.67534415300196
 21
15.67808592269566
 31
0.0
  0
LINE
  5
8FF
330
231
100
AcDbEntity
  8
0
  6
Continuous
 62
     7
100
AcDbLine
 10
89.67534415300196
 20
15.69808594619565
 30
0.0
 11
89.63534175396205
 21
15.69809003051566
 31
0.0
  0
LINE
  5
900
330
231
100
AcDbEntity
  8
0
  6
Continuous
 62
     7
100
AcDbLine
 10
89.63534175396205
 20
15.93809003057566
 30
0.0
 11
89.67534415300196
 21
15.93808594625562
 31
0.0
  0
LINE
  5
901
330
231
100
AcDbEntity
  8
0
  6
Continuous
 62
     7
100
AcDbLine
 10
89.67534415300196
 20
16.23808594569567
 30
0.0
 11
89.63534175396205
 21
16.23809003001565
 31
0.0
  0
LINE
  5
902
330
231
100
AcDbEntity
  8
0
  6
Continuous
 62
     7
100
AcDbLine
 10
89.63534175396205
 20
16.43809002879564
 30
0.0
 11
89.67534415300196
 21
16.43808594447569
 31
0.0
  0
LINE
  5
903
330
231
100
AcDbEntity
  8
0
  6
Continuous
 62
     7
100
AcDbLine
 10
90.99534415206193
 20
16.66277105771564
 30
0.0
 11
90.95534415332195
 21
16.66277672191563
 31
0.0
  0
LINE
  5
904
330
231
100
AcDbEntity
  8
0
  6
Continuous
 62
     7
100
AcDbLine
 10
91.65534415286197
 20
16.66277672191563
 30
0.0
 11
91.615344154122
 21
16.66277105771564
 31
0.0
  0
LINE
  5
905
330
231
100
AcDbEntity
  8
0
  6
Continuous
 62
     7
100
AcDbLine
 10
89.67534415300196
 20
16.73808592105564
 30
0.0
 11
89.63534175396205
 21
16.73809006379565
 31
0.0
  0
LINE
  5
906
330
231
100
AcDbEntity
  8
0
  6
Continuous
 62
     7
100
AcDbLine
 10
90.70534415294195
 20
16.73796604829564
 30
0.0
 11
90.04534415214193
 21
16.73797407977565
 31
0.0
  0
LINE
  5
907
330
231
100
AcDbEntity
  8
0
  6
Continuous
 62
     7
100
AcDbLine
 10
89.63534175396205
 20
16.93809006511566
 30
0.0
 11
89.67534415300196
 21
16.93808592237565
 31
0.0
  0
LINE
  5
908
330
231
100
AcDbEntity
  8
0
  6
Continuous
 62
     7
100
AcDbLine
 10
90.95534415332195
 20
17.01277672041564
 30
0.0
 11
90.99534415206193
 21
17.01277105875564
 31
0.0
  0
LINE
  5
909
330
231
100
AcDbEntity
  8
0
  6
Continuous
 62
     7
100
AcDbLine
 10
91.615344154122
 20
17.01277102827563
 30
0.0
 11
91.65534415286197
 21
17.01277668993566
 31
0.0
  0
LINE
  5
90A
330
231
100
AcDbEntity
  8
0
  6
Continuous
 62
     7
100
AcDbLine
 10
90.99534415206193
 20
17.21278169759566
 30
0.0
 11
90.95534415332195
 21
17.21278745069563
 31
0.0
  0
LINE
  5
90B
330
231
100
AcDbEntity
  8
0
  6
Continuous
 62
     7
100
AcDbLine
 10
89.67534415300196
 20
17.23808594975565
 30
0.0
 11
89.63534175396205
 21
17.23809009249567
 31
0.0
  0
LINE
  5
90C
330
231
100
AcDbEntity
  8
0
  6
Continuous
 62
     7
100
AcDbLine
 10
89.63534175396205
 20
17.43809009381564
 30
0.0
 11
89.67534415300196
 21
17.43808595107566
 31
0.0
  0
LINE
  5
90D
330
231
100
AcDbEntity
  8
0
  6
Continuous
 62
     7
100
AcDbLine
 10
90.95534415332195
 20
17.46278745107565
 30
0.0
 11
90.99534415206193
 21
17.46278169797566
 31
0.0
  0
LINE
  5
90E
330
231
100
AcDbEntity
  8
0
  6
Continuous
 62
     7
100
AcDbLine
 10
90.99534415206193
 20
17.71278156373563
 30
0.0
 11
90.95534415332195
 21
17.71278736001568
 31
0.0
  0
LINE
  5
90F
330
231
100
AcDbEntity
  8
0
  6
Continuous
 62
     7
100
AcDbLine
 10
89.67534415300196
 20
17.73808592003564
 30
0.0
 11
89.63534175396205
 21
17.73809006277562
 31
0.0
  0
LINE
  5
910
330
231
100
AcDbEntity
  8
0
  6
Continuous
 62
     7
100
AcDbLine
 10
89.63534175396205
 20
17.93809006409566
 30
0.0
 11
89.67534415300196
 21
17.93808591881566
 31
0.0
  0
LINE
  5
911
330
231
100
AcDbEntity
  8
0
  6
Continuous
 62
     7
100
AcDbLine
 10
90.95534415332195
 20
17.96278736039562
 30
0.0
 11
90.99534415206193
 21
17.96278156411566
 31
0.0
  0
LINE
  5
912
330
231
100
AcDbEntity
  8
0
  6
Continuous
 62
     7
100
AcDbLine
 10
90.99534415206193
 20
18.21278157465565
 30
0.0
 11
90.95534415332195
 21
18.21278737093567
 31
0.0
  0
LINE
  5
913
330
231
100
AcDbEntity
  8
0
  6
Continuous
 62
     7
100
AcDbLine
 10
89.67534415300196
 20
18.23808591825565
 30
0.0
 11
89.63534175396205
 21
18.23809006353565
 31
0.0
  0
LINE
  5
914
330
231
100
AcDbEntity
  8
0
  6
Continuous
 62
     7
100
AcDbLine
 10
89.63534175396205
 20
18.43809006231564
 30
0.0
 11
89.67534415300196
 21
18.43808591957565
 31
0.0
  0
LINE
  5
915
330
231
100
AcDbEntity
  8
0
  6
Continuous
 62
     7
100
AcDbLine
 10
90.95534415332195
 20
18.46278737131564
 30
0.0
 11
90.99534415206193
 21
18.46278157249566
 31
0.0
  0
LINE
  5
916
330
231
100
AcDbEntity
  8
0
  6
Continuous
 62
     7
100
AcDbLine
 10
90.16561801370199
 20
4.837477075635661
 30
0.0
 11
90.02534415404198
 21
4.775756576775648
 31
0.0
  0
LINE
  5
917
330
231
100
AcDbEntity
  8
0
  6
Continuous
 62
     7
100
AcDbLine
 10
92.52561801556192
 20
5.571721070695645
 30
0.0
 11
92.32424870786195
 21
5.483118575815637
 31
0.0
  0
LINE
  5
918
330
231
100
AcDbEntity
  8
0
  6
Continuous
 62
     7
100
AcDbLine
 10
90.08507029062196
 20
4.474280072795636
 30
0.0
 11
90.28643959832198
 21
4.562882567675643
 31
0.0
  0
LINE
  5
919
330
231
100
AcDbEntity
  8
0
  6
Continuous
 62
     7
100
AcDbLine
 10
92.44507029248195
 20
5.208524065315629
 30
0.0
 11
92.58534415214199
 21
5.270244564175669
 31
0.0
  0
LINE
  5
91A
330
231
100
AcDbEntity
  8
0
  6
Continuous
 62
     7
100
AcDbLine
 10
91.530344153942
 20
6.027557144035682
 30
0.0
 11
91.615344154122
 21
6.061559674455679
 31
0.0
  0
LINE
  5
91B
330
231
100
AcDbEntity
  8
0
  6
Continuous
 62
     7
100
AcDbLine
 10
91.65534415286197
 20
18.71278744789563
 30
0.0
 11
91.615344154122
 21
18.71278165161564
 31
0.0
  0
LINE
  5
91C
330
231
100
AcDbEntity
  8
0
  6
Continuous
 62
     7
100
AcDbLine
 10
91.615344154122
 20
18.96278165199567
 30
0.0
 11
91.65534415286197
 21
18.96278744827563
 31
0.0
  0
LINE
  5
91D
330
231
100
AcDbEntity
  8
0
  6
Continuous
 62
     7
100
AcDbLine
 10
91.65534415286197
 20
20.66275797009564
 30
0.0
 11
91.615344154122
 21
20.66275221699567
 31
0.0
  0
LINE
  5
91E
330
231
100
AcDbEntity
  8
0
  6
Continuous
 62
     7
100
AcDbLine
 10
91.62070729300195
 20
21.01275246441563
 30
0.0
 11
91.65534415286197
 21
21.01275796859565
 31
0.0
  0
LINE
  5
91F
330
231
100
AcDbEntity
  8
0
  6
Continuous
 62
     7
100
AcDbLine
 10
89.92534415338202
 20
18.58771013137564
 30
0.0
 11
90.02534415404198
 21
18.58771548569564
 31
0.0
  0
LINE
  5
920
330
231
100
AcDbEntity
  8
0
  6
Continuous
 62
     7
100
AcDbLine
 10
90.02534415404198
 20
18.59771548601566
 30
0.0
 11
89.92534415338202
 21
18.59771013169566
 31
0.0
  0
LINE
  5
921
330
231
100
AcDbEntity
  8
0
  6
Continuous
 62
     7
100
AcDbLine
 10
90.04534415214193
 20
19.03801422949567
 30
0.0
 11
90.02534415404198
 21
19.03801422949567
 31
0.0
  0
LINE
  5
922
330
231
100
AcDbEntity
  8
0
  6
Continuous
 62
     7
100
AcDbLine
 10
92.56534415404201
 20
19.26690297161565
 30
0.0
 11
92.58534415214199
 21
19.26690297161565
 31
0.0
  0
LINE
  5
923
330
231
100
AcDbEntity
  8
0
  6
Continuous
 62
     7
100
AcDbLine
 10
91.90534415324203
 20
19.43796604579566
 30
0.0
 11
92.41534415178199
 21
19.43796604579566
 31
0.0
  0
LINE
  5
924
330
231
100
AcDbEntity
  8
0
  6
Continuous
 62
     7
100
AcDbLine
 10
92.41534415178199
 20
19.43796604579566
 30
0.0
 11
92.56534415404201
 21
19.43797407727564
 31
0.0
  0
LINE
  5
925
330
231
100
AcDbEntity
  8
0
  6
Continuous
 62
     7
100
AcDbLine
 10
89.63534175396205
 20
19.45010901109566
 30
0.0
 11
89.67534415300196
 21
19.45010901109566
 31
0.0
  0
LINE
  5
926
330
231
100
AcDbEntity
  8
0
  6
Continuous
 62
     7
100
AcDbLine
 10
89.67534415300196
 20
19.46010900887563
 30
0.0
 11
89.63534175396205
 21
19.46010901141565
 31
0.0
  0
LINE
  5
927
330
231
100
AcDbEntity
  8
0
  6
Continuous
 62
     7
100
AcDbLine
 10
89.67534415300196
 20
20.05804367533565
 30
0.0
 11
89.72534415206196
 21
20.05804367533565
 31
0.0
  0
LINE
  5
928
330
231
100
AcDbEntity
  8
0
  6
Continuous
 62
     7
100
AcDbLine
 10
90.02534415404198
 20
20.05804367533565
 30
0.0
 11
90.04534415214193
 21
20.05804367533565
 31
0.0
  0
LINE
  5
929
330
231
100
AcDbEntity
  8
0
  6
Continuous
 62
     7
100
AcDbLine
 10
89.72534415206196
 20
20.43802332939563
 30
0.0
 11
89.67534415300196
 21
20.43802332939563
 31
0.0
  0
LINE
  5
92A
330
231
100
AcDbEntity
  8
0
  6
Continuous
 62
     7
100
AcDbLine
 10
89.67534415300196
 20
20.72804742295568
 30
0.0
 11
89.63534175396205
 21
20.72804742295568
 31
0.0
  0
LINE
  5
92B
330
231
100
AcDbEntity
  8
0
  6
Continuous
 62
     7
100
AcDbLine
 10
92.41534415178199
 20
20.73796604421563
 30
0.0
 11
91.90534415324203
 21
20.73796604421563
 31
0.0
  0
LINE
  5
92C
330
231
100
AcDbEntity
  8
0
  6
Continuous
 62
     7
100
AcDbLine
 10
92.56534415404201
 20
20.73797407315567
 30
0.0
 11
92.41534415178199
 21
20.73796604421563
 31
0.0
  0
LINE
  5
92D
330
231
100
AcDbEntity
  8
0
  6
Continuous
 62
     7
100
AcDbLine
 10
91.38034415168197
 20
20.98272622017566
 30
0.0
 11
91.23034415196201
 21
20.98272622017566
 31
0.0
  0
LINE
  5
92E
330
231
100
AcDbEntity
  8
0
  6
Continuous
 62
     7
100
AcDbLine
 10
91.67534415350194
 20
20.98288038039564
 30
0.0
 11
91.90534415324203
 21
20.98289269431564
 31
0.0
  0
LINE
  5
92F
330
231
100
AcDbEntity
  8
0
  6
Continuous
 62
     7
100
AcDbLine
 10
91.23034415196201
 20
21.06502292375564
 30
0.0
 11
91.38034415168197
 21
21.06502292375564
 31
0.0
  0
LINE
  5
930
330
231
100
AcDbEntity
  8
0
  6
Continuous
 62
     7
100
AcDbLine
 10
91.08034415224199
 20
21.09241680597569
 30
0.0
 11
91.23034415196201
 21
21.09241680597569
 31
0.0
  0
LINE
  5
931
330
231
100
AcDbEntity
  8
0
  6
Continuous
 62
     7
100
AcDbLine
 10
91.38034415168197
 20
21.09241680597569
 30
0.0
 11
91.530344153942
 21
21.09241680597569
 31
0.0
  0
LINE
  5
932
330
231
100
AcDbEntity
  8
0
  6
Continuous
 62
     7
100
AcDbLine
 10
91.38034415168197
 20
21.15787395979564
 30
0.0
 11
91.23034415196201
 21
21.15787395979564
 31
0.0
  0
LINE
  5
933
330
231
100
AcDbEntity
  8
0
  6
Continuous
 62
     7
100
AcDbLine
 10
89.67534415300196
 20
21.22804742117566
 30
0.0
 11
89.63534175396205
 21
21.22804742117566
 31
0.0
  0
LINE
  5
934
330
231
100
AcDbEntity
  8
0
  6
Continuous
 62
     7
100
AcDbLine
 10
90.02534415404198
 20
21.27771548033564
 30
0.0
 11
89.92534415338202
 21
21.27771012855564
 31
0.0
  0
LINE
  5
935
330
231
100
AcDbEntity
  8
0
  6
Continuous
 62
     7
100
AcDbLine
 10
92.41534415178199
 20
21.27796604371565
 30
0.0
 11
92.56534415404201
 21
21.27797407265564
 31
0.0
  0
LINE
  5
936
330
231
100
AcDbEntity
  8
0
  6
Continuous
 62
     7
100
AcDbLine
 10
91.23034415196201
 20
21.38276665199567
 30
0.0
 11
90.99534415206193
 21
21.38276665199567
 31
0.0
  0
LINE
  5
937
330
231
100
AcDbEntity
  8
0
  6
Continuous
 62
     7
100
AcDbLine
 10
91.38034415168197
 20
21.38276665199567
 30
0.0
 11
91.615344154122
 21
21.38276665199567
 31
0.0
  0
LINE
  5
938
330
231
100
AcDbEntity
  8
0
  6
Continuous
 62
     7
100
AcDbLine
 10
91.23034415196201
 20
21.42561308395565
 30
0.0
 11
91.38034415168197
 21
21.42561308395565
 31
0.0
  0
LINE
  5
939
330
231
100
AcDbEntity
  8
0
  6
Continuous
 62
     7
100
AcDbLine
 10
91.38034415168197
 20
21.43276740289565
 30
0.0
 11
91.23034415196201
 21
21.43276740289565
 31
0.0
  0
LINE
  5
93A
330
231
100
AcDbEntity
  8
0
  6
Continuous
 62
     7
100
AcDbLine
 10
91.45534415408196
 20
21.43289269347568
 30
0.0
 11
91.38034415168197
 21
21.43289269347568
 31
0.0
  0
LINE
  5
93B
330
231
100
AcDbEntity
  8
0
  6
Continuous
 62
     7
100
AcDbLine
 10
91.23034415196201
 20
21.43289269347568
 30
0.0
 11
91.15534415210191
 21
21.43289269347568
 31
0.0
  0
LINE
  5
93C
330
231
100
AcDbEntity
  8
0
  6
Continuous
 62
     7
100
AcDbLine
 10
89.63534175396205
 20
21.64240636639562
 30
0.0
 11
89.67534415300196
 21
21.64240636639562
 31
0.0
  0
LINE
  5
93D
330
231
100
AcDbEntity
  8
0
  6
Continuous
 62
     7
100
AcDbLine
 10
89.63534175904204
 20
21.65912022679567
 30
0.0
 11
89.67534415300196
 21
21.65912022933566
 31
0.0
  0
LINE
  5
93E
330
231
100
AcDbEntity
  8
0
  6
Continuous
 62
     7
100
AcDbLine
 10
89.79520906440194
 20
21.68802332875563
 30
0.0
 11
89.67534415300196
 21
21.68802332875563
 31
0.0
  0
LINE
  5
93F
330
231
100
AcDbEntity
  8
0
  6
Continuous
 62
     7
100
AcDbLine
 10
89.67074174158199
 20
21.93001625091566
 30
0.0
 11
89.90541479268193
 21
21.93001625091566
 31
0.0
  0
LINE
  5
940
330
231
100
AcDbEntity
  8
0
  6
Continuous
 62
     7
100
AcDbLine
 10
89.91942482308202
 20
21.95001625155567
 30
0.0
 11
89.65074174094201
 21
21.95001625155567
 31
0.0
  0
LINE
  5
941
330
231
100
AcDbEntity
  8
0
  6
Continuous
 62
     7
100
AcDbLine
 10
89.63843833654198
 20
21.98912022719566
 30
0.0
 11
89.65074174094201
 21
21.98912022719566
 31
0.0
  0
LINE
  5
942
330
231
100
AcDbEntity
  8
0
  6
Continuous
 62
     7
100
AcDbLine
 10
91.00534415238195
 20
22.08796604169564
 30
0.0
 11
91.60534415380192
 21
22.08796604169564
 31
0.0
  0
LINE
  5
943
330
231
100
AcDbEntity
  8
0
  6
Continuous
 62
     7
100
AcDbLine
 10
92.15536209364193
 20
22.08799345337565
 30
0.0
 11
92.12061098458196
 21
22.08799345337565
 31
0.0
  0
LINE
  5
944
330
231
100
AcDbEntity
  8
0
  6
Continuous
 62
     7
100
AcDbLine
 10
90.05433038766199
 20
22.13001624969567
 30
0.0
 11
89.71669124582195
 21
22.13001624969567
 31
0.0
  0
LINE
  5
945
330
231
100
AcDbEntity
  8
0
  6
Continuous
 62
     7
100
AcDbLine
 10
90.99534415206193
 20
18.71278169733563
 30
0.0
 11
90.95534415332195
 21
18.71278744789563
 31
0.0
  0
LINE
  5
946
330
231
100
AcDbEntity
  8
0
  6
Continuous
 62
     7
100
AcDbLine
 10
89.67534415300196
 20
18.73808594949565
 30
0.0
 11
89.63534175396205
 21
18.73809009223563
 31
0.0
  0
LINE
  5
947
330
231
100
AcDbEntity
  8
0
  6
Continuous
 62
     7
100
AcDbLine
 10
89.63534175396205
 20
18.93809009101565
 30
0.0
 11
89.67534415300196
 21
18.93808594827564
 31
0.0
  0
LINE
  5
948
330
231
100
AcDbEntity
  8
0
  6
Continuous
 62
     7
100
AcDbLine
 10
90.95534415332195
 20
18.96278744827563
 30
0.0
 11
90.99534415206193
 21
18.96278169517563
 31
0.0
  0
LINE
  5
949
330
231
100
AcDbEntity
  8
0
  6
Continuous
 62
     7
100
AcDbLine
 10
90.99534415206193
 20
19.16277105897566
 30
0.0
 11
90.95534415332195
 21
19.16277672317565
 31
0.0
  0
LINE
  5
94A
330
231
100
AcDbEntity
  8
0
  6
Continuous
 62
     7
100
AcDbLine
 10
91.65534415286197
 20
19.16277672317565
 30
0.0
 11
91.615344154122
 21
19.16277105897566
 31
0.0
  0
LINE
  5
94B
330
231
100
AcDbEntity
  8
0
  6
Continuous
 62
     7
100
AcDbLine
 10
89.67534415300196
 20
19.23808591723565
 30
0.0
 11
89.63534175396205
 21
19.23809005997566
 31
0.0
  0
LINE
  5
94C
330
231
100
AcDbEntity
  8
0
  6
Continuous
 62
     7
100
AcDbLine
 10
89.63534175396205
 20
19.43809006129564
 30
0.0
 11
89.67534415300196
 21
19.43808591855566
 31
0.0
  0
LINE
  5
94D
330
231
100
AcDbEntity
  8
0
  6
Continuous
 62
     7
100
AcDbLine
 10
90.04534415214193
 20
19.43797407727564
 30
0.0
 11
90.70534415294195
 21
19.43796604579566
 31
0.0
  0
LINE
  5
94E
330
231
100
AcDbEntity
  8
0
  6
Continuous
 62
     7
100
AcDbLine
 10
90.95534415332195
 20
19.51277672167563
 30
0.0
 11
90.99534415206193
 21
19.51277106001566
 31
0.0
  0
LINE
  5
94F
330
231
100
AcDbEntity
  8
0
  6
Continuous
 62
     7
100
AcDbLine
 10
91.615344154122
 20
19.51277106001566
 30
0.0
 11
91.65534415286197
 21
19.51277672167563
 31
0.0
  0
LINE
  5
950
330
231
100
AcDbEntity
  8
0
  6
Continuous
 62
     7
100
AcDbLine
 10
89.67534415300196
 20
19.73808594085565
 30
0.0
 11
89.63534175396205
 21
19.73809002517564
 31
0.0
  0
LINE
  5
951
330
231
100
AcDbEntity
  8
0
  6
Continuous
 62
     7
100
AcDbLine
 10
89.63534175396205
 20
19.93809002395565
 30
0.0
 11
89.67534415300196
 21
19.93808593963567
 31
0.0
  0
LINE
  5
952
330
231
100
AcDbEntity
  8
0
  6
Continuous
 62
     7
100
AcDbLine
 10
89.67534415300196
 20
20.23808593907566
 30
0.0
 11
89.63534175396205
 21
20.23809002339564
 31
0.0
  0
LINE
  5
953
330
231
100
AcDbEntity
  8
0
  6
Continuous
 62
     7
100
AcDbLine
 10
89.63534175396205
 20
20.47809002345565
 30
0.0
 11
89.67534415300196
 21
20.47808593913567
 31
0.0
  0
LINE
  5
954
330
231
100
AcDbEntity
  8
0
  6
Continuous
 62
     7
100
AcDbLine
 10
89.67534415300196
 20
20.49808580769564
 30
0.0
 11
89.63534175396205
 21
20.49808995043566
 31
0.0
  0
LINE
  5
955
330
231
100
AcDbEntity
  8
0
  6
Continuous
 62
     7
100
AcDbLine
 10
90.99534415206193
 20
20.66275221699567
 30
0.0
 11
90.95534415332195
 21
20.66275797009564
 31
0.0
  0
LINE
  5
956
330
231
100
AcDbEntity
  8
0
  6
Continuous
 62
     7
100
AcDbLine
 10
90.70534415294195
 20
20.73796604421563
 30
0.0
 11
90.04534415214193
 21
20.73797407315567
 31
0.0
  0
LINE
  5
957
330
231
100
AcDbEntity
  8
0
  6
Continuous
 62
     7
100
AcDbLine
 10
90.70534415294195
 20
20.98289269431564
 30
0.0
 11
90.93534415268198
 21
20.98288038039564
 31
0.0
  0
LINE
  5
958
330
231
100
AcDbEntity
  8
0
  6
Continuous
 62
     7
100
AcDbLine
 10
90.95534415332195
 20
21.01275796859565
 30
0.0
 11
90.98998101318192
 21
21.01275246441563
 31
0.0
  0
LINE
  5
959
330
231
100
AcDbEntity
  8
0
  6
Continuous
 62
     7
100
AcDbLine
 10
89.63534175396205
 20
21.27809008715565
 30
0.0
 11
89.67534415300196
 21
21.27808594441567
 31
0.0
  0
LINE
  5
95A
330
231
100
AcDbEntity
  8
0
  6
Continuous
 62
     7
100
AcDbLine
 10
92.68534415280198
 20
21.27771012855564
 30
0.0
 11
92.58534415214199
 21
21.27771548033564
 31
0.0
  0
LINE
  5
95B
330
231
100
AcDbEntity
  8
0
  6
Continuous
 62
     7
100
AcDbLine
 10
90.04534415214193
 20
21.27797407265564
 30
0.0
 11
90.195344151862
 21
21.27796604371565
 31
0.0
  0
LINE
  5
95C
330
231
100
AcDbEntity
  8
0
  6
Continuous
 62
     7
100
AcDbLine
 10
89.67534415300196
 20
21.29808591457567
 30
0.0
 11
89.63534175396205
 21
21.29809005731565
 31
0.0
  0
LINE
  5
95D
330
231
100
AcDbEntity
  8
0
  6
Continuous
 62
     7
100
AcDbLine
 10
89.63534175396205
 20
21.53809005737563
 30
0.0
 11
89.67534415300196
 21
21.53808591463564
 31
0.0
  0
LINE
  5
95E
330
231
100
AcDbEntity
  8
0
  6
Continuous
 62
     7
100
AcDbLine
 10
90.16561801370199
 20
0.8374770797156543
 30
0.0
 11
90.02534415404198
 21
0.7757565808556422
 31
0.0
  0
LINE
  5
95F
330
231
100
AcDbEntity
  8
0
  6
Continuous
 62
     7
100
AcDbLine
 10
92.52561801556192
 20
1.571721072235646
 30
0.0
 11
92.32424870786195
 21
1.483118577355639
 31
0.0
  0
LINE
  5
960
330
231
100
AcDbEntity
  8
0
  6
Continuous
 62
     7
100
AcDbLine
 10
90.08507029062196
 20
0.4742800743356384
 30
0.0
 11
90.28643959832198
 21
0.5628825692156454
 31
0.0
  0
LINE
  5
961
330
231
100
AcDbEntity
  8
0
  6
Continuous
 62
     7
100
AcDbLine
 10
92.44507029248195
 20
1.20852406685563
 30
0.0
 11
92.58534415214199
 21
1.270244565715671
 31
0.0
  0
LINE
  5
962
330
231
100
AcDbEntity
  8
0
  6
Continuous
 62
     7
100
AcDbLine
 10
89.73243755164196
 20
22.14920306933561
 30
0.0
 11
89.90966174634195
 21
22.14920306933561
 31
0.0
  0
LINE
  5
963
330
231
100
AcDbEntity
  8
0
  6
Continuous
 62
     7
100
AcDbLine
 10
89.94014174634191
 20
22.17968306933565
 30
0.0
 11
89.7574519872619
 21
22.17968306679563
 31
0.0
  0
LINE
  5
964
330
231
100
AcDbEntity
  8
0
  6
Continuous
 62
     7
100
AcDbLine
 10
89.94014174634191
 20
22.21016306933567
 30
0.0
 11
89.78246642034191
 21
22.21016306679567
 31
0.0
  0
LINE
  5
965
330
231
100
AcDbEntity
  8
0
  6
Continuous
 62
     7
100
AcDbLine
 10
90.1153441518419
 20
22.23802333619563
 30
0.0
 11
90.16233868828198
 21
22.23802333619563
 31
0.0
  0
LINE
  5
966
330
231
100
AcDbEntity
  8
0
  6
Continuous
 62
     7
100
AcDbLine
 10
90.813230376082
 20
22.23802333619563
 30
0.0
 11
91.60534415380192
 21
22.23797408559565
 31
0.0
  0
LINE
  5
967
330
231
100
AcDbEntity
  8
0
  6
Continuous
 62
     7
100
AcDbLine
 10
91.23034415196201
 20
22.24355624105564
 30
0.0
 11
91.38034415168197
 21
22.24355624105564
 31
0.0
  0
LINE
  5
968
330
231
100
AcDbEntity
  8
0
  6
Continuous
 62
     7
100
AcDbLine
 10
89.94268175142195
 20
22.25421158423563
 30
0.0
 11
89.94014175142201
 21
22.25421158423563
 31
0.0
  0
LINE
  5
969
330
231
100
AcDbEntity
  8
0
  6
Continuous
 62
     7
100
AcDbLine
 10
91.60534415380192
 20
22.25771548121565
 30
0.0
 11
91.00534415238195
 21
22.25771548121565
 31
0.0
  0
LINE
  5
96A
330
231
100
AcDbEntity
  8
0
  6
Continuous
 62
     7
100
AcDbLine
 10
90.18214348738201
 20
22.25782791177568
 30
0.0
 11
89.82158417548196
 21
22.25782791177568
 31
0.0
  0
LINE
  5
96B
330
231
100
AcDbEntity
  8
0
  6
Continuous
 62
     7
100
AcDbLine
 10
91.60534415380192
 20
22.35771012501564
 30
0.0
 11
91.00534415238195
 21
22.35771012501564
 31
0.0
  0
LINE
  5
96C
330
231
100
AcDbEntity
  8
0
  6
Continuous
 62
     7
100
AcDbLine
 10
91.60534415380192
 20
22.55771012633562
 30
0.0
 11
91.00534415238195
 21
22.55771012633562
 31
0.0
  0
LINE
  5
96D
330
231
100
AcDbEntity
  8
0
  6
Continuous
 62
     7
100
AcDbLine
 10
91.00534415238195
 20
22.55782791121567
 30
0.0
 11
90.15304762228197
 21
22.55782791121567
 31
0.0
  0
LINE
  5
96E
330
231
100
AcDbEntity
  8
0
  6
Continuous
 62
     7
100
AcDbLine
 10
90.19084846616204
 20
22.57803296351568
 30
0.0
 11
91.32534415246198
 21
22.57803296351568
 31
0.0
  0
LINE
  5
96F
330
231
100
AcDbEntity
  8
0
  6
Continuous
 62
     7
100
AcDbLine
 10
91.12534415368196
 20
22.72801690281565
 30
0.0
 11
90.51952716364201
 21
22.72801690281565
 31
0.0
  0
LINE
  5
970
330
231
100
AcDbEntity
  8
0
  6
Continuous
 62
     7
100
AcDbLine
 10
91.00534415238195
 20
22.81304210995569
 30
0.0
 11
91.60534415380192
 21
22.81304210995569
 31
0.0
  0
LINE
  5
971
330
231
100
AcDbEntity
  8
0
  6
Continuous
 62
     7
100
AcDbLine
 10
91.08034415224199
 20
0.0181791247156298
 30
0.0
 11
90.99534415206193
 21
-0.0158183460243322
 31
0.0
  0
LINE
  5
972
330
231
100
AcDbEntity
  8
0
  6
Continuous
 62
     7
100
AcDbLine
 10
90.13534075396199
 20
25.84130518219564
 30
0.0
 11
90.44074174082197
 21
25.84130518219564
 31
0.0
  0
LINE
  5
973
330
231
100
AcDbEntity
  8
0
  6
Continuous
 62
     7
100
AcDbLine
 10
90.47074174178197
 20
25.87130518061565
 30
0.0
 11
90.13534075396199
 21
25.87130517553564
 31
0.0
  0
LINE
  5
974
330
231
100
AcDbEntity
  8
0
  6
Continuous
 62
     7
100
AcDbLine
 10
90.47074174178197
 20
26.40395410261564
 30
0.0
 11
90.58534184024194
 21
26.40395410769566
 31
0.0
  0
LINE
  5
975
330
231
100
AcDbEntity
  8
0
  6
Continuous
 62
     7
100
AcDbLine
 10
89.585341752362
 20
28.91304210957566
 30
0.0
 11
90.88534175332194
 21
28.91304210957566
 31
0.0
  0
LINE
  5
976
330
231
100
AcDbEntity
  8
0
  6
Continuous
 62
     7
100
AcDbLine
 10
89.585341752362
 20
29.06304210929565
 30
0.0
 11
90.88534175332194
 21
29.06304210929565
 31
0.0
  0
LINE
  5
977
330
231
100
AcDbEntity
  8
0
  6
Continuous
 62
     7
100
AcDbLine
 10
89.585341752362
 20
29.36304211127566
 30
0.0
 11
90.88534175332194
 21
29.36304211127566
 31
0.0
  0
LINE
  5
978
330
231
100
AcDbEntity
  8
0
  6
Continuous
 62
     7
100
AcDbLine
 10
89.03534175254197
 20
29.91304211109565
 30
0.0
 11
88.73534175310197
 21
29.91304211109565
 31
0.0
  0
LINE
  5
979
330
231
100
AcDbEntity
  8
0
  6
Continuous
 62
     7
100
AcDbLine
 10
91.43534175314199
 20
29.91304211109565
 30
0.0
 11
91.73534175258197
 21
29.91304211109565
 31
0.0
  0
LINE
  5
97A
330
231
100
AcDbEntity
  8
0
  6
Continuous
 62
     7
100
AcDbLine
 10
91.73534175258197
 20
31.40389288605565
 30
0.0
 11
91.88534175230193
 21
31.40127462611568
 31
0.0
  0
LINE
  5
97B
330
231
100
AcDbEntity
  8
0
  6
Continuous
 62
     7
100
AcDbLine
 10
91.88534175230193
 20
32.70107662899565
 30
0.0
 11
91.73534175258197
 21
32.70369488893567
 31
0.0
  0
LINE
  5
97C
330
231
100
AcDbEntity
  8
0
  6
Continuous
 62
     7
100
AcDbLine
 10
89.03534175254197
 20
33.21304211001566
 30
0.0
 11
88.73534175310197
 21
33.21304211001566
 31
0.0
  0
LINE
  5
97D
330
231
100
AcDbEntity
  8
0
  6
Continuous
 62
     7
100
AcDbLine
 10
91.43534175314199
 20
33.21304211001566
 30
0.0
 11
91.73534175258197
 21
33.21304211001566
 31
0.0
  0
LINE
  5
97E
330
231
100
AcDbEntity
  8
0
  6
Continuous
 62
     7
100
AcDbLine
 10
90.88534175332194
 20
33.76304210983565
 30
0.0
 11
89.585341752362
 21
33.76304210983565
 31
0.0
  0
LINE
  5
97F
330
231
100
AcDbEntity
  8
0
  6
Continuous
 62
     7
100
AcDbLine
 10
90.88534175332194
 20
34.06304210927567
 30
0.0
 11
89.585341752362
 21
34.06304210927567
 31
0.0
  0
LINE
  5
980
330
231
100
AcDbEntity
  8
0
  6
Continuous
 62
     7
100
AcDbLine
 10
90.88534175332194
 20
34.21304210899567
 30
0.0
 11
89.585341752362
 21
34.21304210899567
 31
0.0
  0
LINE
  5
981
330
231
100
AcDbEntity
  8
0
  6
Continuous
 62
     7
100
AcDbLine
 10
89.585341752362
 20
38.41304211131566
 30
0.0
 11
90.88534175332194
 21
38.41304211131566
 31
0.0
  0
LINE
  5
982
330
231
100
AcDbEntity
  8
0
  6
Continuous
 62
     7
100
AcDbLine
 10
89.585341752362
 20
38.56304211103566
 30
0.0
 11
90.88534175332194
 21
38.56304211103566
 31
0.0
  0
LINE
  5
983
330
231
100
AcDbEntity
  8
0
  6
Continuous
 62
     7
100
AcDbLine
 10
89.585341752362
 20
38.86304211047565
 30
0.0
 11
90.88534175332194
 21
38.86304211047565
 31
0.0
  0
LINE
  5
984
330
231
100
AcDbEntity
  8
0
  6
Continuous
 62
     7
100
AcDbLine
 10
89.03534175254197
 20
39.41304211029564
 30
0.0
 11
88.73534175310197
 21
39.41304211029564
 31
0.0
  0
LINE
  5
985
330
231
100
AcDbEntity
  8
0
  6
Continuous
 62
     7
100
AcDbLine
 10
91.43534175314199
 20
39.41304211029564
 30
0.0
 11
91.73534175258197
 21
39.41304211029564
 31
0.0
  0
LINE
  5
986
330
231
100
AcDbEntity
  8
0
  6
Continuous
 62
     7
100
AcDbLine
 10
91.88534175230193
 20
40.42397368507567
 30
0.0
 11
91.73534175258197
 21
40.42397368507567
 31
0.0
  0
LINE
  5
987
330
231
100
AcDbEntity
  8
0
  6
Continuous
 62
     7
100
AcDbLine
 10
89.03534175254197
 20
42.71304210921567
 30
0.0
 11
88.73534175310197
 21
42.71304210921567
 31
0.0
  0
LINE
  5
988
330
231
100
AcDbEntity
  8
0
  6
Continuous
 62
     7
100
AcDbLine
 10
91.43534175314199
 20
42.71304210921567
 30
0.0
 11
91.73534175258197
 21
42.71304210921567
 31
0.0
  0
LINE
  5
989
330
231
100
AcDbEntity
  8
0
  6
Continuous
 62
     7
100
AcDbLine
 10
90.88534175332194
 20
43.26304210903566
 30
0.0
 11
89.585341752362
 21
43.26304210903566
 31
0.0
  0
LINE
  5
98A
330
231
100
AcDbEntity
  8
0
  6
Continuous
 62
     7
100
AcDbLine
 10
90.88534175332194
 20
43.56304211101565
 30
0.0
 11
89.585341752362
 21
43.56304211101565
 31
0.0
  0
LINE
  5
98B
330
231
100
AcDbEntity
  8
0
  6
Continuous
 62
     7
100
AcDbLine
 10
90.88534175332194
 20
43.71304211073564
 30
0.0
 11
89.585341752362
 21
43.71304211073564
 31
0.0
  0
LINE
  5
98C
330
231
100
AcDbEntity
  8
0
  6
Continuous
 62
     7
100
AcDbLine
 10
83.33272379280192
 20
59.68915485745566
 30
0.0
 11
97.53534175276195
 21
59.81309922475566
 31
0.0
  0
LINE
  5
98D
102
{ACAD_REACTORS
330
12D9
330
144D
102
}
330
231
100
AcDbEntity
  8
0
  6
Continuous
 62
     7
100
AcDbLine
 10
83.33272379280192
 20
61.18909774021566
 30
0.0
 11
97.53534175276195
 21
61.31304211005567
 31
0.0
  0
LINE
  5
98E
330
231
100
AcDbEntity
  8
0
  6
Continuous
 62
     7
100
AcDbLine
 10
83.03534175358198
 20
59.68915485745566
 30
0.0
 11
83.33272379280192
 21
59.68915485745566
 31
0.0
  0
LINE
  5
98F
330
231
100
AcDbEntity
  8
0
  6
Continuous
 62
     7
100
AcDbLine
 10
145.064056545282
 20
55.43305167549565
 30
0.0
 11
145.103327449722
 21
55.55088832069563
 31
0.0
  0
LINE
  5
990
330
231
100
AcDbEntity
  8
0
  6
Continuous
 62
     7
100
AcDbLine
 10
150.682002446782
 20
59.05099757649566
 30
0.0
 11
150.5641657990419
 21
59.01172667205566
 31
0.0
  0
LINE
  5
991
330
231
100
AcDbEntity
  8
0
  6
Continuous
 62
     7
100
AcDbLine
 10
146.8278551411219
 20
-22.88564245134432
 30
0.0
 11
146.877950997242
 21
-22.90233767830435
 31
0.0
  0
LINE
  5
992
330
231
100
AcDbEntity
  8
0
  6
Continuous
 62
     7
100
AcDbLine
 10
150.627012010662
 20
-22.90658693320435
 30
0.0
 11
150.682002446782
 21
-22.92491335578436
 31
0.0
  0
LINE
  5
993
330
231
100
AcDbEntity
  8
0
  6
Continuous
 62
     7
100
AcDbLine
 10
151.5777903859619
 20
-18.26919022122436
 30
0.0
 11
151.5750326698619
 21
-18.26702735534434
 31
0.0
  0
LINE
  5
994
330
231
100
AcDbEntity
  8
0
  6
Continuous
 62
     7
100
AcDbLine
 10
150.524811666422
 20
-19.60367791546434
 30
0.0
 11
150.5256629753619
 21
-19.60434948130435
 31
0.0
  0
LINE
  5
995
330
231
100
AcDbEntity
  8
0
  6
Continuous
 62
     7
100
AcDbLine
 10
151.5777054813819
 20
-18.26929789690436
 30
0.0
 11
151.5750326698619
 21
-18.26702735534434
 31
0.0
  0
LINE
  5
996
330
231
100
AcDbEntity
  8
0
  6
Continuous
 62
     7
100
AcDbLine
 10
150.5248976962219
 20
-19.60356894946432
 30
0.0
 11
150.525723353702
 21
-19.60427280378434
 31
0.0
  0
LINE
  5
997
330
231
100
AcDbEntity
  8
0
  6
Continuous
 62
     7
100
AcDbLine
 10
145.064056545282
 20
-19.30696745478434
 30
0.0
 11
145.103327449722
 21
-19.42480410252435
 31
0.0
  0
LINE
  5
998
330
231
100
AcDbEntity
  8
0
  6
Continuous
 62
     7
100
AcDbLine
 10
155.252012011342
 20
-22.90658693320435
 30
0.0
 11
155.3070024474619
 21
-22.92491335578436
 31
0.0
  0
LINE
  5
999
330
231
100
AcDbEntity
  8
0
  6
Continuous
 62
     7
100
AcDbLine
 10
141.902012010862
 20
29.36304211127566
 30
0.0
 11
141.902012010862
 21
33.76304210983565
 31
0.0
  0
LINE
  5
99A
330
231
100
AcDbEntity
  8
0
  6
Continuous
 62
     7
100
AcDbLine
 10
141.902012010862
 20
38.86304211047565
 30
0.0
 11
141.902012010862
 21
43.26304210903566
 31
0.0
  0
LINE
  5
99B
330
231
100
AcDbEntity
  8
0
  6
Continuous
 62
     7
100
AcDbLine
 10
142.2020120103019
 20
29.06304210929565
 30
0.0
 11
142.2020120103019
 21
34.06304210927567
 31
0.0
  0
LINE
  5
99C
330
231
100
AcDbEntity
  8
0
  6
Continuous
 62
     7
100
AcDbLine
 10
142.2020120103019
 20
38.56304211103566
 30
0.0
 11
142.2020120103019
 21
43.56304211101565
 31
0.0
  0
LINE
  5
99D
330
231
100
AcDbEntity
  8
0
  6
Continuous
 62
     7
100
AcDbLine
 10
142.8020120117219
 20
59.81309922475566
 30
0.0
 11
142.8020120117219
 21
-23.68701500404433
 31
0.0
  0
LINE
  5
99E
330
231
100
AcDbEntity
  8
0
  6
Continuous
 62
     7
100
AcDbLine
 10
145.002095782742
 20
-22.48689315486436
 30
0.0
 11
145.002095782742
 21
58.61297737557563
 31
0.0
  0
LINE
  5
99F
330
231
100
AcDbEntity
  8
0
  6
Continuous
 62
     7
100
AcDbLine
 10
145.040232175862
 20
21.25304211083562
 30
0.0
 11
145.040232175862
 21
14.87304210987565
 31
0.0
  0
LINE
  5
9A0
330
231
100
AcDbEntity
  8
0
  6
Continuous
 62
     7
100
AcDbLine
 10
145.040232175862
 20
-0.1671416857443546
 30
0.0
 11
145.040232175862
 21
6.212858312675649
 31
0.0
  0
LINE
  5
9A1
330
231
100
AcDbEntity
  8
0
  6
Continuous
 62
     7
100
AcDbLine
 10
145.0514025878619
 20
29.91304211109565
 30
0.0
 11
145.0514025878619
 21
33.21304211001566
 31
0.0
  0
LINE
  5
9A2
330
231
100
AcDbEntity
  8
0
  6
Continuous
 62
     7
100
AcDbLine
 10
145.0514025878619
 20
39.41304211029564
 30
0.0
 11
145.0514025878619
 21
42.71304210921567
 31
0.0
  0
LINE
  5
9A3
330
231
100
AcDbEntity
  8
0
  6
Continuous
 62
     7
100
AcDbLine
 10
145.064056545282
 20
55.43305167549565
 30
0.0
 11
145.064056545282
 21
54.69303254593566
 31
0.0
  0
LINE
  5
9A4
330
231
100
AcDbEntity
  8
0
  6
Continuous
 62
     7
100
AcDbLine
 10
145.064056545282
 20
-18.56694832522436
 30
0.0
 11
145.064056545282
 21
-19.30696745478434
 31
0.0
  0
LINE
  5
9A5
330
231
100
AcDbEntity
  8
0
  6
Continuous
 62
     7
100
AcDbLine
 10
145.102012011662
 20
28.56304211107565
 30
0.0
 11
145.102012011662
 21
29.91304211109565
 31
0.0
  0
LINE
  5
9A6
330
231
100
AcDbEntity
  8
0
  6
Continuous
 62
     7
100
AcDbLine
 10
145.102012011662
 20
33.21304211001566
 30
0.0
 11
145.102012011662
 21
34.56304211003567
 31
0.0
  0
LINE
  5
9A7
330
231
100
AcDbEntity
  8
0
  6
Continuous
 62
     7
100
AcDbLine
 10
145.102012011662
 20
38.06304211027563
 30
0.0
 11
145.102012011662
 21
39.41304211029564
 31
0.0
  0
LINE
  5
9A8
330
231
100
AcDbEntity
  8
0
  6
Continuous
 62
     7
100
AcDbLine
 10
145.102012011662
 20
42.71304210921567
 30
0.0
 11
145.102012011662
 21
44.06304210923565
 31
0.0
  0
LINE
  5
9A9
330
231
100
AcDbEntity
  8
0
  6
Continuous
 62
     7
100
AcDbLine
 10
145.103327449722
 20
-22.38566149042433
 30
0.0
 11
145.103327449722
 21
-19.42480410252435
 31
0.0
  0
LINE
  5
9AA
330
231
100
AcDbEntity
  8
0
  6
Continuous
 62
     7
100
AcDbLine
 10
145.103327449722
 20
-18.44911167748432
 30
0.0
 11
145.103327449722
 21
-1.447112107764354
 31
0.0
  0
LINE
  5
9AB
330
231
100
AcDbEntity
  8
0
  6
Continuous
 62
     7
100
AcDbLine
 10
145.103327449722
 20
7.492887896375634
 30
0.0
 11
145.103327449722
 21
13.61776334281563
 31
0.0
  0
LINE
  5
9AC
330
231
100
AcDbEntity
  8
0
  6
Continuous
 62
     7
100
AcDbLine
 10
145.103327449722
 20
22.55776335457566
 30
0.0
 11
145.103327449722
 21
28.56304211107565
 31
0.0
  0
LINE
  5
9AD
330
231
100
AcDbEntity
  8
0
  6
Continuous
 62
     7
100
AcDbLine
 10
145.103327449722
 20
34.56304211003567
 30
0.0
 11
145.103327449722
 21
38.06304211027563
 31
0.0
  0
LINE
  5
9AE
330
231
100
AcDbEntity
  8
0
  6
Continuous
 62
     7
100
AcDbLine
 10
145.103327449722
 20
44.06304210923565
 30
0.0
 11
145.103327449722
 21
54.57519589819563
 31
0.0
  0
LINE
  5
9AF
330
231
100
AcDbEntity
  8
0
  6
Continuous
 62
     7
100
AcDbLine
 10
145.103327449722
 20
55.55088832069563
 30
0.0
 11
145.103327449722
 21
58.51174570859567
 31
0.0
  0
LINE
  5
9B0
330
231
100
AcDbEntity
  8
0
  6
Continuous
 62
     7
100
AcDbLine
 10
182.0520120104219
 20
-25.18695788934434
 30
0.0
 11
182.1224627407418
 21
-25.16935191490432
 31
0.0
  0
LINE
  5
9B1
330
231
100
AcDbEntity
  8
0
  6
Continuous
 62
     7
100
AcDbLine
 10
144.3019548970219
 20
-25.18695788934434
 30
0.0
 11
182.0520120104219
 21
-25.18695788934434
 31
0.0
  0
LINE
  5
9B2
330
231
100
AcDbEntity
  8
0
  6
Continuous
 62
     7
100
AcDbLine
 10
190.0520120124219
 20
-25.18695788934434
 30
0.0
 11
227.802069125822
 21
-25.18695788934434
 31
0.0
  0
LINE
  5
9B3
330
231
100
AcDbEntity
  8
0
  6
Continuous
 62
     7
100
AcDbLine
 10
189.4818657003419
 20
-25.16514071936433
 30
0.0
 11
182.6221583225019
 21
-25.16514071936433
 31
0.0
  0
LINE
  5
9B4
330
231
100
AcDbEntity
  8
0
  6
Continuous
 62
     7
100
AcDbLine
 10
145.5020767462019
 20
-22.98687411832435
 30
0.0
 11
182.0520120104219
 21
-22.98687411832435
 31
0.0
  0
LINE
  5
9B5
330
231
100
AcDbEntity
  8
0
  6
Continuous
 62
     7
100
AcDbLine
 10
190.0520120124219
 20
-22.98687411832435
 30
0.0
 11
226.601947276642
 21
-22.98687411832435
 31
0.0
  0
LINE
  5
9B6
330
231
100
AcDbEntity
  8
0
  6
Continuous
 62
     7
100
AcDbLine
 10
162.052012010502
 20
-22.97291112872435
 30
0.0
 11
162.8020120116419
 21
-22.97291112872435
 31
0.0
  0
LINE
  5
9B7
330
231
100
AcDbEntity
  8
0
  6
Continuous
 62
     7
100
AcDbLine
 10
167.3020120108619
 20
-22.97291112872435
 30
0.0
 11
168.0520120120019
 21
-22.97291112872435
 31
0.0
  0
LINE
  5
9B8
330
231
100
AcDbEntity
  8
0
  6
Continuous
 62
     7
100
AcDbLine
 10
204.0520120108419
 20
-22.97291112872435
 30
0.0
 11
204.802012011982
 21
-22.97291112872435
 31
0.0
  0
LINE
  5
9B9
330
231
100
AcDbEntity
  8
0
  6
Continuous
 62
     7
100
AcDbLine
 10
209.302012011202
 20
-22.97291112872435
 30
0.0
 11
210.052012012342
 21
-22.97291112872435
 31
0.0
  0
LINE
  5
9BA
330
231
100
AcDbEntity
  8
0
  6
Continuous
 62
     7
100
AcDbLine
 10
189.4818657003419
 20
-22.96505694834434
 30
0.0
 11
182.6221534812619
 21
-22.96505694834434
 31
0.0
  0
LINE
  5
9BB
330
231
100
AcDbEntity
  8
0
  6
Continuous
 62
     7
100
AcDbLine
 10
221.422021576062
 20
-22.92491335578436
 30
0.0
 11
220.6820024465019
 21
-22.92491335578436
 31
0.0
  0
LINE
  5
9BC
330
231
100
AcDbEntity
  8
0
  6
Continuous
 62
     7
100
AcDbLine
 10
211.2970215771819
 20
-22.92491335578436
 30
0.0
 11
210.5520120105619
 21
-22.92491335578436
 31
0.0
  0
LINE
  5
9BD
330
231
100
AcDbEntity
  8
0
  6
Continuous
 62
     7
100
AcDbLine
 10
156.0520120115419
 20
-22.92491335578436
 30
0.0
 11
155.3070024474619
 21
-22.92491335578436
 31
0.0
  0
LINE
  5
9BE
330
231
100
AcDbEntity
  8
0
  6
Continuous
 62
     7
100
AcDbLine
 10
151.4220215763419
 20
-22.92491335578436
 30
0.0
 11
150.682002446782
 21
-22.92491335578436
 31
0.0
  0
LINE
  5
9BF
330
231
100
AcDbEntity
  8
0
  6
Continuous
 62
     7
100
AcDbLine
 10
147.3777748972619
 20
-22.90658693320435
 30
0.0
 11
150.627012010662
 21
-22.90658693320435
 31
0.0
  0
LINE
  5
9C0
330
231
100
AcDbEntity
  8
0
  6
Continuous
 62
     7
100
AcDbLine
 10
151.4770120124619
 20
-22.90658693320435
 30
0.0
 11
155.252012011342
 21
-22.90658693320435
 31
0.0
  0
LINE
  5
9C1
330
231
100
AcDbEntity
  8
0
  6
Continuous
 62
     7
100
AcDbLine
 10
156.0520120115419
 20
-22.90658693320435
 30
0.0
 11
162.052012010502
 21
-22.90658693320435
 31
0.0
  0
LINE
  5
9C2
330
231
100
AcDbEntity
  8
0
  6
Continuous
 62
     7
100
AcDbLine
 10
168.0520120120019
 20
-22.90658693320435
 30
0.0
 11
204.0520120108419
 21
-22.90658693320435
 31
0.0
  0
LINE
  5
9C3
330
231
100
AcDbEntity
  8
0
  6
Continuous
 62
     7
100
AcDbLine
 10
210.052012012342
 20
-22.90658693320435
 30
0.0
 11
210.5520120105619
 21
-22.90658693320435
 31
0.0
  0
LINE
  5
9C4
330
231
100
AcDbEntity
  8
0
  6
Continuous
 62
     7
100
AcDbLine
 10
211.352012010762
 20
-22.90658693320435
 30
0.0
 11
220.627012010382
 21
-22.90658693320435
 31
0.0
  0
LINE
  5
9C5
330
231
100
AcDbEntity
  8
0
  6
Continuous
 62
     7
100
AcDbLine
 10
221.4770120121819
 20
-22.90658693320435
 30
0.0
 11
224.7262442360819
 21
-22.90658693320435
 31
0.0
  0
LINE
  5
9C6
330
231
100
AcDbEntity
  8
0
  6
Continuous
 62
     7
100
AcDbLine
 10
226.500715612202
 20
-22.88564245134432
 30
0.0
 11
225.276168881722
 21
-22.88564245134432
 31
0.0
  0
LINE
  5
9C7
330
231
100
AcDbEntity
  8
0
  6
Continuous
 62
     7
100
AcDbLine
 10
146.8278551411219
 20
-22.88564245134432
 30
0.0
 11
145.6033084106419
 21
-22.88564245134432
 31
0.0
  0
LINE
  5
9C8
330
231
100
AcDbEntity
  8
0
  6
Continuous
 62
     7
100
AcDbLine
 10
145.727012011342
 20
-22.76195789048433
 30
0.0
 11
161.802012012662
 21
-22.76195789048433
 31
0.0
  0
LINE
  5
9C9
330
231
100
AcDbEntity
  8
0
  6
Continuous
 62
     7
100
AcDbLine
 10
168.302012012382
 20
-22.76195789048433
 30
0.0
 11
203.802012010462
 21
-22.76195789048433
 31
0.0
  0
LINE
  5
9CA
330
231
100
AcDbEntity
  8
0
  6
Continuous
 62
     7
100
AcDbLine
 10
210.302012012722
 20
-22.76195789048433
 30
0.0
 11
226.377012011502
 21
-22.76195789048433
 31
0.0
  0
LINE
  5
9CB
330
231
100
AcDbEntity
  8
SURFACE
  6
Continuous
 62
     7
100
AcDbLine
 10
162.8020120116419
 20
-22.50195788978434
 30
0.0
 11
162.2339801733619
 21
-22.50195788978434
 31
0.0
  0
LINE
  5
9CC
330
231
100
AcDbEntity
  8
BODY
  6
Continuous
 62
     7
100
AcDbLine
 10
162.8020120116419
 20
-22.50195788978434
 30
0.0
 11
162.2339801733619
 21
-22.50195788978434
 31
0.0
  0
LINE
  5
9CD
330
231
100
AcDbEntity
  8
0
  6
Continuous
 62
     7
100
AcDbLine
 10
189.981561114462
 20
-25.16935187172436
 30
0.0
 11
190.0520120124219
 21
-25.18695788934434
 31
0.0
  0
LINE
  5
9CE
330
231
100
AcDbEntity
  8
0
  6
Continuous
 62
     7
100
AcDbLine
 10
145.227012010582
 20
58.38804211043566
 30
0.0
 11
145.227012010582
 21
-22.26195788972436
 31
0.0
  0
LINE
  5
9CF
330
231
100
AcDbEntity
  8
0
  6
Continuous
 62
     7
100
AcDbLine
 10
146.8278551411219
 20
-22.76195789048433
 30
0.0
 11
146.8278551411219
 21
-22.88564245134432
 31
0.0
  0
LINE
  5
9D0
330
231
100
AcDbEntity
  8
0
  6
Continuous
 62
     7
100
AcDbLine
 10
146.877951124242
 20
-22.90233772148432
 30
0.0
 11
146.877951124242
 21
-22.76195789048433
 31
0.0
  0
LINE
  5
9D1
330
231
100
AcDbEntity
  8
0
  6
Continuous
 62
     7
100
AcDbLine
 10
147.3777797867619
 20
-22.76195789048433
 30
0.0
 11
147.3777797867619
 21
-22.90658693320435
 31
0.0
  0
LINE
  5
9D2
330
231
100
AcDbEntity
  8
0
  6
Continuous
 62
     7
100
AcDbLine
 10
150.202160195902
 20
55.06485592217567
 30
0.0
 11
150.202086147282
 21
55.06304946655567
 31
0.0
  0
LINE
  5
9D3
330
231
100
AcDbEntity
  8
0
  6
Continuous
 62
     7
100
AcDbLine
 10
151.272128373462
 20
38.77397370085564
 30
0.0
 11
151.4721283468419
 21
38.97397370979565
 31
0.0
  0
LINE
  5
9D4
330
231
100
AcDbEntity
  8
0
  6
Continuous
 62
     7
100
AcDbLine
 10
152.372128309602
 20
39.87397374875565
 30
0.0
 11
152.5721283185419
 21
40.07397375769568
 31
0.0
  0
LINE
  5
9D5
330
231
100
AcDbEntity
  8
0
  6
Continuous
 62
     7
100
AcDbLine
 10
154.572128316502
 20
40.07397384405567
 30
0.0
 11
154.3721283075619
 21
39.87397383511567
 31
0.0
  0
LINE
  5
9D6
330
231
100
AcDbEntity
  8
0
  6
Continuous
 62
     7
100
AcDbLine
 10
153.4721283473419
 20
38.97397379615566
 30
0.0
 11
153.272128373962
 21
38.77397378721565
 31
0.0
  0
LINE
  5
9D7
330
231
100
AcDbEntity
  8
0
  6
Continuous
 62
     7
100
AcDbLine
 10
152.5721284049019
 20
38.07397375719566
 30
0.0
 11
152.3721283959619
 21
37.87397374825565
 31
0.0
  0
LINE
  5
9D8
330
231
100
AcDbEntity
  8
0
  6
Continuous
 62
     7
100
AcDbLine
 10
151.472128435742
 20
36.97397370929565
 30
0.0
 11
151.2721284623619
 21
36.77397370035564
 31
0.0
  0
LINE
  5
9D9
330
231
100
AcDbEntity
  8
0
  6
Continuous
 62
     7
100
AcDbLine
 10
182.1224627407418
 20
-22.96926814134435
 30
0.0
 11
182.0520120104219
 21
-22.98687411832435
 31
0.0
  0
LINE
  5
9DA
330
231
100
AcDbEntity
  8
0
  6
Continuous
 62
     7
100
AcDbLine
 10
209.302012011202
 20
-22.01042958912436
 30
0.0
 11
204.802012011982
 21
-22.01042958912436
 31
0.0
  0
LINE
  5
9DB
330
231
100
AcDbEntity
  8
0
  6
Continuous
 62
     7
100
AcDbLine
 10
167.3020120108619
 20
-22.01042958912436
 30
0.0
 11
162.8020120116419
 21
-22.01042958912436
 31
0.0
  0
LINE
  5
9DC
330
231
100
AcDbEntity
  8
0
  6
Continuous
 62
     7
100
AcDbLine
 10
162.8020120116419
 20
-21.78687411802432
 30
0.0
 11
167.3020120108619
 21
-21.78687411802432
 31
0.0
  0
LINE
  5
9DD
330
231
100
AcDbEntity
  8
0
  6
Continuous
 62
     7
100
AcDbLine
 10
204.802012011982
 20
-21.78687411802432
 30
0.0
 11
209.302012011202
 21
-21.78687411802432
 31
0.0
  0
LINE
  5
9DE
330
231
100
AcDbEntity
  8
0
  6
Continuous
 62
     7
100
AcDbLine
 10
209.302012011202
 20
-21.56195789018434
 30
0.0
 11
204.802012011982
 21
-21.56195789018434
 31
0.0
  0
LINE
  5
9DF
330
231
100
AcDbEntity
  8
0
  6
Continuous
 62
     7
100
AcDbLine
 10
167.3020120108619
 20
-21.56195789018434
 30
0.0
 11
162.8020120116419
 21
-21.56195789018434
 31
0.0
  0
LINE
  5
9E0
330
231
100
AcDbEntity
  8
0
  6
Continuous
 62
     7
100
AcDbLine
 10
145.227012010582
 20
-19.42480410252435
 30
0.0
 11
145.103327449722
 21
-19.42480410252435
 31
0.0
  0
LINE
  5
9E1
330
231
100
AcDbEntity
  8
0
  6
Continuous
 62
     7
100
AcDbLine
 10
226.877012012262
 20
-19.42480410252435
 30
0.0
 11
227.0006965731219
 21
-19.42480410252435
 31
0.0
  0
LINE
  5
9E2
330
231
100
AcDbEntity
  8
0
  6
Continuous
 62
     7
100
AcDbLine
 10
227.039967477562
 20
-19.30696745478434
 30
0.0
 11
226.877012012262
 21
-19.30696745478434
 31
0.0
  0
LINE
  5
9E3
330
231
100
AcDbEntity
  8
0
  6
Continuous
 62
     7
100
AcDbLine
 10
145.227012010582
 20
-19.30696745478434
 30
0.0
 11
145.064056545282
 21
-19.30696745478434
 31
0.0
  0
LINE
  5
9E4
330
231
100
AcDbEntity
  8
0
  6
Continuous
 62
     7
100
AcDbLine
 10
150.0520120125819
 20
-18.93695789000435
 30
0.0
 11
150.2020120123019
 21
-18.93695789000435
 31
0.0
  0
LINE
  5
9E5
330
231
100
AcDbEntity
  8
0
  6
Continuous
 62
     7
100
AcDbLine
 10
220.052012012302
 20
-18.93695789000435
 30
0.0
 11
220.2020120120219
 21
-18.93695789000435
 31
0.0
  0
LINE
  5
9E6
330
231
100
AcDbEntity
  8
0
  6
Continuous
 62
     7
100
AcDbLine
 10
145.064056545282
 20
-18.56694832522436
 30
0.0
 11
145.227012010582
 21
-18.56694832522436
 31
0.0
  0
LINE
  5
9E7
330
231
100
AcDbEntity
  8
0
  6
Continuous
 62
     7
100
AcDbLine
 10
226.877012012262
 20
-18.56694832522436
 30
0.0
 11
227.039967477562
 21
-18.56694832522436
 31
0.0
  0
LINE
  5
9E8
330
231
100
AcDbEntity
  8
0
  6
Continuous
 62
     7
100
AcDbLine
 10
145.227012010582
 20
-18.44911167748432
 30
0.0
 11
145.103327449722
 21
-18.44911167748432
 31
0.0
  0
LINE
  5
9E9
330
231
100
AcDbEntity
  8
0
  6
Continuous
 62
     7
100
AcDbLine
 10
226.877012012262
 20
-18.44911167748432
 30
0.0
 11
227.0006965731219
 21
-18.44911167748432
 31
0.0
  0
LINE
  5
9EA
330
231
100
AcDbEntity
  8
0
  6
Continuous
 62
     7
100
AcDbLine
 10
190.0520120124219
 20
-22.98687411832435
 30
0.0
 11
189.981561114462
 21
-22.96926810070434
 31
0.0
  0
LINE
  5
9EB
102
{ACAD_REACTORS
330
13C1
102
}
330
231
100
AcDbEntity
  8
0
  6
Continuous
 62
     7
100
AcDbLine
 10
150.4220120117219
 20
40.77804211079564
 30
0.0
 11
150.4220120117219
 21
36.07804211025564
 31
0.0
  0
LINE
  5
9EC
330
231
100
AcDbEntity
  8
0
  6
Continuous
 62
     7
100
AcDbLine
 10
150.5641657990419
 20
58.88804211119566
 30
0.0
 11
150.5641657990419
 21
59.01172667205566
 31
0.0
  0
LINE
  5
9ED
330
231
100
AcDbEntity
  8
0
  6
Continuous
 62
     7
100
AcDbLine
 10
150.627012010662
 20
-22.76195789048433
 30
0.0
 11
150.627012010662
 21
-22.90658693320435
 31
0.0
  0
LINE
  5
9EE
330
231
100
AcDbEntity
  8
0
  6
Continuous
 62
     7
100
AcDbLine
 10
150.682002446782
 20
-22.92491335578436
 30
0.0
 11
150.682002446782
 21
-22.76195789048433
 31
0.0
  0
LINE
  5
9EF
330
231
100
AcDbEntity
  8
0
  6
Continuous
 62
     7
100
AcDbLine
 10
150.682002446782
 20
58.88804211119566
 30
0.0
 11
150.682002446782
 21
59.05099757649566
 31
0.0
  0
LINE
  5
9F0
330
231
100
AcDbEntity
  8
0
  6
Continuous
 62
     7
100
AcDbLine
 10
150.9221283013019
 20
40.42397368507567
 30
0.0
 11
150.9221284765619
 21
36.42397368661566
 31
0.0
  0
LINE
  5
9F1
330
231
100
AcDbEntity
  8
0
  6
Continuous
 62
     7
100
AcDbLine
 10
151.2721283175819
 20
40.07397370181567
 30
0.0
 11
151.272128373462
 21
38.77397370085564
 31
0.0
  0
LINE
  5
9F2
330
231
100
AcDbEntity
  8
0
  6
Continuous
 62
     7
100
AcDbLine
 10
151.2721284039419
 20
38.07397370131565
 30
0.0
 11
151.2721284623619
 21
36.77397370035564
 31
0.0
  0
LINE
  5
9F3
330
231
100
AcDbEntity
  8
0
  6
Continuous
 62
     7
100
AcDbLine
 10
151.4220215763419
 20
59.05099757649566
 30
0.0
 11
151.4220215763419
 21
58.88804211119566
 31
0.0
  0
LINE
  5
9F4
330
231
100
AcDbEntity
  8
0
  6
Continuous
 62
     7
100
AcDbLine
 10
151.4220215763419
 20
-22.76195789048433
 30
0.0
 11
151.4220215763419
 21
-22.92491335578436
 31
0.0
  0
LINE
  5
9F5
330
231
100
AcDbEntity
  8
0
  6
Continuous
 62
     7
100
AcDbLine
 10
151.472128435742
 20
36.97397370929565
 30
0.0
 11
151.472128395102
 21
37.87397371015564
 31
0.0
  0
LINE
  5
9F6
330
231
100
AcDbEntity
  8
0
  6
Continuous
 62
     7
100
AcDbLine
 10
151.4721283468419
 20
38.97397370979565
 30
0.0
 11
151.4721283087419
 21
39.87397371065566
 31
0.0
  0
LINE
  5
9F7
330
231
100
AcDbEntity
  8
0
  6
Continuous
 62
     7
100
AcDbLine
 10
151.4770120124619
 20
-22.76195789048433
 30
0.0
 11
151.4770120124619
 21
-22.90658693320435
 31
0.0
  0
LINE
  5
9F8
330
231
100
AcDbEntity
  8
0
  6
Continuous
 62
     7
100
AcDbLine
 10
151.539858224082
 20
58.88804211119566
 30
0.0
 11
151.539858224082
 21
59.01172667205566
 31
0.0
  0
LINE
  5
9F9
330
231
100
AcDbEntity
  8
0
  6
Continuous
 62
     7
100
AcDbLine
 10
151.7221282837218
 20
36.42397371963566
 30
0.0
 11
151.722128298962
 21
36.07804211025564
 31
0.0
  0
LINE
  5
9FB
330
231
100
AcDbEntity
  8
0
  6
Continuous
 62
     7
100
AcDbLine
 10
152.122128283822
 20
36.42397373741562
 30
0.0
 11
152.1221282990619
 21
36.07804211025564
 31
0.0
  0
LINE
  5
9FD
330
231
100
AcDbEntity
  8
0
  6
Continuous
 62
     7
100
AcDbLine
 10
152.372128309602
 20
39.87397374875565
 30
0.0
 11
152.3721283477019
 21
38.97397374789566
 31
0.0
  0
LINE
  5
9FE
330
231
100
AcDbEntity
  8
0
  6
Continuous
 62
     7
100
AcDbLine
 10
152.3721283959619
 20
37.87397374825565
 30
0.0
 11
152.372128436602
 21
36.97397374993566
 31
0.0
  0
LINE
  5
9FF
330
231
100
AcDbEntity
  8
0
  6
Continuous
 62
     7
100
AcDbLine
 10
152.572128460782
 20
36.77397375877564
 30
0.0
 11
152.5721284049019
 21
38.07397375719566
 31
0.0
  0
LINE
  5
A00
330
231
100
AcDbEntity
  8
0
  6
Continuous
 62
     7
100
AcDbLine
 10
152.5721283744219
 20
38.77397375673564
 30
0.0
 11
152.5721283185419
 21
40.07397375769568
 31
0.0
  0
LINE
  5
A01
330
231
100
AcDbEntity
  8
0
  6
Continuous
 62
     7
100
AcDbLine
 10
153.2721283180819
 20
40.07397378817566
 30
0.0
 11
153.272128373962
 21
38.77397378721565
 31
0.0
  0
LINE
  5
A02
330
231
100
AcDbEntity
  8
0
  6
Continuous
 62
     7
100
AcDbLine
 10
153.2721284044419
 20
38.07397378767567
 30
0.0
 11
153.272128462862
 21
36.77397378925562
 31
0.0
  0
LINE
  5
A03
330
231
100
AcDbEntity
  8
0
  6
Continuous
 62
     7
100
AcDbLine
 10
150.2020863657219
 20
55.06485609489562
 30
0.0
 11
150.202086147282
 21
55.06304946655567
 31
0.0
  0
LINE
  5
A04
330
231
100
AcDbEntity
  8
0
  6
Continuous
 62
     7
100
AcDbLine
 10
150.2020863657219
 20
-18.93514390582433
 30
0.0
 11
150.202086147282
 21
-18.93695053416436
 31
0.0
  0
LINE
  5
A05
330
231
100
AcDbEntity
  8
0
  6
Continuous
 62
     7
100
AcDbLine
 10
150.202160195902
 20
-18.93514407854434
 30
0.0
 11
150.202086147282
 21
-18.93695053416436
 31
0.0
  0
LINE
  5
A06
330
231
100
AcDbEntity
  8
0
  6
Continuous
 62
     7
100
AcDbLine
 10
154.5721284054019
 20
38.07397384609567
 30
0.0
 11
154.3721283964619
 21
37.87397383715566
 31
0.0
  0
LINE
  5
A07
330
231
100
AcDbEntity
  8
0
  6
Continuous
 62
     7
100
AcDbLine
 10
153.472128436242
 20
36.97397379819566
 30
0.0
 11
153.272128462862
 21
36.77397378925562
 31
0.0
  0
LINE
  5
A08
330
231
100
AcDbEntity
  8
0
  6
Continuous
 62
     7
100
AcDbLine
 10
155.272128374462
 20
38.77397370085564
 30
0.0
 11
155.4721283478419
 21
38.97397370979565
 31
0.0
  0
LINE
  5
A09
330
231
100
AcDbEntity
  8
0
  6
Continuous
 62
     7
100
AcDbLine
 10
156.3721283080618
 20
39.87397374875565
 30
0.0
 11
156.572128317002
 21
40.07397375769568
 31
0.0
  0
LINE
  5
A0A
330
231
100
AcDbEntity
  8
0
  6
Continuous
 62
     7
100
AcDbLine
 10
158.572128317502
 20
40.07397384405567
 30
0.0
 11
158.3721283085619
 21
39.87397383511567
 31
0.0
  0
LINE
  5
A0B
330
231
100
AcDbEntity
  8
0
  6
Continuous
 62
     7
100
AcDbLine
 10
157.4721283483419
 20
38.97397379615566
 30
0.0
 11
157.272128374962
 21
38.77397378721565
 31
0.0
  0
LINE
  5
A0C
330
231
100
AcDbEntity
  8
0
  6
Continuous
 62
     7
100
AcDbLine
 10
156.5721284059019
 20
38.07397375719566
 30
0.0
 11
156.372128396962
 21
37.87397374825565
 31
0.0
  0
LINE
  5
A0D
330
231
100
AcDbEntity
  8
0
  6
Continuous
 62
     7
100
AcDbLine
 10
155.4721284342019
 20
36.97397370929565
 30
0.0
 11
155.2721284608219
 21
36.77397370035564
 31
0.0
  0
LINE
  5
A0E
330
231
100
AcDbEntity
  8
0
  6
Continuous
 62
     7
100
AcDbLine
 10
158.5721284038619
 20
38.07397384609567
 30
0.0
 11
158.372128394922
 21
37.87397383715566
 31
0.0
  0
LINE
  5
A0F
330
231
100
AcDbEntity
  8
0
  6
Continuous
 62
     7
100
AcDbLine
 10
157.4721284347019
 20
36.97397379819566
 30
0.0
 11
157.2721284613219
 21
36.77397378925562
 31
0.0
  0
LINE
  5
A10
330
231
100
AcDbEntity
  8
0
  6
Continuous
 62
     7
100
AcDbLine
 10
159.272128375462
 20
38.77397370085564
 30
0.0
 11
159.4721283488419
 21
38.97397370979565
 31
0.0
  0
LINE
  5
A11
330
231
100
AcDbEntity
  8
0
  6
Continuous
 62
     7
100
AcDbLine
 10
160.3721283090619
 20
39.87397374875565
 30
0.0
 11
160.572128318002
 21
40.07397375769568
 31
0.0
  0
LINE
  5
A12
330
231
100
AcDbEntity
  8
0
  6
Continuous
 62
     7
100
AcDbLine
 10
153.472128436242
 20
36.97397379819566
 30
0.0
 11
153.4721283956019
 21
37.87397379651566
 31
0.0
  0
LINE
  5
A13
330
231
100
AcDbEntity
  8
0
  6
Continuous
 62
     7
100
AcDbLine
 10
153.4721283473419
 20
38.97397379615566
 30
0.0
 11
153.4721283092419
 21
39.87397379701565
 31
0.0
  0
LINE
  5
A14
330
231
100
AcDbEntity
  8
0
  6
Continuous
 62
     7
100
AcDbLine
 10
153.722128284222
 20
36.42397380853566
 30
0.0
 11
153.722128299462
 21
36.07804211025564
 31
0.0
  0
LINE
  5
A16
330
231
100
AcDbEntity
  8
0
  6
Continuous
 62
     7
100
AcDbLine
 10
154.122128284322
 20
36.42397382631563
 30
0.0
 11
154.1221282995619
 21
36.07804211025564
 31
0.0
  0
LINE
  5
A18
330
231
100
AcDbEntity
  8
0
  6
Continuous
 62
     7
100
AcDbLine
 10
154.3721283075619
 20
39.87397383511567
 30
0.0
 11
154.3721283482019
 21
38.97397383679567
 31
0.0
  0
LINE
  5
A19
330
231
100
AcDbEntity
  8
0
  6
Continuous
 62
     7
100
AcDbLine
 10
154.3721283964619
 20
37.87397383715566
 30
0.0
 11
154.3721284345619
 21
36.97397383629564
 31
0.0
  0
LINE
  5
A1A
330
231
100
AcDbEntity
  8
0
  6
Continuous
 62
     7
100
AcDbLine
 10
154.572128461282
 20
36.77397384513563
 30
0.0
 11
154.5721284054019
 21
38.07397384609567
 31
0.0
  0
LINE
  5
A1B
330
231
100
AcDbEntity
  8
0
  6
Continuous
 62
     7
100
AcDbLine
 10
154.5721283749219
 20
38.77397384563565
 30
0.0
 11
154.572128316502
 21
40.07397384405567
 31
0.0
  0
LINE
  5
A1C
330
231
100
AcDbEntity
  8
0
  6
Continuous
 62
     7
100
AcDbLine
 10
154.922128302302
 20
40.42397368507567
 30
0.0
 11
154.9221284775619
 21
36.42397368661566
 31
0.0
  0
LINE
  5
A1D
330
231
100
AcDbEntity
  8
0
  6
Continuous
 62
     7
100
AcDbLine
 10
155.252012011342
 20
-22.76195789048433
 30
0.0
 11
155.252012011342
 21
-22.90658693320435
 31
0.0
  0
LINE
  5
A1E
330
231
100
AcDbEntity
  8
0
  6
Continuous
 62
     7
100
AcDbLine
 10
155.2721283185819
 20
40.07397370181567
 30
0.0
 11
155.272128374462
 21
38.77397370085564
 31
0.0
  0
LINE
  5
A1F
330
231
100
AcDbEntity
  8
0
  6
Continuous
 62
     7
100
AcDbLine
 10
155.272128404942
 20
38.07397370131565
 30
0.0
 11
155.2721284608219
 21
36.77397370035564
 31
0.0
  0
LINE
  5
A20
330
231
100
AcDbEntity
  8
0
  6
Continuous
 62
     7
100
AcDbLine
 10
155.3070024474619
 20
-22.92491335578436
 30
0.0
 11
155.3070024474619
 21
-22.76195789048433
 31
0.0
  0
LINE
  5
A21
330
231
100
AcDbEntity
  8
0
  6
Continuous
 62
     7
100
AcDbLine
 10
155.4721284342019
 20
36.97397370929565
 30
0.0
 11
155.4721283961019
 21
37.87397371015564
 31
0.0
  0
LINE
  5
A22
330
231
100
AcDbEntity
  8
0
  6
Continuous
 62
     7
100
AcDbLine
 10
155.4721283478419
 20
38.97397370979565
 30
0.0
 11
155.472128309742
 21
39.87397371065566
 31
0.0
  0
LINE
  5
A23
330
231
100
AcDbEntity
  8
0
  6
Continuous
 62
     7
100
AcDbLine
 10
155.722128284722
 20
36.42397371963566
 30
0.0
 11
155.7221282999619
 21
36.07804211025564
 31
0.0
  0
LINE
  5
A25
330
231
100
AcDbEntity
  8
0
  6
Continuous
 62
     7
100
AcDbLine
 10
156.0520120115419
 20
-22.92491335578436
 30
0.0
 11
156.0520120115419
 21
-22.76195789048433
 31
0.0
  0
LINE
  5
A26
330
231
100
AcDbEntity
  8
0
  6
Continuous
 62
     7
100
AcDbLine
 10
156.1221282848219
 20
36.42397373741562
 30
0.0
 11
156.1221283000619
 21
36.07804211025564
 31
0.0
  0
LINE
  5
A28
330
231
100
AcDbEntity
  8
0
  6
Continuous
 62
     7
100
AcDbLine
 10
156.3721283080618
 20
39.87397374875565
 30
0.0
 11
156.372128348702
 21
38.97397374789566
 31
0.0
  0
LINE
  5
A29
330
231
100
AcDbEntity
  8
0
  6
Continuous
 62
     7
100
AcDbLine
 10
156.372128396962
 20
37.87397374825565
 30
0.0
 11
156.3721284350618
 21
36.97397374993566
 31
0.0
  0
LINE
  5
A2A
330
231
100
AcDbEntity
  8
0
  6
Continuous
 62
     7
100
AcDbLine
 10
156.5721284617819
 20
36.77397375877564
 30
0.0
 11
156.5721284059019
 21
38.07397375719566
 31
0.0
  0
LINE
  5
A2B
330
231
100
AcDbEntity
  8
0
  6
Continuous
 62
     7
100
AcDbLine
 10
156.5721283754219
 20
38.77397375673564
 30
0.0
 11
156.572128317002
 21
40.07397375769568
 31
0.0
  0
LINE
  5
A2C
330
231
100
AcDbEntity
  8
0
  6
Continuous
 62
     7
100
AcDbLine
 10
157.2721283165419
 20
40.07397378817566
 30
0.0
 11
157.272128374962
 21
38.77397378721565
 31
0.0
  0
LINE
  5
A2D
330
231
100
AcDbEntity
  8
0
  6
Continuous
 62
     7
100
AcDbLine
 10
157.272128405442
 20
38.07397378767567
 30
0.0
 11
157.2721284613219
 21
36.77397378925562
 31
0.0
  0
LINE
  5
A2E
330
231
100
AcDbEntity
  8
0
  6
Continuous
 62
     7
100
AcDbLine
 10
172.396382411382
 20
50.16771672739565
 30
0.0
 11
172.396838536962
 21
50.16835085363564
 31
0.0
  0
LINE
  5
A2F
330
231
100
AcDbEntity
  8
0
  6
Continuous
 62
     7
100
AcDbLine
 10
172.3155522123619
 20
48.54633989395566
 30
0.0
 11
172.2573791460819
 21
48.48426055659564
 31
0.0
  0
LINE
  5
A30
330
231
100
AcDbEntity
  8
0
  6
Continuous
 62
     7
100
AcDbLine
 10
172.2895005372619
 20
48.49964517911567
 30
0.0
 11
172.327030579042
 21
48.53969927223565
 31
0.0
  0
LINE
  5
A31
330
231
100
AcDbEntity
  8
0
  6
Continuous
 62
     7
100
AcDbLine
 10
172.3155522123619
 20
47.74635210099567
 30
0.0
 11
172.2573791460819
 21
47.68427276363564
 31
0.0
  0
LINE
  5
A32
330
231
100
AcDbEntity
  8
0
  6
Continuous
 62
     7
100
AcDbLine
 10
172.2895005372619
 20
47.69965738615567
 30
0.0
 11
172.327030579042
 21
47.73971147927565
 31
0.0
  0
LINE
  5
A33
330
231
100
AcDbEntity
  8
0
  6
Continuous
 62
     7
100
AcDbLine
 10
172.402595601902
 20
47.00845861361563
 30
0.0
 11
172.3650655575819
 21
46.96840452303564
 31
0.0
  0
LINE
  5
A34
330
231
100
AcDbEntity
  8
0
  6
Continuous
 62
     7
100
AcDbLine
 10
172.376543921722
 20
46.96176389877561
 30
0.0
 11
172.4347169930819
 21
47.02384323105564
 31
0.0
  0
LINE
  5
A35
330
231
100
AcDbEntity
  8
0
  6
Continuous
 62
     7
100
AcDbLine
 10
172.3155522123619
 20
46.14631548141566
 30
0.0
 11
172.2573791460819
 21
46.08423614405566
 31
0.0
  0
LINE
  5
A36
330
231
100
AcDbEntity
  8
0
  6
Continuous
 62
     7
100
AcDbLine
 10
172.2895005372619
 20
46.09962076403564
 30
0.0
 11
172.327030579042
 21
46.13967485715565
 31
0.0
  0
LINE
  5
A37
330
231
100
AcDbEntity
  8
0
  6
Continuous
 62
     7
100
AcDbLine
 10
162.572128318502
 20
40.07397384405567
 30
0.0
 11
162.3721283095619
 21
39.87397383511567
 31
0.0
  0
LINE
  5
A38
330
231
100
AcDbEntity
  8
0
  6
Continuous
 62
     7
100
AcDbLine
 10
161.4721283468019
 20
38.97397379615566
 30
0.0
 11
161.272128373422
 21
38.77397378721565
 31
0.0
  0
LINE
  5
A39
330
231
100
AcDbEntity
  8
0
  6
Continuous
 62
     7
100
AcDbLine
 10
160.5721284043619
 20
38.07397375719566
 30
0.0
 11
160.372128395422
 21
37.87397374825565
 31
0.0
  0
LINE
  5
A3A
330
231
100
AcDbEntity
  8
0
  6
Continuous
 62
     7
100
AcDbLine
 10
159.4721284352019
 20
36.97397370929565
 30
0.0
 11
159.272128461822
 21
36.77397370035564
 31
0.0
  0
LINE
  5
A3B
330
231
100
AcDbEntity
  8
0
  6
Continuous
 62
     7
100
AcDbLine
 10
164.572128316462
 20
40.07397384405567
 30
0.0
 11
164.3721283075219
 21
39.87397383511567
 31
0.0
  0
LINE
  5
A3C
330
231
100
AcDbEntity
  8
0
  6
Continuous
 62
     7
100
AcDbLine
 10
163.4721283473019
 20
38.97397379615566
 30
0.0
 11
163.272128373922
 21
38.77397378721565
 31
0.0
  0
LINE
  5
A3D
330
231
100
AcDbEntity
  8
0
  6
Continuous
 62
     7
100
AcDbLine
 10
162.5721284048619
 20
38.07397375719566
 30
0.0
 11
162.372128395922
 21
37.87397374825565
 31
0.0
  0
LINE
  5
A3E
330
231
100
AcDbEntity
  8
0
  6
Continuous
 62
     7
100
AcDbLine
 10
161.4721284357019
 20
36.97397370929565
 30
0.0
 11
161.272128462322
 21
36.77397370035564
 31
0.0
  0
LINE
  5
A3F
330
231
100
AcDbEntity
  8
0
  6
Continuous
 62
     7
100
AcDbLine
 10
174.558907921222
 20
49.60395207895567
 30
0.0
 11
174.358907955462
 21
49.40395205223566
 31
0.0
  0
LINE
  5
A40
330
231
100
AcDbEntity
  8
0
  6
Continuous
 62
     7
100
AcDbLine
 10
164.5721284053619
 20
38.07397384609567
 30
0.0
 11
164.372128396422
 21
37.87397383715566
 31
0.0
  0
LINE
  5
A41
330
231
100
AcDbEntity
  8
0
  6
Continuous
 62
     7
100
AcDbLine
 10
163.4721284362019
 20
36.97397379819566
 30
0.0
 11
163.272128462822
 21
36.77397378925562
 31
0.0
  0
LINE
  5
A42
330
231
100
AcDbEntity
  8
0
  6
Continuous
 62
     7
100
AcDbLine
 10
165.6721527890018
 20
38.77397370085564
 30
0.0
 11
165.872152762382
 21
38.97397370979565
 31
0.0
  0
LINE
  5
A43
330
231
100
AcDbEntity
  8
0
  6
Continuous
 62
     7
100
AcDbLine
 10
166.7721527226019
 20
39.87397374875565
 30
0.0
 11
166.972152731542
 21
40.07397375769568
 31
0.0
  0
LINE
  5
A44
330
231
100
AcDbEntity
  8
0
  6
Continuous
 62
     7
100
AcDbLine
 10
157.4721284347019
 20
36.97397379819566
 30
0.0
 11
157.472128396602
 21
37.87397379651566
 31
0.0
  0
LINE
  5
A45
330
231
100
AcDbEntity
  8
0
  6
Continuous
 62
     7
100
AcDbLine
 10
157.4721283483419
 20
38.97397379615566
 30
0.0
 11
157.4721283077019
 21
39.87397379701565
 31
0.0
  0
LINE
  5
A46
330
231
100
AcDbEntity
  8
0
  6
Continuous
 62
     7
100
AcDbLine
 10
157.6720120125819
 20
-22.76195789048433
 30
0.0
 11
157.6720120125819
 21
-22.90658693320435
 31
0.0
  0
LINE
  5
A47
330
231
100
AcDbEntity
  8
BODY
  6
Continuous
 62
     7
100
AcDbLine
 10
157.6720120125819
 20
-22.76195789048433
 30
0.0
 11
157.6720120125819
 21
-22.90658693320435
 31
0.0
  0
LINE
  5
A48
330
231
100
AcDbEntity
  8
0
  6
Continuous
 62
     7
100
AcDbLine
 10
157.7221282852219
 20
36.42397380853566
 30
0.0
 11
157.7221283004619
 21
36.07804211025564
 31
0.0
  0
LINE
  5
A4A
330
231
100
AcDbEntity
  8
0
  6
Continuous
 62
     7
100
AcDbLine
 10
158.0520120120419
 20
58.81491501843567
 30
0.0
 11
158.0520120120419
 21
59.09899534943566
 31
0.0
  0
LINE
  5
A4B
330
231
100
AcDbEntity
  8
0
  6
Continuous
 62
     7
100
AcDbLine
 10
158.122128285322
 20
36.42397382631563
 30
0.0
 11
158.1221283005619
 21
36.07804211025564
 31
0.0
  0
LINE
  5
A4D
330
231
100
AcDbEntity
  8
0
  6
Continuous
 62
     7
100
AcDbLine
 10
158.302012012422
 20
58.38804211043566
 30
0.0
 11
158.302012012422
 21
58.18804210911562
 31
0.0
  0
LINE
  5
A4E
330
231
100
AcDbEntity
  8
0
  6
Continuous
 62
     7
100
AcDbLine
 10
158.3721283085619
 20
39.87397383511567
 30
0.0
 11
158.372128349202
 21
38.97397383679567
 31
0.0
  0
LINE
  5
A4F
330
231
100
AcDbEntity
  8
0
  6
Continuous
 62
     7
100
AcDbLine
 10
158.372128394922
 20
37.87397383715566
 30
0.0
 11
158.372128435562
 21
36.97397383629564
 31
0.0
  0
LINE
  5
A50
330
231
100
AcDbEntity
  8
0
  6
Continuous
 62
     7
100
AcDbLine
 10
158.5721284622819
 20
36.77397384513563
 30
0.0
 11
158.5721284038619
 21
38.07397384609567
 31
0.0
  0
LINE
  5
A51
330
231
100
AcDbEntity
  8
0
  6
Continuous
 62
     7
100
AcDbLine
 10
158.572128373382
 20
38.77397384563565
 30
0.0
 11
158.572128317502
 21
40.07397384405567
 31
0.0
  0
LINE
  5
A52
330
231
100
AcDbEntity
  8
0
  6
Continuous
 62
     7
100
AcDbLine
 10
158.8020120106419
 20
59.11295833649567
 30
0.0
 11
158.8020120106419
 21
57.91295833873568
 31
0.0
  0
LINE
  5
A53
330
231
100
AcDbEntity
  8
0
  6
Continuous
 62
     7
100
AcDbLine
 10
158.9221283033019
 20
40.42397368507567
 30
0.0
 11
158.9221284760219
 21
36.42397368661566
 31
0.0
  0
LINE
  5
A54
330
231
100
AcDbEntity
  8
0
  6
Continuous
 62
     7
100
AcDbLine
 10
159.2721283170419
 20
40.07397370181567
 30
0.0
 11
159.272128375462
 21
38.77397370085564
 31
0.0
  0
LINE
  5
A55
330
231
100
AcDbEntity
  8
0
  6
Continuous
 62
     7
100
AcDbLine
 10
159.272128405942
 20
38.07397370131565
 30
0.0
 11
159.272128461822
 21
36.77397370035564
 31
0.0
  0
LINE
  5
A56
330
231
100
AcDbEntity
  8
0
  6
Continuous
 62
     7
100
AcDbLine
 10
159.4721284352019
 20
36.97397370929565
 30
0.0
 11
159.472128397102
 21
37.87397371015564
 31
0.0
  0
LINE
  5
A57
330
231
100
AcDbEntity
  8
0
  6
Continuous
 62
     7
100
AcDbLine
 10
159.4721283488419
 20
38.97397370979565
 30
0.0
 11
159.4721283082019
 21
39.87397371065566
 31
0.0
  0
LINE
  5
A58
330
231
100
AcDbEntity
  8
0
  6
Continuous
 62
     7
100
AcDbLine
 10
159.7221282857219
 20
36.42397371963566
 30
0.0
 11
159.7221283009619
 21
36.07804211025564
 31
0.0
  0
LINE
  5
A5A
330
231
100
AcDbEntity
  8
0
  6
Continuous
 62
     7
100
AcDbLine
 10
160.122128285822
 20
36.42397373741562
 30
0.0
 11
160.1221282985219
 21
36.07804211025564
 31
0.0
  0
LINE
  5
A5C
330
231
100
AcDbEntity
  8
0
  6
Continuous
 62
     7
100
AcDbLine
 10
160.3721283090619
 20
39.87397374875565
 30
0.0
 11
160.3721283471619
 21
38.97397374789566
 31
0.0
  0
LINE
  5
A5D
330
231
100
AcDbEntity
  8
0
  6
Continuous
 62
     7
100
AcDbLine
 10
160.372128395422
 20
37.87397374825565
 30
0.0
 11
160.372128436062
 21
36.97397374993566
 31
0.0
  0
LINE
  5
A5E
330
231
100
AcDbEntity
  8
0
  6
Continuous
 62
     7
100
AcDbLine
 10
160.5721284627819
 20
36.77397375877564
 30
0.0
 11
160.5721284043619
 21
38.07397375719566
 31
0.0
  0
LINE
  5
A5F
330
231
100
AcDbEntity
  8
0
  6
Continuous
 62
     7
100
AcDbLine
 10
160.5721283738819
 20
38.77397375673564
 30
0.0
 11
160.572128318002
 21
40.07397375769568
 31
0.0
  0
LINE
  5
A60
330
231
100
AcDbEntity
  8
0
  6
Continuous
 62
     7
100
AcDbLine
 10
160.9221283012618
 20
40.42397368507567
 30
0.0
 11
160.9221284765219
 21
36.42397368661566
 31
0.0
  0
LINE
  5
A61
330
231
100
AcDbEntity
  8
0
  6
Continuous
 62
     7
100
AcDbLine
 10
161.272128317542
 20
40.07397370181567
 30
0.0
 11
161.272128373422
 21
38.77397370085564
 31
0.0
  0
LINE
  5
A62
330
231
100
AcDbEntity
  8
0
  6
Continuous
 62
     7
100
AcDbLine
 10
161.2721284039019
 20
38.07397370131565
 30
0.0
 11
161.272128462322
 21
36.77397370035564
 31
0.0
  0
LINE
  5
A63
330
231
100
AcDbEntity
  8
0
  6
Continuous
 62
     7
100
AcDbLine
 10
161.4721284357019
 20
36.97397370929565
 30
0.0
 11
161.4721283950619
 21
37.87397371015564
 31
0.0
  0
LINE
  5
A64
330
231
100
AcDbEntity
  8
0
  6
Continuous
 62
     7
100
AcDbLine
 10
161.4721283468019
 20
38.97397370979565
 30
0.0
 11
161.4721283087019
 21
39.87397371065566
 31
0.0
  0
LINE
  5
A65
330
231
100
AcDbEntity
  8
0
  6
Continuous
 62
     7
100
AcDbLine
 10
145.064056545282
 20
-18.56694832522436
 30
0.0
 11
145.103327449722
 21
-18.44911167748432
 31
0.0
  0
LINE
  5
A66
330
231
100
AcDbEntity
  8
0
  6
Continuous
 62
     7
100
AcDbLine
 10
172.520029359922
 20
48.63426060203565
 30
0.0
 11
172.5112252754219
 21
48.61887598713562
 31
0.0
  0
LINE
  5
A67
330
231
100
AcDbEntity
  8
0
  6
Continuous
 62
     7
100
AcDbLine
 10
172.520029359922
 20
47.83427280907566
 30
0.0
 11
172.5112252754219
 21
47.81888819417562
 31
0.0
  0
LINE
  5
A68
330
231
100
AcDbEntity
  8
0
  6
Continuous
 62
     7
100
AcDbLine
 10
172.172066766542
 20
46.87384320847565
 30
0.0
 11
172.1808708510419
 21
46.88922782337562
 31
0.0
  0
LINE
  5
A69
330
231
100
AcDbEntity
  8
0
  6
Continuous
 62
     7
100
AcDbLine
 10
172.520029359922
 20
46.23423618949567
 30
0.0
 11
172.5112252754219
 21
46.21885157205565
 31
0.0
  0
LINE
  5
A6A
330
231
100
AcDbEntity
  8
0
  6
Continuous
 62
     7
100
AcDbLine
 10
168.972152732042
 20
40.07397384405567
 30
0.0
 11
168.7721527231019
 21
39.87397383511567
 31
0.0
  0
LINE
  5
A6B
330
231
100
AcDbEntity
  8
0
  6
Continuous
 62
     7
100
AcDbLine
 10
167.872152762882
 20
38.97397379615566
 30
0.0
 11
167.6721527895018
 21
38.77397378721565
 31
0.0
  0
LINE
  5
A6C
330
231
100
AcDbEntity
  8
0
  6
Continuous
 62
     7
100
AcDbLine
 10
166.972152817902
 20
38.07397375719566
 30
0.0
 11
166.7721528089619
 21
37.87397374825565
 31
0.0
  0
LINE
  5
A6D
330
231
100
AcDbEntity
  8
0
  6
Continuous
 62
     7
100
AcDbLine
 10
165.8721528487418
 20
36.97397370929565
 30
0.0
 11
165.672152875362
 21
36.77397370035564
 31
0.0
  0
LINE
  5
A6E
330
231
100
AcDbEntity
  8
0
  6
Continuous
 62
     7
100
AcDbLine
 10
177.158908192382
 20
48.05395253227567
 30
0.0
 11
177.3589081581419
 21
48.25395257677564
 31
0.0
  0
LINE
  5
A6F
330
231
100
AcDbEntity
  8
0
  6
Continuous
 62
     7
100
AcDbLine
 10
168.972152818402
 20
38.07397384609567
 30
0.0
 11
168.772152809462
 21
37.87397383715566
 31
0.0
  0
LINE
  5
A70
330
231
100
AcDbEntity
  8
0
  6
Continuous
 62
     7
100
AcDbLine
 10
167.8721528492419
 20
36.97397379819566
 30
0.0
 11
167.672152875862
 21
36.77397378925562
 31
0.0
  0
LINE
  5
A71
330
231
100
AcDbEntity
  8
0
  6
Continuous
 62
     7
100
AcDbLine
 10
170.7721527236019
 20
39.87397374875565
 30
0.0
 11
170.9721527325419
 21
40.07397375769568
 31
0.0
  0
LINE
  5
A72
330
231
100
AcDbEntity
  8
0
  6
Continuous
 62
     7
100
AcDbLine
 10
169.672152787462
 20
38.77397370085564
 30
0.0
 11
169.8721527608419
 21
38.97397370979565
 31
0.0
  0
LINE
  5
A73
330
231
100
AcDbEntity
  8
0
  6
Continuous
 62
     7
100
AcDbLine
 10
172.972152730502
 20
40.07397384405567
 30
0.0
 11
172.7721527215621
 21
39.87397383511567
 31
0.0
  0
LINE
  5
A74
330
231
100
AcDbEntity
  8
0
  6
Continuous
 62
     7
100
AcDbLine
 10
171.872152761342
 20
38.97397379615566
 30
0.0
 11
171.6721527879619
 21
38.77397378721565
 31
0.0
  0
LINE
  5
A75
330
231
100
AcDbEntity
  8
0
  6
Continuous
 62
     7
100
AcDbLine
 10
170.972152818902
 20
38.07397375719566
 30
0.0
 11
170.772152809962
 21
37.87397374825565
 31
0.0
  0
LINE
  5
A76
330
231
100
AcDbEntity
  8
0
  6
Continuous
 62
     7
100
AcDbLine
 10
169.8721528497419
 20
36.97397370929565
 30
0.0
 11
169.672152876362
 21
36.77397370035564
 31
0.0
  0
LINE
  5
A77
330
231
100
AcDbEntity
  8
0
  6
Continuous
 62
     7
100
AcDbLine
 10
220.6820024465019
 20
59.05099757649566
 30
0.0
 11
220.5641657987619
 21
59.01172667205566
 31
0.0
  0
LINE
  5
A78
330
231
100
AcDbEntity
  8
0
  6
Continuous
 62
     7
100
AcDbLine
 10
220.627012010382
 20
-22.90658693320435
 30
0.0
 11
220.6820024465019
 21
-22.92491335578436
 31
0.0
  0
LINE
  5
A79
330
231
100
AcDbEntity
  8
0
  6
Continuous
 62
     7
100
AcDbLine
 10
145.064056545282
 20
54.69303254593566
 30
0.0
 11
145.103327449722
 21
54.57519589819563
 31
0.0
  0
LINE
  5
A7A
330
231
100
AcDbEntity
  8
0
  6
Continuous
 62
     7
100
AcDbLine
 10
161.7221282836819
 20
36.42397371963566
 30
0.0
 11
161.722128298922
 21
36.07804211025564
 31
0.0
  0
LINE
  5
A7C
330
231
100
AcDbEntity
  8
0
  6
Continuous
 62
     7
100
AcDbLine
 10
162.052012010502
 20
-22.97291112872435
 30
0.0
 11
162.052012010502
 21
-22.90658693320435
 31
0.0
  0
LINE
  5
A7D
330
231
100
AcDbEntity
  8
0
  6
Continuous
 62
     7
100
AcDbLine
 10
162.122128283782
 20
36.42397373741562
 30
0.0
 11
162.1221282990219
 21
36.07804211025564
 31
0.0
  0
LINE
  5
A7F
330
231
100
AcDbEntity
  8
0
  6
Continuous
 62
     7
100
AcDbLine
 10
162.302012010882
 20
-22.26195788972436
 30
0.0
 11
162.302012010882
 21
-22.06195789094434
 31
0.0
  0
LINE
  5
A80
330
231
100
AcDbEntity
  8
0
  6
Continuous
 62
     7
100
AcDbLine
 10
162.3721283095619
 20
39.87397374875565
 30
0.0
 11
162.3721283476619
 21
38.97397374789566
 31
0.0
  0
LINE
  5
A81
330
231
100
AcDbEntity
  8
0
  6
Continuous
 62
     7
100
AcDbLine
 10
162.372128395922
 20
37.87397374825565
 30
0.0
 11
162.372128436562
 21
36.97397374993566
 31
0.0
  0
LINE
  5
A82
330
231
100
AcDbEntity
  8
0
  6
Continuous
 62
     7
100
AcDbLine
 10
162.5721284607419
 20
36.77397375877564
 30
0.0
 11
162.5721284048619
 21
38.07397375719566
 31
0.0
  0
LINE
  5
A83
330
231
100
AcDbEntity
  8
0
  6
Continuous
 62
     7
100
AcDbLine
 10
162.5721283743819
 20
38.77397375673564
 30
0.0
 11
162.572128318502
 21
40.07397375769568
 31
0.0
  0
LINE
  5
A84
330
231
100
AcDbEntity
  8
0
  6
Continuous
 62
     7
100
AcDbLine
 10
162.8020120116419
 20
-21.78687411802432
 30
0.0
 11
162.8020120116419
 21
-22.98687411832435
 31
0.0
  0
LINE
  5
A85
330
231
100
AcDbEntity
  8
0
  6
Continuous
 62
     7
100
AcDbLine
 10
162.9221284770219
 20
36.42397385933563
 30
0.0
 11
162.922128301762
 21
40.42397386033565
 31
0.0
  0
LINE
  5
A86
330
231
100
AcDbEntity
  8
0
  6
Continuous
 62
     7
100
AcDbLine
 10
163.2721283180419
 20
40.07397378817566
 30
0.0
 11
163.272128373922
 21
38.77397378721565
 31
0.0
  0
LINE
  5
A87
330
231
100
AcDbEntity
  8
0
  6
Continuous
 62
     7
100
AcDbLine
 10
163.272128404402
 20
38.07397378767567
 30
0.0
 11
163.272128462822
 21
36.77397378925562
 31
0.0
  0
LINE
  5
A88
330
231
100
AcDbEntity
  8
0
  6
Continuous
 62
     7
100
AcDbLine
 10
163.302012012402
 20
57.91295833873568
 30
0.0
 11
163.302012012402
 21
59.11295833649567
 31
0.0
  0
LINE
  5
A89
330
231
100
AcDbEntity
  8
0
  6
Continuous
 62
     7
100
AcDbLine
 10
163.4721284362019
 20
36.97397379819566
 30
0.0
 11
163.4721283955618
 21
37.87397379651566
 31
0.0
  0
LINE
  5
A8A
330
231
100
AcDbEntity
  8
0
  6
Continuous
 62
     7
100
AcDbLine
 10
163.4721283473019
 20
38.97397379615566
 30
0.0
 11
163.472128309202
 21
39.87397379701565
 31
0.0
  0
LINE
  5
A8B
330
231
100
AcDbEntity
  8
0
  6
Continuous
 62
     7
100
AcDbLine
 10
163.7221282841819
 20
36.42397380853566
 30
0.0
 11
163.722128299422
 21
36.07804211025564
 31
0.0
  0
LINE
  5
A8D
330
231
100
AcDbEntity
  8
0
  6
Continuous
 62
     7
100
AcDbLine
 10
163.802012010622
 20
58.38804211043566
 30
0.0
 11
163.802012010622
 21
58.18804210911562
 31
0.0
  0
LINE
  5
A8E
330
231
100
AcDbEntity
  8
0
  6
Continuous
 62
     7
100
AcDbLine
 10
164.052012011002
 20
58.81491501843567
 30
0.0
 11
164.052012011002
 21
59.09899534943566
 31
0.0
  0
LINE
  5
A8F
330
231
100
AcDbEntity
  8
0
  6
Continuous
 62
     7
100
AcDbLine
 10
164.122128284282
 20
36.42397382631563
 30
0.0
 11
164.1221282995219
 21
36.07804211025564
 31
0.0
  0
LINE
  5
A91
330
231
100
AcDbEntity
  8
0
  6
Continuous
 62
     7
100
AcDbLine
 10
164.3721283075219
 20
39.87397383511567
 30
0.0
 11
164.372128348162
 21
38.97397383679567
 31
0.0
  0
LINE
  5
A92
330
231
100
AcDbEntity
  8
0
  6
Continuous
 62
     7
100
AcDbLine
 10
164.372128396422
 20
37.87397383715566
 30
0.0
 11
164.3721284345218
 21
36.97397383629564
 31
0.0
  0
LINE
  5
A93
330
231
100
AcDbEntity
  8
0
  6
Continuous
 62
     7
100
AcDbLine
 10
164.5721284612419
 20
36.77397384513563
 30
0.0
 11
164.5721284053619
 21
38.07397384609567
 31
0.0
  0
LINE
  5
A94
330
231
100
AcDbEntity
  8
0
  6
Continuous
 62
     7
100
AcDbLine
 10
164.572128374882
 20
38.77397384563565
 30
0.0
 11
164.572128316462
 21
40.07397384405567
 31
0.0
  0
LINE
  5
A95
330
231
100
AcDbEntity
  8
0
  6
Continuous
 62
     7
100
AcDbLine
 10
164.922128477522
 20
36.42397385933563
 30
0.0
 11
164.9221283022619
 21
40.42397386033565
 31
0.0
  0
LINE
  5
A96
330
231
100
AcDbEntity
  8
0
  6
Continuous
 62
     7
100
AcDbLine
 10
165.3221527168419
 20
40.42397368507567
 30
0.0
 11
165.3221528921019
 21
36.42397368661566
 31
0.0
  0
LINE
  5
A97
330
231
100
AcDbEntity
  8
0
  6
Continuous
 62
     7
100
AcDbLine
 10
172.972152819402
 20
38.07397384609567
 30
0.0
 11
172.772152810462
 21
37.87397383715566
 31
0.0
  0
LINE
  5
A98
330
231
100
AcDbEntity
  8
0
  6
Continuous
 62
     7
100
AcDbLine
 10
171.8721528502419
 20
36.97397379819566
 30
0.0
 11
171.6721528768619
 21
36.77397378925562
 31
0.0
  0
LINE
  5
A99
330
231
100
AcDbEntity
  8
0
  6
Continuous
 62
     7
100
AcDbLine
 10
173.6721527884619
 20
38.77397370085564
 30
0.0
 11
173.8721527618419
 21
38.97397370979565
 31
0.0
  0
LINE
  5
A9A
330
231
100
AcDbEntity
  8
0
  6
Continuous
 62
     7
100
AcDbLine
 10
174.772152722062
 20
39.87397374875565
 30
0.0
 11
174.972152731002
 21
40.07397375769568
 31
0.0
  0
LINE
  5
A9B
330
231
100
AcDbEntity
  8
0
  6
Continuous
 62
     7
100
AcDbLine
 10
176.9721527315019
 20
40.07397384405567
 30
0.0
 11
176.772152722562
 21
39.87397383511567
 31
0.0
  0
LINE
  5
A9C
330
231
100
AcDbEntity
  8
0
  6
Continuous
 62
     7
100
AcDbLine
 10
175.8721527623419
 20
38.97397379615566
 30
0.0
 11
175.6721527889619
 21
38.77397378721565
 31
0.0
  0
LINE
  5
A9D
330
231
100
AcDbEntity
  8
0
  6
Continuous
 62
     7
100
AcDbLine
 10
174.972152819902
 20
38.07397375719566
 30
0.0
 11
174.772152810962
 21
37.87397374825565
 31
0.0
  0
LINE
  5
A9E
330
231
100
AcDbEntity
  8
0
  6
Continuous
 62
     7
100
AcDbLine
 10
173.8721528482019
 20
36.97397370929565
 30
0.0
 11
173.6721528748219
 21
36.77397370035564
 31
0.0
  0
LINE
  5
A9F
330
231
100
AcDbEntity
  8
0
  6
Continuous
 62
     7
100
AcDbLine
 10
178.9721527320019
 20
40.07397384405567
 30
0.0
 11
178.772152723062
 21
39.87397383511567
 31
0.0
  0
LINE
  5
AA0
330
231
100
AcDbEntity
  8
0
  6
Continuous
 62
     7
100
AcDbLine
 10
176.9721528178619
 20
38.07397384609567
 30
0.0
 11
176.772152808922
 21
37.87397383715566
 31
0.0
  0
LINE
  5
AA1
330
231
100
AcDbEntity
  8
0
  6
Continuous
 62
     7
100
AcDbLine
 10
177.8721527628419
 20
38.97397379615566
 30
0.0
 11
177.6721527894619
 21
38.77397378721565
 31
0.0
  0
LINE
  5
AA2
330
231
100
AcDbEntity
  8
0
  6
Continuous
 62
     7
100
AcDbLine
 10
175.872152848702
 20
36.97397379819566
 30
0.0
 11
175.6721528753219
 21
36.77397378925562
 31
0.0
  0
LINE
  5
AA3
330
231
100
AcDbEntity
  8
0
  6
Continuous
 62
     7
100
AcDbLine
 10
165.6721527305819
 20
40.07397370181567
 30
0.0
 11
165.6721527890018
 21
38.77397370085564
 31
0.0
  0
LINE
  5
AA4
330
231
100
AcDbEntity
  8
0
  6
Continuous
 62
     7
100
AcDbLine
 10
165.672152819482
 20
38.07397370131565
 30
0.0
 11
165.672152875362
 21
36.77397370035564
 31
0.0
  0
LINE
  5
AA5
330
231
100
AcDbEntity
  8
0
  6
Continuous
 62
     7
100
AcDbLine
 10
165.8721528487418
 20
36.97397370929565
 30
0.0
 11
165.8721528106421
 21
37.87397371015564
 31
0.0
  0
LINE
  5
AA6
330
231
100
AcDbEntity
  8
0
  6
Continuous
 62
     7
100
AcDbLine
 10
165.872152762382
 20
38.97397370979565
 30
0.0
 11
165.8721527217419
 21
39.87397371065566
 31
0.0
  0
LINE
  5
AA7
330
231
100
AcDbEntity
  8
0
  6
Continuous
 62
     7
100
AcDbLine
 10
166.1221526992619
 20
36.42397371963566
 30
0.0
 11
166.122152714502
 21
36.07804211025564
 31
0.0
  0
LINE
  5
AA9
330
231
100
AcDbEntity
  8
0
  6
Continuous
 62
     7
100
AcDbLine
 10
166.522152699362
 20
36.42397373741562
 30
0.0
 11
166.5221527146019
 21
36.07804211025564
 31
0.0
  0
LINE
  5
AAB
330
231
100
AcDbEntity
  8
SURFACE
  6
Continuous
 62
     7
100
AcDbLine
 10
166.6720120110219
 20
-21.56195789018434
 30
0.0
 11
166.6720120110219
 21
-21.78687411802432
 31
0.0
  0
LINE
  5
AAC
330
231
100
AcDbEntity
  8
BODY
  6
Continuous
 62
     7
100
AcDbLine
 10
166.6720120110219
 20
-21.56195789018434
 30
0.0
 11
166.6720120110219
 21
-21.78687411802432
 31
0.0
  0
LINE
  5
AAD
330
231
100
AcDbEntity
  8
0
  6
Continuous
 62
     7
100
AcDbLine
 10
166.7721527226019
 20
39.87397374875565
 30
0.0
 11
166.7721527632419
 21
38.97397374789566
 31
0.0
  0
LINE
  5
AAE
330
231
100
AcDbEntity
  8
0
  6
Continuous
 62
     7
100
AcDbLine
 10
166.7721528089619
 20
37.87397374825565
 30
0.0
 11
166.772152849602
 21
36.97397374993566
 31
0.0
  0
LINE
  5
AAF
330
231
100
AcDbEntity
  8
0
  6
Continuous
 62
     7
100
AcDbLine
 10
166.9721528763219
 20
36.77397375877564
 30
0.0
 11
166.972152817902
 21
38.07397375719566
 31
0.0
  0
LINE
  5
AB0
330
231
100
AcDbEntity
  8
0
  6
Continuous
 62
     7
100
AcDbLine
 10
166.9721527874219
 20
38.77397375673564
 30
0.0
 11
166.972152731542
 21
40.07397375769568
 31
0.0
  0
LINE
  5
AB1
330
231
100
AcDbEntity
  8
0
  6
Continuous
 62
     7
100
AcDbLine
 10
167.3020120108619
 20
-22.98687411832435
 30
0.0
 11
167.3020120108619
 21
-21.78687411802432
 31
0.0
  0
LINE
  5
AB2
330
231
100
AcDbEntity
  8
0
  6
Continuous
 62
     7
100
AcDbLine
 10
167.6721527310819
 20
40.07397378817566
 30
0.0
 11
167.6721527895018
 21
38.77397378721565
 31
0.0
  0
LINE
  5
AB3
330
231
100
AcDbEntity
  8
0
  6
Continuous
 62
     7
100
AcDbLine
 10
167.672152819982
 20
38.07397378767567
 30
0.0
 11
167.672152875862
 21
36.77397378925562
 31
0.0
  0
LINE
  5
AB4
330
231
100
AcDbEntity
  8
0
  6
Continuous
 62
     7
100
AcDbLine
 10
167.8020120116219
 20
-22.26195788972436
 30
0.0
 11
167.8020120116219
 21
-22.06195789094434
 31
0.0
  0
LINE
  5
AB5
330
231
100
AcDbEntity
  8
0
  6
Continuous
 62
     7
100
AcDbLine
 10
167.8721528492419
 20
36.97397379819566
 30
0.0
 11
167.8721528111421
 21
37.87397379651566
 31
0.0
  0
LINE
  5
AB6
330
231
100
AcDbEntity
  8
0
  6
Continuous
 62
     7
100
AcDbLine
 10
167.872152762882
 20
38.97397379615566
 30
0.0
 11
167.8721527222419
 21
39.87397379701565
 31
0.0
  0
LINE
  5
AB7
330
231
100
AcDbEntity
  8
0
  6
Continuous
 62
     7
100
AcDbLine
 10
168.0520120120019
 20
-22.90658693320435
 30
0.0
 11
168.0520120120019
 21
-22.97291112872435
 31
0.0
  0
LINE
  5
AB8
330
231
100
AcDbEntity
  8
0
  6
Continuous
 62
     7
100
AcDbLine
 10
168.1221526997619
 20
36.42397380853566
 30
0.0
 11
168.1221527150019
 21
36.07804211025564
 31
0.0
  0
LINE
  5
ABA
330
231
100
AcDbEntity
  8
0
  6
Continuous
 62
     7
100
AcDbLine
 10
168.5221526998619
 20
36.42397382631563
 30
0.0
 11
168.522152712562
 21
36.07804211025564
 31
0.0
  0
LINE
  5
ABC
330
231
100
AcDbEntity
  8
0
  6
Continuous
 62
     7
100
AcDbLine
 10
168.7721527231019
 20
39.87397383511567
 30
0.0
 11
168.772152761202
 21
38.97397383679567
 31
0.0
  0
LINE
  5
ABD
330
231
100
AcDbEntity
  8
0
  6
Continuous
 62
     7
100
AcDbLine
 10
168.772152809462
 20
37.87397383715566
 30
0.0
 11
168.772152850102
 21
36.97397383629564
 31
0.0
  0
LINE
  5
ABE
330
231
100
AcDbEntity
  8
0
  6
Continuous
 62
     7
100
AcDbLine
 10
168.9721528768219
 20
36.77397384513563
 30
0.0
 11
168.972152818402
 21
38.07397384609567
 31
0.0
  0
LINE
  5
ABF
330
231
100
AcDbEntity
  8
0
  6
Continuous
 62
     7
100
AcDbLine
 10
168.9721527879219
 20
38.77397384563565
 30
0.0
 11
168.972152732042
 21
40.07397384405567
 31
0.0
  0
LINE
  5
AC0
330
231
100
AcDbEntity
  8
0
  6
Continuous
 62
     7
100
AcDbLine
 10
169.322152715302
 20
40.42397368507567
 30
0.0
 11
169.3221528905619
 21
36.42397368661566
 31
0.0
  0
LINE
  5
AC1
330
231
100
AcDbEntity
  8
0
  6
Continuous
 62
     7
100
AcDbLine
 10
169.6721527315819
 20
40.07397370181567
 30
0.0
 11
169.672152787462
 21
38.77397370085564
 31
0.0
  0
LINE
  5
AC2
330
231
100
AcDbEntity
  8
0
  6
Continuous
 62
     7
100
AcDbLine
 10
169.672152817942
 20
38.07397370131565
 30
0.0
 11
169.672152876362
 21
36.77397370035564
 31
0.0
  0
LINE
  5
AC3
330
231
100
AcDbEntity
  8
0
  6
Continuous
 62
     7
100
AcDbLine
 10
178.972152818362
 20
38.07397384609567
 30
0.0
 11
178.772152809422
 21
37.87397383715566
 31
0.0
  0
LINE
  5
AC4
330
231
100
AcDbEntity
  8
0
  6
Continuous
 62
     7
100
AcDbLine
 10
177.872152849202
 20
36.97397379819566
 30
0.0
 11
177.6721528758219
 21
36.77397378925562
 31
0.0
  0
LINE
  5
AC5
330
231
100
AcDbEntity
  8
0
  6
Continuous
 62
     7
100
AcDbLine
 10
193.758907956502
 20
49.40395544567562
 30
0.0
 11
193.9589079222619
 21
49.60395546985563
 31
0.0
  0
LINE
  5
AC6
330
231
100
AcDbEntity
  8
0
  6
Continuous
 62
     7
100
AcDbLine
 10
145.0461507517819
 20
-1.447113809564342
 30
0.0
 11
145.227012010582
 21
-1.447108427304357
 31
0.0
  0
LINE
  5
AC7
330
231
100
AcDbEntity
  8
0
  6
Continuous
 62
     7
100
AcDbLine
 10
145.227012010582
 20
-0.1671084269843277
 30
0.0
 11
145.040232173322
 21
-0.1671139845043399
 31
0.0
  0
LINE
  5
AC8
330
231
100
AcDbEntity
  8
0
  6
Continuous
 62
     7
100
AcDbLine
 10
169.8721528497419
 20
36.97397370929565
 30
0.0
 11
169.8721528091019
 21
37.87397371015564
 31
0.0
  0
LINE
  5
AC9
330
231
100
AcDbEntity
  8
0
  6
Continuous
 62
     7
100
AcDbLine
 10
169.8721527608419
 20
38.97397370979565
 30
0.0
 11
169.8721527227419
 21
39.87397371065566
 31
0.0
  0
LINE
  5
ACA
330
231
100
AcDbEntity
  8
0
  6
Continuous
 62
     7
100
AcDbLine
 10
170.1221526977221
 20
36.42397371963566
 30
0.0
 11
170.1221527129619
 21
36.07804211025564
 31
0.0
  0
LINE
  5
ACC
330
231
100
AcDbEntity
  8
0
  6
Continuous
 62
     7
100
AcDbLine
 10
170.522152697822
 20
36.42397373741562
 30
0.0
 11
170.522152713062
 21
36.07804211025564
 31
0.0
  0
LINE
  5
ACE
330
231
100
AcDbEntity
  8
0
  6
Continuous
 62
     7
100
AcDbLine
 10
170.7721527236019
 20
39.87397374875565
 30
0.0
 11
170.772152761702
 21
38.97397374789566
 31
0.0
  0
LINE
  5
ACF
330
231
100
AcDbEntity
  8
0
  6
Continuous
 62
     7
100
AcDbLine
 10
170.772152809962
 20
37.87397374825565
 30
0.0
 11
170.7721528506019
 21
36.97397374993566
 31
0.0
  0
LINE
  5
AD0
330
231
100
AcDbEntity
  8
0
  6
Continuous
 62
     7
100
AcDbLine
 10
170.9721528747819
 20
36.77397375877564
 30
0.0
 11
170.972152818902
 21
38.07397375719566
 31
0.0
  0
LINE
  5
AD1
330
231
100
AcDbEntity
  8
0
  6
Continuous
 62
     7
100
AcDbLine
 10
170.9721527884219
 20
38.77397375673564
 30
0.0
 11
170.9721527325419
 21
40.07397375769568
 31
0.0
  0
LINE
  5
AD2
330
231
100
AcDbEntity
  8
0
  6
Continuous
 62
     7
100
AcDbLine
 10
171.562012012562
 20
48.56304211099566
 30
0.0
 11
171.562012012562
 21
47.56304210947567
 31
0.0
  0
LINE
  5
AD3
330
231
100
AcDbEntity
  8
0
  6
Continuous
 62
     7
100
AcDbLine
 10
171.6721527320819
 20
40.07397378817566
 30
0.0
 11
171.6721527879619
 21
38.77397378721565
 31
0.0
  0
LINE
  5
AD4
330
231
100
AcDbEntity
  8
0
  6
Continuous
 62
     7
100
AcDbLine
 10
171.672152818442
 20
38.07397378767567
 30
0.0
 11
171.6721528768619
 21
36.77397378925562
 31
0.0
  0
LINE
  5
AD5
330
231
100
AcDbEntity
  8
0
  6
Continuous
 62
     7
100
AcDbLine
 10
171.8721528502419
 20
36.97397379819566
 30
0.0
 11
171.8721528096019
 21
37.87397379651566
 31
0.0
  0
LINE
  5
AD6
330
231
100
AcDbEntity
  8
0
  6
Continuous
 62
     7
100
AcDbLine
 10
171.872152761342
 20
38.97397379615566
 30
0.0
 11
171.8721527232419
 21
39.87397379701565
 31
0.0
  0
LINE
  5
AD7
330
231
100
AcDbEntity
  8
0
  6
Continuous
 62
     7
100
AcDbLine
 10
172.0059564866219
 20
48.71897858093567
 30
0.0
 11
172.0059565425018
 21
48.38897858307567
 31
0.0
  0
LINE
  5
AD8
330
231
100
AcDbEntity
  8
0
  6
Continuous
 62
     7
100
AcDbLine
 10
172.0059564866219
 20
47.91899078797567
 30
0.0
 11
172.0059565425018
 21
47.58899079011567
 31
0.0
  0
LINE
  5
AD9
330
231
100
AcDbEntity
  8
0
  6
Continuous
 62
     7
100
AcDbLine
 10
172.0061396333219
 20
46.78912512543567
 30
0.0
 11
172.0061396053819
 21
47.11912512583563
 31
0.0
  0
LINE
  5
ADA
330
231
100
AcDbEntity
  8
0
  6
Continuous
 62
     7
100
AcDbLine
 10
172.0472600082819
 20
49.47606948991563
 30
0.0
 11
172.047260051462
 21
49.23222948991562
 31
0.0
  0
LINE
  5
ADB
330
231
100
AcDbEntity
  8
0
  6
Continuous
 62
     7
100
AcDbLine
 10
172.055956493302
 20
46.26895417695567
 30
0.0
 11
172.0559564856819
 21
46.31895417601564
 31
0.0
  0
LINE
  5
ADC
330
231
100
AcDbEntity
  8
0
  6
Continuous
 62
     7
100
AcDbLine
 10
172.0559565441019
 20
47.58899079773567
 30
0.0
 11
172.055956533942
 21
47.63899079679563
 31
0.0
  0
LINE
  5
ADD
330
231
100
AcDbEntity
  8
0
  6
Continuous
 62
     7
100
AcDbLine
 10
172.055956493302
 20
47.86899079907565
 30
0.0
 11
172.0559564856819
 21
47.91899079813567
 31
0.0
  0
LINE
  5
ADE
330
231
100
AcDbEntity
  8
0
  6
Continuous
 62
     7
100
AcDbLine
 10
172.0559565441019
 20
48.38897859069567
 30
0.0
 11
172.055956533942
 21
48.43897858975563
 31
0.0
  0
LINE
  5
ADF
330
231
100
AcDbEntity
  8
0
  6
Continuous
 62
     7
100
AcDbLine
 10
172.055956493302
 20
48.66897859203564
 30
0.0
 11
172.0559564856819
 21
48.71897859109566
 31
0.0
  0
LINE
  5
AE0
330
231
100
AcDbEntity
  8
0
  6
Continuous
 62
     7
100
AcDbLine
 10
172.0561396349219
 20
46.78912512797566
 30
0.0
 11
172.0561396298419
 21
46.83912512957564
 31
0.0
  0
LINE
  5
AE1
330
231
100
AcDbEntity
  8
0
  6
Continuous
 62
     7
100
AcDbLine
 10
172.0561396095219
 20
47.06912512931566
 30
0.0
 11
172.0561396044419
 21
47.11912512837563
 31
0.0
  0
LINE
  5
AE2
330
231
100
AcDbEntity
  8
0
  6
Continuous
 62
     7
100
AcDbLine
 10
172.077740056542
 20
49.20174949499565
 30
0.0
 11
172.0777400032019
 21
49.50654949499565
 31
0.0
  0
LINE
  5
AE3
330
231
100
AcDbEntity
  8
0
  6
Continuous
 62
     7
100
AcDbLine
 10
172.105956505062
 20
46.20335802925564
 30
0.0
 11
172.1059564847419
 21
46.31895418617562
 31
0.0
  0
LINE
  5
AE4
330
231
100
AcDbEntity
  8
0
  6
Continuous
 62
     7
100
AcDbLine
 10
172.1059565431618
 20
47.58899080535562
 30
0.0
 11
172.1059564847419
 21
47.91899080575563
 31
0.0
  0
LINE
  5
AE5
330
231
100
AcDbEntity
  8
0
  6
Continuous
 62
     7
100
AcDbLine
 10
172.1059565431618
 20
48.38897859831567
 30
0.0
 11
172.1059564847419
 21
48.71897859871563
 31
0.0
  0
LINE
  5
AE6
330
231
100
AcDbEntity
  8
0
  6
Continuous
 62
     7
100
AcDbLine
 10
172.106139606042
 20
47.11912513345566
 30
0.0
 11
172.106139633982
 21
46.78912513305568
 31
0.0
  0
LINE
  5
AE7
330
231
100
AcDbEntity
  8
0
  6
Continuous
 62
     7
100
AcDbLine
 10
172.108220056542
 20
49.20174950007563
 30
0.0
 11
172.1082200032019
 21
49.50654950007566
 31
0.0
  0
LINE
  5
AE8
330
231
100
AcDbEntity
  8
0
  6
Continuous
 62
     7
100
AcDbLine
 10
172.122152698222
 20
36.42397380853566
 30
0.0
 11
172.1221527134619
 21
36.07804211025564
 31
0.0
  0
LINE
  5
AEA
330
231
100
AcDbEntity
  8
0
  6
Continuous
 62
     7
100
AcDbLine
 10
172.144332379542
 20
47.02384320565565
 30
0.0
 11
172.1443323922418
 21
46.87384320593565
 31
0.0
  0
LINE
  5
AEB
330
231
100
AcDbEntity
  8
0
  6
Continuous
 62
     7
100
AcDbLine
 10
172.1577939299619
 20
46.88922782083563
 30
0.0
 11
172.1577939172618
 21
47.02384320565565
 31
0.0
  0
LINE
  5
AEC
330
231
100
AcDbEntity
  8
0
  6
Continuous
 62
     7
100
AcDbLine
 10
172.1711464788219
 20
49.36616944555566
 30
0.0
 11
172.171146483902
 21
49.34842221917566
 31
0.0
  0
LINE
  5
AED
330
231
100
AcDbEntity
  8
0
  6
Continuous
 62
     7
100
AcDbLine
 10
172.1884512549819
 20
49.36589906001566
 30
0.0
 11
172.1884512575219
 21
49.34869260979565
 31
0.0
  0
LINE
  5
AEE
330
231
100
AcDbEntity
  8
0
  6
Continuous
 62
     7
100
AcDbLine
 10
172.2277802898619
 20
49.34869261487566
 30
0.0
 11
172.2277802873219
 21
49.36589906763567
 31
0.0
  0
LINE
  5
AEF
330
231
100
AcDbEntity
  8
0
  6
Continuous
 62
     7
100
AcDbLine
 10
172.2450850634819
 20
49.34842223187562
 30
0.0
 11
172.2450850609419
 21
49.36616945825566
 31
0.0
  0
LINE
  5
AF0
330
231
100
AcDbEntity
  8
0
  6
Continuous
 62
     7
100
AcDbLine
 10
172.268682486442
 20
49.32425946079561
 30
0.0
 11
172.268682491522
 21
49.30538152547564
 31
0.0
  0
LINE
  5
AF1
330
231
100
AcDbEntity
  8
0
  6
Continuous
 62
     7
100
AcDbLine
 10
172.332793917782
 20
47.02384322089566
 30
0.0
 11
172.332793917782
 21
47.00845860599568
 31
0.0
  0
LINE
  5
AF2
330
231
100
AcDbEntity
  8
0
  6
Continuous
 62
     7
100
AcDbLine
 10
172.345767394502
 20
49.30538154071564
 30
0.0
 11
172.345767391962
 21
49.31324734667566
 31
0.0
  0
LINE
  5
AF3
330
231
100
AcDbEntity
  8
0
  6
Continuous
 62
     7
100
AcDbLine
 10
172.3593022239219
 20
46.08423616183563
 30
0.0
 11
172.359302221382
 21
46.09962077673563
 31
0.0
  0
LINE
  5
AF4
330
231
100
AcDbEntity
  8
0
  6
Continuous
 62
     7
100
AcDbLine
 10
172.3593022239219
 20
47.68427278141564
 30
0.0
 11
172.359302221382
 21
47.69965739631561
 31
0.0
  0
LINE
  5
AF5
330
231
100
AcDbEntity
  8
0
  6
Continuous
 62
     7
100
AcDbLine
 10
172.3593022239219
 20
48.48426057437563
 30
0.0
 11
172.359302221382
 21
48.49964518927561
 31
0.0
  0
LINE
  5
AF6
330
231
100
AcDbEntity
  8
0
  6
Continuous
 62
     7
100
AcDbLine
 10
172.375657446482
 20
49.36616948111566
 30
0.0
 11
172.375657451562
 21
49.34842225473568
 31
0.0
  0
LINE
  5
AF7
330
231
100
AcDbEntity
  8
0
  6
Continuous
 62
     7
100
AcDbLine
 10
172.392962222642
 20
49.36589909557568
 30
0.0
 11
172.3929622251819
 21
49.34869264535567
 31
0.0
  0
LINE
  5
AF8
330
231
100
AcDbEntity
  8
0
  6
Continuous
 62
     7
100
AcDbLine
 10
172.4322912575219
 20
49.34869265043565
 30
0.0
 11
172.432291254982
 21
49.36589910319563
 31
0.0
  0
LINE
  5
AF9
330
231
100
AcDbEntity
  8
0
  6
Continuous
 62
     7
100
AcDbLine
 10
172.449596031142
 20
49.34842226743566
 30
0.0
 11
172.4495960286019
 21
49.36616949381562
 31
0.0
  0
LINE
  5
AFA
330
231
100
AcDbEntity
  8
0
  6
Continuous
 62
     7
100
AcDbLine
 10
172.5062298294821
 20
49.38765298653564
 30
0.0
 11
172.5062298421819
 21
49.32268634227563
 31
0.0
  0
LINE
  5
AFB
330
231
100
AcDbEntity
  8
0
  6
Continuous
 62
     7
100
AcDbLine
 10
172.522152698322
 20
36.42397382631563
 30
0.0
 11
172.522152713562
 21
36.07804211025564
 31
0.0
  0
LINE
  5
AFD
330
231
100
AcDbEntity
  8
0
  6
Continuous
 62
     7
100
AcDbLine
 10
172.523534615802
 20
49.32268634481565
 30
0.0
 11
172.523534600562
 21
49.41078337715564
 31
0.0
  0
LINE
  5
AFE
330
231
100
AcDbEntity
  8
0
  6
Continuous
 62
     7
100
AcDbLine
 10
172.534302199042
 20
48.61887598967564
 30
0.0
 11
172.5343022244419
 21
48.48426060485564
 31
0.0
  0
LINE
  5
AFF
330
231
100
AcDbEntity
  8
0
  6
Continuous
 62
     7
100
AcDbLine
 10
172.534302199042
 20
47.81888819671564
 30
0.0
 11
172.5343022244419
 21
47.68427281189565
 31
0.0
  0
LINE
  5
B00
330
231
100
AcDbEntity
  8
0
  6
Continuous
 62
     7
100
AcDbLine
 10
172.534302199042
 20
46.21885157713563
 30
0.0
 11
172.5343022244419
 21
46.08423619231561
 31
0.0
  0
LINE
  5
B01
330
231
100
AcDbEntity
  8
0
  6
Continuous
 62
     7
100
AcDbLine
 10
172.5477637621619
 20
46.08423619485563
 30
0.0
 11
172.5477637342219
 21
46.23423619457565
 31
0.0
  0
LINE
  5
B02
330
231
100
AcDbEntity
  8
0
  6
Continuous
 62
     7
100
AcDbLine
 10
172.5477637621619
 20
47.68427281443564
 30
0.0
 11
172.5477637342219
 21
47.83427281415566
 31
0.0
  0
LINE
  5
B03
330
231
100
AcDbEntity
  8
0
  6
Continuous
 62
     7
100
AcDbLine
 10
172.5477637621619
 20
48.48426060739564
 30
0.0
 11
172.5477637342219
 21
48.63426060711566
 31
0.0
  0
LINE
  5
B04
330
231
100
AcDbEntity
  8
0
  6
Continuous
 62
     7
100
AcDbLine
 10
172.552012011222
 20
47.46304211135563
 30
0.0
 11
172.552012011222
 21
47.58899088663568
 31
0.0
  0
LINE
  5
B05
330
231
100
AcDbEntity
  8
0
  6
Continuous
 62
     7
100
AcDbLine
 10
172.552012011222
 20
47.91899088449568
 30
0.0
 11
172.552012011222
 21
48.38897867959568
 31
0.0
  0
LINE
  5
B06
330
231
100
AcDbEntity
  8
0
  6
Continuous
 62
     7
100
AcDbLine
 10
172.552012011222
 20
48.71897867745568
 30
0.0
 11
172.552012011222
 21
50.00399088009567
 31
0.0
  0
LINE
  5
B07
330
231
100
AcDbEntity
  8
0
  6
Continuous
 62
     7
100
AcDbLine
 10
172.5859565432819
 20
45.98895426959564
 30
0.0
 11
172.585956484862
 21
46.31895426999565
 31
0.0
  0
LINE
  5
B08
330
231
100
AcDbEntity
  8
0
  6
Continuous
 62
     7
100
AcDbLine
 10
172.5861396061619
 20
47.11912517409564
 30
0.0
 11
172.586139634102
 21
46.78912517623561
 31
0.0
  0
LINE
  5
B09
330
231
100
AcDbEntity
  8
0
  6
Continuous
 62
     7
100
AcDbLine
 10
172.6359564864619
 20
46.31895427761565
 30
0.0
 11
172.6359564940819
 21
46.26895427855567
 31
0.0
  0
LINE
  5
B0A
330
231
100
AcDbEntity
  8
0
  6
Continuous
 62
     7
100
AcDbLine
 10
172.635956534722
 20
46.03895427881565
 30
0.0
 11
172.6359565423419
 21
45.98895427721564
 31
0.0
  0
LINE
  5
B0B
330
231
100
AcDbEntity
  8
0
  6
Continuous
 62
     7
100
AcDbLine
 10
172.6361396052219
 20
47.11912517917562
 30
0.0
 11
172.6361396103019
 21
47.06912518011566
 31
0.0
  0
LINE
  5
B0C
330
231
100
AcDbEntity
  8
0
  6
Continuous
 62
     7
100
AcDbLine
 10
172.636139630622
 20
46.83912518037565
 30
0.0
 11
172.6361396331619
 21
46.78912517877563
 31
0.0
  0
LINE
  5
B0D
330
231
100
AcDbEntity
  8
0
  6
Continuous
 62
     7
100
AcDbLine
 10
172.6859564855219
 20
46.31895428777565
 30
0.0
 11
172.6859565439418
 21
45.98895428737563
 31
0.0
  0
LINE
  5
B0E
330
231
100
AcDbEntity
  8
0
  6
Continuous
 62
     7
100
AcDbLine
 10
172.6861396347619
 20
46.78912518385561
 30
0.0
 11
172.6861396042819
 21
47.11912518425563
 31
0.0
  0
LINE
  5
B0F
330
231
100
AcDbEntity
  8
0
  6
Continuous
 62
     7
100
AcDbLine
 10
172.7721527215621
 20
39.87397383511567
 30
0.0
 11
172.772152762202
 21
38.97397383679567
 31
0.0
  0
LINE
  5
B10
330
231
100
AcDbEntity
  8
0
  6
Continuous
 62
     7
100
AcDbLine
 10
172.772152810462
 20
37.87397383715566
 30
0.0
 11
172.7721528485619
 21
36.97397383629564
 31
0.0
  0
LINE
  5
B11
330
231
100
AcDbEntity
  8
0
  6
Continuous
 62
     7
100
AcDbLine
 10
172.9721528752819
 20
36.77397384513563
 30
0.0
 11
172.972152819402
 21
38.07397384609567
 31
0.0
  0
LINE
  5
B12
330
231
100
AcDbEntity
  8
0
  6
Continuous
 62
     7
100
AcDbLine
 10
172.9721527889219
 20
38.77397384563565
 30
0.0
 11
172.972152730502
 21
40.07397384405567
 31
0.0
  0
LINE
  5
B13
330
231
100
AcDbEntity
  8
0
  6
Continuous
 62
     7
100
AcDbLine
 10
173.322152716302
 20
40.42397368507567
 30
0.0
 11
173.322152891562
 21
36.42397368661566
 31
0.0
  0
LINE
  5
B14
330
231
100
AcDbEntity
  8
0
  6
Continuous
 62
     7
100
AcDbLine
 10
173.5520120127419
 20
47.46304211135563
 30
0.0
 11
173.5520120127419
 21
50.56304210895567
 31
0.0
  0
LINE
  5
B15
330
231
100
AcDbEntity
  8
0
  6
Continuous
 62
     7
100
AcDbLine
 10
173.6721527325818
 20
40.07397370181567
 30
0.0
 11
173.6721527884619
 21
38.77397370085564
 31
0.0
  0
LINE
  5
B16
330
231
100
AcDbEntity
  8
0
  6
Continuous
 62
     7
100
AcDbLine
 10
173.672152818942
 20
38.07397370131565
 30
0.0
 11
173.6721528748219
 21
36.77397370035564
 31
0.0
  0
LINE
  5
B17
330
231
100
AcDbEntity
  8
0
  6
Continuous
 62
     7
100
AcDbLine
 10
196.558908419482
 20
46.75395592475564
 30
0.0
 11
196.7589083852418
 21
46.95395596925567
 31
0.0
  0
LINE
  5
B18
330
231
100
AcDbEntity
  8
0
  6
Continuous
 62
     7
100
AcDbLine
 10
226.877012012262
 20
3.321149953355643
 30
0.0
 11
227.0006965731219
 21
3.321149953355643
 31
0.0
  0
LINE
  5
B19
330
231
100
AcDbEntity
  8
0
  6
Continuous
 62
     7
100
AcDbLine
 10
227.019889432882
 20
3.445080914535651
 30
0.0
 11
226.877012012262
 21
3.445080914535651
 31
0.0
  0
LINE
  5
B1A
330
231
100
AcDbEntity
  8
0
  6
Continuous
 62
     7
100
AcDbLine
 10
226.877012012262
 20
4.481003305475667
 30
0.0
 11
227.019889432882
 21
4.481003305475667
 31
0.0
  0
LINE
  5
B1B
330
231
100
AcDbEntity
  8
0
  6
Continuous
 62
     7
100
AcDbLine
 10
226.877012012262
 20
4.604934266655646
 30
0.0
 11
227.0006965731219
 21
4.604934266655646
 31
0.0
  0
LINE
  5
B1C
330
231
100
AcDbEntity
  8
0
  6
Continuous
 62
     7
100
AcDbLine
 10
145.040232173322
 20
6.212886016455655
 30
0.0
 11
145.227012010582
 21
6.212891576515659
 31
0.0
  0
LINE
  5
B1D
330
231
100
AcDbEntity
  8
0
  6
Continuous
 62
     7
100
AcDbLine
 10
173.8721528482019
 20
36.97397370929565
 30
0.0
 11
173.8721528101019
 21
37.87397371015564
 31
0.0
  0
LINE
  5
B1E
330
231
100
AcDbEntity
  8
0
  6
Continuous
 62
     7
100
AcDbLine
 10
173.8721527618419
 20
38.97397370979565
 30
0.0
 11
173.8721527237419
 21
39.87397371065566
 31
0.0
  0
LINE
  5
B1F
330
231
100
AcDbEntity
  8
0
  6
Continuous
 62
     7
100
AcDbLine
 10
174.1221526987219
 20
36.42397371963566
 30
0.0
 11
174.122152713962
 21
36.07804211025564
 31
0.0
  0
LINE
  5
B21
330
231
100
AcDbEntity
  8
0
  6
Continuous
 62
     7
100
AcDbLine
 10
174.358907955462
 20
49.40395205223566
 30
0.0
 11
174.358908384722
 21
46.95395205257566
 31
0.0
  0
LINE
  5
B22
330
231
100
AcDbEntity
  8
0
  6
Continuous
 62
     7
100
AcDbLine
 10
174.5221526988219
 20
36.42397373741562
 30
0.0
 11
174.522152714062
 21
36.07804211025564
 31
0.0
  0
LINE
  5
B24
330
231
100
AcDbEntity
  8
0
  6
Continuous
 62
     7
100
AcDbLine
 10
174.5589084190619
 20
46.75395207919564
 30
0.0
 11
174.558907921222
 21
49.60395207895567
 31
0.0
  0
LINE
  5
B25
330
231
100
AcDbEntity
  8
0
  6
Continuous
 62
     7
100
AcDbLine
 10
174.772152722062
 20
39.87397374875565
 30
0.0
 11
174.7721527627019
 21
38.97397374789566
 31
0.0
  0
LINE
  5
B26
330
231
100
AcDbEntity
  8
0
  6
Continuous
 62
     7
100
AcDbLine
 10
174.772152810962
 20
37.87397374825565
 30
0.0
 11
174.7721528490621
 21
36.97397374993566
 31
0.0
  0
LINE
  5
B27
330
231
100
AcDbEntity
  8
0
  6
Continuous
 62
     7
100
AcDbLine
 10
174.972152875782
 20
36.77397375877564
 30
0.0
 11
174.972152819902
 21
38.07397375719566
 31
0.0
  0
LINE
  5
B28
330
231
100
AcDbEntity
  8
0
  6
Continuous
 62
     7
100
AcDbLine
 10
174.9721527894219
 20
38.77397375673564
 30
0.0
 11
174.972152731002
 21
40.07397375769568
 31
0.0
  0
LINE
  5
B29
330
231
100
AcDbEntity
  8
0
  6
Continuous
 62
     7
100
AcDbLine
 10
175.258907913142
 20
49.65395225327566
 30
0.0
 11
175.2589079207619
 21
49.60395225167565
 31
0.0
  0
LINE
  5
B2A
330
231
100
AcDbEntity
  8
0
  6
Continuous
 62
     7
100
AcDbLine
 10
175.258908418602
 20
46.75395225191564
 30
0.0
 11
175.258908436382
 21
46.65395225379564
 31
0.0
  0
LINE
  5
B2B
330
231
100
AcDbEntity
  8
0
  6
Continuous
 62
     7
100
AcDbLine
 10
175.3221527168019
 20
40.42397368507567
 30
0.0
 11
175.322152892062
 21
36.42397368661566
 31
0.0
  0
LINE
  5
B2C
330
231
100
AcDbEntity
  8
0
  6
Continuous
 62
     7
100
AcDbLine
 10
175.672152730542
 20
40.07397378817566
 30
0.0
 11
175.6721527889619
 21
38.77397378721565
 31
0.0
  0
LINE
  5
B2D
330
231
100
AcDbEntity
  8
0
  6
Continuous
 62
     7
100
AcDbLine
 10
175.6721528194419
 20
38.07397378767567
 30
0.0
 11
175.6721528753219
 21
36.77397378925562
 31
0.0
  0
LINE
  5
B2E
330
231
100
AcDbEntity
  8
0
  6
Continuous
 62
     7
100
AcDbLine
 10
175.872152848702
 20
36.97397379819566
 30
0.0
 11
175.8721528106019
 21
37.87397379651566
 31
0.0
  0
LINE
  5
B2F
330
231
100
AcDbEntity
  8
0
  6
Continuous
 62
     7
100
AcDbLine
 10
175.8721527623419
 20
38.97397379615566
 30
0.0
 11
175.872152721702
 21
39.87397379701565
 31
0.0
  0
LINE
  5
B30
330
231
100
AcDbEntity
  8
0
  6
Continuous
 62
     7
100
AcDbLine
 10
176.0389084359419
 20
46.65395238841563
 30
0.0
 11
176.038908420702
 21
46.75395238907566
 31
0.0
  0
LINE
  5
B31
330
231
100
AcDbEntity
  8
0
  6
Continuous
 62
     7
100
AcDbLine
 10
176.0389079203219
 20
49.60395238883567
 30
0.0
 11
176.0389079127019
 21
49.65395239043568
 31
0.0
  0
LINE
  5
B32
330
231
100
AcDbEntity
  8
0
  6
Continuous
 62
     7
100
AcDbLine
 10
176.1221526992219
 20
36.42397380853566
 30
0.0
 11
176.122152714462
 21
36.07804211025564
 31
0.0
  0
LINE
  5
B34
330
231
100
AcDbEntity
  8
0
  6
Continuous
 62
     7
100
AcDbLine
 10
176.5221526993218
 20
36.42397382631563
 30
0.0
 11
176.522152714562
 21
36.07804211025564
 31
0.0
  0
LINE
  5
B36
330
231
100
AcDbEntity
  8
0
  6
Continuous
 62
     7
100
AcDbLine
 10
176.558908419562
 20
46.75395248051566
 30
0.0
 11
176.558908437342
 21
46.65395247985563
 31
0.0
  0
LINE
  5
B37
330
231
100
AcDbEntity
  8
0
  6
Continuous
 62
     7
100
AcDbLine
 10
176.558907921722
 20
49.60395248027563
 30
0.0
 11
176.5589079115621
 21
49.65395247933563
 31
0.0
  0
LINE
  5
B38
330
231
100
AcDbEntity
  8
0
  6
Continuous
 62
     7
100
AcDbLine
 10
176.772152722562
 20
39.87397383511567
 30
0.0
 11
176.7721527632019
 21
38.97397383679567
 31
0.0
  0
LINE
  5
B39
330
231
100
AcDbEntity
  8
0
  6
Continuous
 62
     7
100
AcDbLine
 10
176.772152808922
 20
37.87397383715566
 30
0.0
 11
176.772152849562
 21
36.97397383629564
 31
0.0
  0
LINE
  5
B3A
330
231
100
AcDbEntity
  8
0
  6
Continuous
 62
     7
100
AcDbLine
 10
176.9721528762819
 20
36.77397384513563
 30
0.0
 11
176.9721528178619
 21
38.07397384609567
 31
0.0
  0
LINE
  5
B3B
330
231
100
AcDbEntity
  8
0
  6
Continuous
 62
     7
100
AcDbLine
 10
176.972152787382
 20
38.77397384563565
 30
0.0
 11
176.9721527315019
 21
40.07397384405567
 31
0.0
  0
LINE
  5
B3C
330
231
100
AcDbEntity
  8
0
  6
Continuous
 62
     7
100
AcDbLine
 10
177.158908192382
 20
48.05395253227567
 30
0.0
 11
177.1589079206019
 21
49.60395253361568
 31
0.0
  0
LINE
  5
B3D
330
231
100
AcDbEntity
  8
0
  6
Continuous
 62
     7
100
AcDbLine
 10
177.322152890022
 20
36.42397385933563
 30
0.0
 11
177.3221527173019
 21
40.42397386033565
 31
0.0
  0
LINE
  5
B3E
330
231
100
AcDbEntity
  8
0
  6
Continuous
 62
     7
100
AcDbLine
 10
177.3589081581419
 20
48.25395257677564
 30
0.0
 11
177.3589079549419
 21
49.40395257801566
 31
0.0
  0
LINE
  5
B3F
330
231
100
AcDbEntity
  8
0
  6
Continuous
 62
     7
100
AcDbLine
 10
177.528908049282
 20
48.87518506811566
 30
0.0
 11
177.5289081000819
 21
48.57518506867563
 31
0.0
  0
LINE
  5
B40
330
231
100
AcDbEntity
  8
0
  6
Continuous
 62
     7
100
AcDbLine
 10
177.5289080315019
 20
48.97848095245567
 30
0.0
 11
177.528907912122
 21
49.65395260633565
 31
0.0
  0
LINE
  5
B41
330
231
100
AcDbEntity
  8
0
  6
Continuous
 62
     7
100
AcDbLine
 10
177.6721527310419
 20
40.07397378817566
 30
0.0
 11
177.6721527894619
 21
38.77397378721565
 31
0.0
  0
LINE
  5
B42
330
231
100
AcDbEntity
  8
0
  6
Continuous
 62
     7
100
AcDbLine
 10
177.6721528199419
 20
38.07397378767567
 30
0.0
 11
177.6721528758219
 21
36.77397378925562
 31
0.0
  0
LINE
  5
B43
330
231
100
AcDbEntity
  8
0
  6
Continuous
 62
     7
100
AcDbLine
 10
177.872152849202
 20
36.97397379819566
 30
0.0
 11
177.8721528111019
 21
37.87397379651566
 31
0.0
  0
LINE
  5
B44
330
231
100
AcDbEntity
  8
0
  6
Continuous
 62
     7
100
AcDbLine
 10
177.8721527628419
 20
38.97397379615566
 30
0.0
 11
177.872152722202
 21
39.87397379701565
 31
0.0
  0
LINE
  5
B45
330
231
100
AcDbEntity
  8
0
  6
Continuous
 62
     7
100
AcDbLine
 10
192.165126201222
 20
46.75395515767568
 30
0.0
 11
191.558908602382
 21
45.70395505041562
 31
0.0
  0
LINE
  5
B46
330
231
100
AcDbEntity
  8
0
  6
Continuous
 62
     7
100
AcDbLine
 10
145.227012010582
 20
7.49289157683566
 30
0.0
 11
145.046151706822
 21
7.492886194575646
 31
0.0
  0
LINE
  5
B47
330
231
100
AcDbEntity
  8
0
  6
Continuous
 62
     7
100
AcDbLine
 10
220.524811666142
 20
-19.60367791546434
 30
0.0
 11
220.5256629750819
 21
-19.60434948130435
 31
0.0
  0
LINE
  5
B48
330
231
100
AcDbEntity
  8
0
  6
Continuous
 62
     7
100
AcDbLine
 10
151.472128395102
 20
37.87397371015564
 30
0.0
 11
151.2721284039419
 21
38.07397370131565
 31
0.0
  0
LINE
  5
B49
330
231
100
AcDbEntity
  8
0
  6
Continuous
 62
     7
100
AcDbLine
 10
152.572128460782
 20
36.77397375877564
 30
0.0
 11
152.372128436602
 21
36.97397374993566
 31
0.0
  0
LINE
  5
B4A
330
231
100
AcDbEntity
  8
0
  6
Continuous
 62
     7
100
AcDbLine
 10
153.4721283956019
 20
37.87397379651566
 30
0.0
 11
153.2721284044419
 21
38.07397378767567
 31
0.0
  0
LINE
  5
B4B
330
231
100
AcDbEntity
  8
0
  6
Continuous
 62
     7
100
AcDbLine
 10
151.2721283175819
 20
40.07397370181567
 30
0.0
 11
151.4721283087419
 21
39.87397371065566
 31
0.0
  0
LINE
  5
B4C
330
231
100
AcDbEntity
  8
0
  6
Continuous
 62
     7
100
AcDbLine
 10
154.572128461282
 20
36.77397384513563
 30
0.0
 11
154.3721284345619
 21
36.97397383629564
 31
0.0
  0
LINE
  5
B4D
330
231
100
AcDbEntity
  8
0
  6
Continuous
 62
     7
100
AcDbLine
 10
152.3721283477019
 20
38.97397374789566
 30
0.0
 11
152.5721283744219
 21
38.77397375673564
 31
0.0
  0
LINE
  5
B4E
330
231
100
AcDbEntity
  8
0
  6
Continuous
 62
     7
100
AcDbLine
 10
178.1221526997219
 20
36.42397380853566
 30
0.0
 11
178.122152714962
 21
36.07804211025564
 31
0.0
  0
LINE
  5
B50
330
231
100
AcDbEntity
  8
0
  6
Continuous
 62
     7
100
AcDbLine
 10
178.4339077531219
 20
50.56304210895567
 30
0.0
 11
178.4339079131419
 21
49.65395298987565
 31
0.0
  0
LINE
  5
B51
330
231
100
AcDbEntity
  8
0
  6
Continuous
 62
     7
100
AcDbLine
 10
178.433908042682
 20
48.90869578849566
 30
0.0
 11
178.4339081214219
 21
48.45222060797564
 31
0.0
  0
LINE
  5
B52
330
231
100
AcDbEntity
  8
0
  6
Continuous
 62
     7
100
AcDbLine
 10
178.433908436382
 20
46.65395299039565
 30
0.0
 11
178.433908558302
 21
45.95395299593564
 31
0.0
  0
LINE
  5
B53
330
231
100
AcDbEntity
  8
0
  6
Continuous
 62
     7
100
AcDbLine
 10
178.5221526998218
 20
36.42397382631563
 30
0.0
 11
178.5221527125219
 21
36.07804211025564
 31
0.0
  0
LINE
  5
B55
330
231
100
AcDbEntity
  8
0
  6
Continuous
 62
     7
100
AcDbLine
 10
178.6839077535019
 20
50.56304210895567
 30
0.0
 11
178.6839079135219
 21
49.65395303305564
 31
0.0
  0
LINE
  5
B56
330
231
100
AcDbEntity
  8
0
  6
Continuous
 62
     7
100
AcDbLine
 10
178.683908558682
 20
45.95395304165566
 30
0.0
 11
178.6839084367619
 21
46.65395303357565
 31
0.0
  0
LINE
  5
B57
330
231
100
AcDbEntity
  8
0
  6
Continuous
 62
     7
100
AcDbLine
 10
178.683908121802
 20
48.45222065115564
 30
0.0
 11
178.6839080430619
 21
48.90869583167566
 31
0.0
  0
LINE
  5
B58
330
231
100
AcDbEntity
  8
0
  6
Continuous
 62
     7
100
AcDbLine
 10
178.772152723062
 20
39.87397383511567
 30
0.0
 11
178.7721527611619
 21
38.97397383679567
 31
0.0
  0
LINE
  5
B59
330
231
100
AcDbEntity
  8
0
  6
Continuous
 62
     7
100
AcDbLine
 10
178.772152809422
 20
37.87397383715566
 30
0.0
 11
178.772152850062
 21
36.97397383629564
 31
0.0
  0
LINE
  5
B5A
330
231
100
AcDbEntity
  8
0
  6
Continuous
 62
     7
100
AcDbLine
 10
178.9721528767819
 20
36.77397384513563
 30
0.0
 11
178.972152818362
 21
38.07397384609567
 31
0.0
  0
LINE
  5
B5B
330
231
100
AcDbEntity
  8
0
  6
Continuous
 62
     7
100
AcDbLine
 10
178.972152787882
 20
38.77397384563565
 30
0.0
 11
178.9721527320019
 21
40.07397384405567
 31
0.0
  0
LINE
  5
B5C
330
231
100
AcDbEntity
  8
0
  6
Continuous
 62
     7
100
AcDbLine
 10
179.322152890522
 20
36.42397385933563
 30
0.0
 11
179.3221527152619
 21
40.42397386033565
 31
0.0
  0
LINE
  5
B5D
330
231
100
AcDbEntity
  8
0
  6
Continuous
 62
     7
100
AcDbLine
 10
179.433907754642
 20
50.56304210895567
 30
0.0
 11
179.433907912122
 21
49.65395316513564
 31
0.0
  0
LINE
  5
B5E
330
231
100
AcDbEntity
  8
0
  6
Continuous
 62
     7
100
AcDbLine
 10
179.4339080416619
 20
48.90869596375563
 30
0.0
 11
179.4339081229419
 21
48.45222078069565
 31
0.0
  0
LINE
  5
B5F
330
231
100
AcDbEntity
  8
0
  6
Continuous
 62
     7
100
AcDbLine
 10
179.683907752482
 20
50.56304210895567
 30
0.0
 11
179.6839079125019
 21
49.65395320831564
 31
0.0
  0
LINE
  5
B60
330
231
100
AcDbEntity
  8
0
  6
Continuous
 62
     7
100
AcDbLine
 10
179.6839081233219
 20
48.45222082641561
 30
0.0
 11
179.6839080420419
 21
48.90869600693569
 31
0.0
  0
LINE
  5
B61
330
231
100
AcDbEntity
  8
0
  6
Continuous
 62
     7
100
AcDbLine
 10
179.822012012722
 20
36.07804211025564
 30
0.0
 11
179.822012012722
 21
40.77804211079564
 31
0.0
  0
LINE
  5
B62
330
231
100
AcDbEntity
  8
0
  6
Continuous
 62
     7
100
AcDbLine
 10
180.433907753622
 20
50.56304210895567
 30
0.0
 11
180.4339079136419
 21
49.65395334039562
 31
0.0
  0
LINE
  5
B63
330
231
100
AcDbEntity
  8
0
  6
Continuous
 62
     7
100
AcDbLine
 10
180.433908043182
 20
48.90869613901563
 30
0.0
 11
180.4339081219219
 21
48.45222095595568
 31
0.0
  0
LINE
  5
B64
330
231
100
AcDbEntity
  8
0
  6
Continuous
 62
     7
100
AcDbLine
 10
180.683907754002
 20
50.56304210895567
 30
0.0
 11
180.683907911482
 21
49.65395338357566
 31
0.0
  0
LINE
  5
B65
330
231
100
AcDbEntity
  8
0
  6
Continuous
 62
     7
100
AcDbLine
 10
180.683908122302
 20
48.45222099913562
 30
0.0
 11
180.6839080435619
 21
48.90869618219565
 31
0.0
  0
LINE
  5
B66
330
231
100
AcDbEntity
  8
0
  6
Continuous
 62
     7
100
AcDbLine
 10
181.4339077526019
 20
50.56304210895567
 30
0.0
 11
181.4339079126219
 21
49.65395351311562
 31
0.0
  0
LINE
  5
B67
330
231
100
AcDbEntity
  8
0
  6
Continuous
 62
     7
100
AcDbLine
 10
181.4339080421619
 20
48.90869631427566
 30
0.0
 11
181.4339081234419
 21
48.45222113121565
 31
0.0
  0
LINE
  5
B68
330
231
100
AcDbEntity
  8
0
  6
Continuous
 62
     7
100
AcDbLine
 10
181.683907752982
 20
50.56304210895567
 30
0.0
 11
181.6839079130019
 21
49.65395355883564
 31
0.0
  0
LINE
  5
B69
330
231
100
AcDbEntity
  8
0
  6
Continuous
 62
     7
100
AcDbLine
 10
181.683908121282
 20
48.45222117439565
 30
0.0
 11
181.6839080425419
 21
48.90869635745565
 31
0.0
  0
LINE
  5
B6A
330
231
100
AcDbEntity
  8
0
  6
Continuous
 62
     7
100
AcDbLine
 10
182.0520120104219
 20
-22.98687411832435
 30
0.0
 11
182.0520120104219
 21
-25.18695788934434
 31
0.0
  0
LINE
  5
B6B
330
231
100
AcDbEntity
  8
0
  6
Continuous
 62
     7
100
AcDbLine
 10
145.045838026982
 20
13.61776026433563
 30
0.0
 11
145.227012010582
 21
13.61776996459565
 31
0.0
  0
LINE
  5
B6C
330
231
100
AcDbEntity
  8
0
  6
Continuous
 62
     7
100
AcDbLine
 10
221.577790385682
 20
-18.26919022122436
 30
0.0
 11
221.5750326695819
 21
-18.26702735534434
 31
0.0
  0
LINE
  5
B6D
330
231
100
AcDbEntity
  8
0
  6
Continuous
 62
     7
100
AcDbLine
 10
221.5777054811019
 20
-18.26929789690436
 30
0.0
 11
221.5750326695819
 21
-18.26702735534434
 31
0.0
  0
LINE
  5
B6E
330
231
100
AcDbEntity
  8
0
  6
Continuous
 62
     7
100
AcDbLine
 10
220.524897695942
 20
-19.60356894946432
 30
0.0
 11
220.525723353422
 21
-19.60427280378434
 31
0.0
  0
LINE
  5
B6F
330
231
100
AcDbEntity
  8
0
  6
Continuous
 62
     7
100
AcDbLine
 10
155.4721283961019
 20
37.87397371015564
 30
0.0
 11
155.272128404942
 21
38.07397370131565
 31
0.0
  0
LINE
  5
B70
330
231
100
AcDbEntity
  8
0
  6
Continuous
 62
     7
100
AcDbLine
 10
153.4721283092419
 20
39.87397379701565
 30
0.0
 11
153.2721283180819
 21
40.07397378817566
 31
0.0
  0
LINE
  5
B71
330
231
100
AcDbEntity
  8
0
  6
Continuous
 62
     7
100
AcDbLine
 10
156.5721284617819
 20
36.77397375877564
 30
0.0
 11
156.3721284350618
 21
36.97397374993566
 31
0.0
  0
LINE
  5
B72
330
231
100
AcDbEntity
  8
0
  6
Continuous
 62
     7
100
AcDbLine
 10
154.5721283749219
 20
38.77397384563565
 30
0.0
 11
154.3721283482019
 21
38.97397383679567
 31
0.0
  0
LINE
  5
B73
330
231
100
AcDbEntity
  8
0
  6
Continuous
 62
     7
100
AcDbLine
 10
155.2721283185819
 20
40.07397370181567
 30
0.0
 11
155.472128309742
 21
39.87397371065566
 31
0.0
  0
LINE
  5
B74
330
231
100
AcDbEntity
  8
0
  6
Continuous
 62
     7
100
AcDbLine
 10
157.472128396602
 20
37.87397379651566
 30
0.0
 11
157.272128405442
 21
38.07397378767567
 31
0.0
  0
LINE
  5
B75
330
231
100
AcDbEntity
  8
0
  6
Continuous
 62
     7
100
AcDbLine
 10
158.5721284622819
 20
36.77397384513563
 30
0.0
 11
158.372128435562
 21
36.97397383629564
 31
0.0
  0
LINE
  5
B76
330
231
100
AcDbEntity
  8
0
  6
Continuous
 62
     7
100
AcDbLine
 10
156.372128348702
 20
38.97397374789566
 30
0.0
 11
156.5721283754219
 21
38.77397375673564
 31
0.0
  0
LINE
  5
B77
330
231
100
AcDbEntity
  8
0
  6
Continuous
 62
     7
100
AcDbLine
 10
159.472128397102
 20
37.87397371015564
 30
0.0
 11
159.272128405942
 21
38.07397370131565
 31
0.0
  0
LINE
  5
B78
330
231
100
AcDbEntity
  8
0
  6
Continuous
 62
     7
100
AcDbLine
 10
157.4721283077019
 20
39.87397379701565
 30
0.0
 11
157.2721283165419
 21
40.07397378817566
 31
0.0
  0
LINE
  5
B79
330
231
100
AcDbEntity
  8
0
  6
Continuous
 62
     7
100
AcDbLine
 10
160.5721284627819
 20
36.77397375877564
 30
0.0
 11
160.372128436062
 21
36.97397374993566
 31
0.0
  0
LINE
  5
B7A
330
231
100
AcDbEntity
  8
0
  6
Continuous
 62
     7
100
AcDbLine
 10
158.572128373382
 20
38.77397384563565
 30
0.0
 11
158.372128349202
 21
38.97397383679567
 31
0.0
  0
LINE
  5
B7B
330
231
100
AcDbEntity
  8
0
  6
Continuous
 62
     7
100
AcDbLine
 10
182.122462908382
 20
-25.16935187172436
 30
0.0
 11
182.122462908382
 21
-22.96926810070434
 31
0.0
  0
LINE
  5
B7C
330
231
100
AcDbEntity
  8
0
  6
Continuous
 62
     7
100
AcDbLine
 10
182.4339077541219
 20
50.56304210895567
 30
0.0
 11
182.433907911602
 21
49.65395368837565
 31
0.0
  0
LINE
  5
B7D
330
231
100
AcDbEntity
  8
0
  6
Continuous
 62
     7
100
AcDbLine
 10
182.433908043682
 20
48.90869648699567
 30
0.0
 11
182.4339081224219
 21
48.45222130647565
 31
0.0
  0
LINE
  5
B7E
330
231
100
AcDbEntity
  8
0
  6
Continuous
 62
     7
100
AcDbLine
 10
182.6221583225019
 20
-22.96505694834434
 30
0.0
 11
182.6221583225019
 21
-25.16514071936433
 31
0.0
  0
LINE
  5
B7F
330
231
100
AcDbEntity
  8
0
  6
Continuous
 62
     7
100
AcDbLine
 10
182.683907754502
 20
50.56304210895567
 30
0.0
 11
182.683907911982
 21
49.65395373155565
 31
0.0
  0
LINE
  5
B80
330
231
100
AcDbEntity
  8
0
  6
Continuous
 62
     7
100
AcDbLine
 10
182.683908122802
 20
48.45222134965567
 30
0.0
 11
182.6839080415219
 21
48.90869653271562
 31
0.0
  0
LINE
  5
B81
330
231
100
AcDbEntity
  8
0
  6
Continuous
 62
     7
100
AcDbLine
 10
183.4339077531019
 20
50.56304210895567
 30
0.0
 11
183.4339079131219
 21
49.65395386363565
 31
0.0
  0
LINE
  5
B82
330
231
100
AcDbEntity
  8
0
  6
Continuous
 62
     7
100
AcDbLine
 10
183.433908042662
 20
48.90869666225563
 30
0.0
 11
183.4339081214019
 21
48.45222148173562
 31
0.0
  0
LINE
  5
B83
330
231
100
AcDbEntity
  8
0
  6
Continuous
 62
     7
100
AcDbLine
 10
183.683907753482
 20
50.56304210895567
 30
0.0
 11
183.6839079135019
 21
49.65395390681561
 31
0.0
  0
LINE
  5
B84
330
231
100
AcDbEntity
  8
0
  6
Continuous
 62
     7
100
AcDbLine
 10
183.6839081217819
 20
48.45222152491564
 30
0.0
 11
183.6839080430419
 21
48.90869670543569
 31
0.0
  0
LINE
  5
B85
330
231
100
AcDbEntity
  8
0
  6
Continuous
 62
     7
100
AcDbLine
 10
184.4339077546219
 20
50.56304210895567
 30
0.0
 11
184.4339079121019
 21
49.65395403889562
 31
0.0
  0
LINE
  5
B86
330
231
100
AcDbEntity
  8
0
  6
Continuous
 62
     7
100
AcDbLine
 10
184.433908041642
 20
48.90869683751566
 30
0.0
 11
184.4339081229219
 21
48.45222165699564
 31
0.0
  0
LINE
  5
B87
330
231
100
AcDbEntity
  8
0
  6
Continuous
 62
     7
100
AcDbLine
 10
184.683907752462
 20
50.56304210895567
 30
0.0
 11
184.683907912482
 21
49.65395408207564
 31
0.0
  0
LINE
  5
B88
330
231
100
AcDbEntity
  8
0
  6
Continuous
 62
     7
100
AcDbLine
 10
184.683908123302
 20
48.45222170017564
 30
0.0
 11
184.6839080420219
 21
48.90869688069566
 31
0.0
  0
LINE
  5
B89
330
231
100
AcDbEntity
  8
0
  6
Continuous
 62
     7
100
AcDbLine
 10
185.4339077536019
 20
50.56304210895567
 30
0.0
 11
185.4339079136219
 21
49.65395421415564
 31
0.0
  0
LINE
  5
B8A
330
231
100
AcDbEntity
  8
0
  6
Continuous
 62
     7
100
AcDbLine
 10
185.4339080431619
 20
48.90869701277566
 30
0.0
 11
185.433908121902
 21
48.45222182971565
 31
0.0
  0
LINE
  5
B8B
330
231
100
AcDbEntity
  8
0
  6
Continuous
 62
     7
100
AcDbLine
 10
185.683907753982
 20
50.56304210895567
 30
0.0
 11
185.6839079114619
 21
49.65395425733564
 31
0.0
  0
LINE
  5
B8C
330
231
100
AcDbEntity
  8
0
  6
Continuous
 62
     7
100
AcDbLine
 10
185.683908122282
 20
48.45222187543567
 30
0.0
 11
185.683908043542
 21
48.90869705595566
 31
0.0
  0
LINE
  5
B8D
330
231
100
AcDbEntity
  8
0
  6
Continuous
 62
     7
100
AcDbLine
 10
226.601947276642
 20
59.11295833649567
 30
0.0
 11
226.500715612202
 21
59.01172667205566
 31
0.0
  0
LINE
  5
B8E
330
231
100
AcDbEntity
  8
0
  6
Continuous
 62
     7
100
AcDbLine
 10
145.103327449722
 20
-22.38566149042433
 30
0.0
 11
145.002095782742
 21
-22.48689315486436
 31
0.0
  0
LINE
  5
B8F
330
231
100
AcDbEntity
  8
0
  6
Continuous
 62
     7
100
AcDbLine
 10
145.227012010582
 20
14.89776996491565
 30
0.0
 11
145.040232175862
 21
14.89775996493569
 31
0.0
  0
LINE
  5
B90
330
231
100
AcDbEntity
  8
0
  6
Continuous
 62
     7
100
AcDbLine
 10
159.2721283170419
 20
40.07397370181567
 30
0.0
 11
159.4721283082019
 21
39.87397371065566
 31
0.0
  0
LINE
  5
B91
330
231
100
AcDbEntity
  8
0
  6
Continuous
 62
     7
100
AcDbLine
 10
161.4721283950619
 20
37.87397371015564
 30
0.0
 11
161.2721284039019
 21
38.07397370131565
 31
0.0
  0
LINE
  5
B92
330
231
100
AcDbEntity
  8
0
  6
Continuous
 62
     7
100
AcDbLine
 10
162.5721284607419
 20
36.77397375877564
 30
0.0
 11
162.372128436562
 21
36.97397374993566
 31
0.0
  0
LINE
  5
B93
330
231
100
AcDbEntity
  8
0
  6
Continuous
 62
     7
100
AcDbLine
 10
160.3721283471619
 20
38.97397374789566
 30
0.0
 11
160.5721283738819
 21
38.77397375673564
 31
0.0
  0
LINE
  5
B94
330
231
100
AcDbEntity
  8
0
  6
Continuous
 62
     7
100
AcDbLine
 10
161.272128317542
 20
40.07397370181567
 30
0.0
 11
161.4721283087019
 21
39.87397371065566
 31
0.0
  0
LINE
  5
B95
330
231
100
AcDbEntity
  8
0
  6
Continuous
 62
     7
100
AcDbLine
 10
163.4721283955618
 20
37.87397379651566
 30
0.0
 11
163.272128404402
 21
38.07397378767567
 31
0.0
  0
LINE
  5
B96
330
231
100
AcDbEntity
  8
0
  6
Continuous
 62
     7
100
AcDbLine
 10
164.5721284612419
 20
36.77397384513563
 30
0.0
 11
164.3721284345218
 21
36.97397383629564
 31
0.0
  0
LINE
  5
B97
330
231
100
AcDbEntity
  8
0
  6
Continuous
 62
     7
100
AcDbLine
 10
162.5721283743819
 20
38.77397384563565
 30
0.0
 11
162.3721283476619
 21
38.97397383679567
 31
0.0
  0
LINE
  5
B98
330
231
100
AcDbEntity
  8
0
  6
Continuous
 62
     7
100
AcDbLine
 10
163.472128309202
 20
39.87397379701565
 30
0.0
 11
163.2721283180419
 21
40.07397378817566
 31
0.0
  0
LINE
  5
B99
330
231
100
AcDbEntity
  8
0
  6
Continuous
 62
     7
100
AcDbLine
 10
164.572128374882
 20
38.77397384563565
 30
0.0
 11
164.372128348162
 21
38.97397383679567
 31
0.0
  0
LINE
  5
B9A
330
231
100
AcDbEntity
  8
0
  6
Continuous
 62
     7
100
AcDbLine
 10
145.002095782742
 20
58.61297737557563
 30
0.0
 11
145.103327449722
 21
58.51174570859567
 31
0.0
  0
LINE
  5
B9B
330
231
100
AcDbEntity
  8
0
  6
Continuous
 62
     7
100
AcDbLine
 10
226.500715612202
 20
-22.88564245134432
 30
0.0
 11
226.601947276642
 21
-22.98687411832435
 31
0.0
  0
LINE
  5
B9C
330
231
100
AcDbEntity
  8
0
  6
Continuous
 62
     7
100
AcDbLine
 10
165.8721528106421
 20
37.87397371015564
 30
0.0
 11
165.672152819482
 21
38.07397370131565
 31
0.0
  0
LINE
  5
B9D
330
231
100
AcDbEntity
  8
0
  6
Continuous
 62
     7
100
AcDbLine
 10
166.9721528763219
 20
36.77397375877564
 30
0.0
 11
166.772152849602
 21
36.97397374993566
 31
0.0
  0
LINE
  5
B9E
330
231
100
AcDbEntity
  8
0
  6
Continuous
 62
     7
100
AcDbLine
 10
186.4339077525819
 20
50.56304210895567
 30
0.0
 11
186.4339079126019
 21
49.65395438941562
 31
0.0
  0
LINE
  5
B9F
330
231
100
AcDbEntity
  8
0
  6
Continuous
 62
     7
100
AcDbLine
 10
186.433908042142
 20
48.90869718803569
 30
0.0
 11
186.4339081234219
 21
48.45222200497568
 31
0.0
  0
LINE
  5
BA0
330
231
100
AcDbEntity
  8
0
  6
Continuous
 62
     7
100
AcDbLine
 10
186.683907752962
 20
50.56304210895567
 30
0.0
 11
186.683907912982
 21
49.65395443259566
 31
0.0
  0
LINE
  5
BA1
330
231
100
AcDbEntity
  8
0
  6
Continuous
 62
     7
100
AcDbLine
 10
186.6839081212619
 20
48.45222204815562
 30
0.0
 11
186.6839080425219
 21
48.90869723121562
 31
0.0
  0
LINE
  5
BA2
330
231
100
AcDbEntity
  8
0
  6
Continuous
 62
     7
100
AcDbLine
 10
187.4339077541019
 20
50.56304210895567
 30
0.0
 11
187.4339079115819
 21
49.65395456213562
 31
0.0
  0
LINE
  5
BA3
330
231
100
AcDbEntity
  8
0
  6
Continuous
 62
     7
100
AcDbLine
 10
187.4339080436618
 20
48.90869736329566
 30
0.0
 11
187.433908122402
 21
48.45222218023565
 31
0.0
  0
LINE
  5
BA4
330
231
100
AcDbEntity
  8
0
  6
Continuous
 62
     7
100
AcDbLine
 10
187.6839077544821
 20
50.56304210895567
 30
0.0
 11
187.683907911962
 21
49.65395460785564
 31
0.0
  0
LINE
  5
BA5
330
231
100
AcDbEntity
  8
0
  6
Continuous
 62
     7
100
AcDbLine
 10
187.683908122782
 20
48.45222222341565
 30
0.0
 11
187.6839080415019
 21
48.90869740647565
 31
0.0
  0
LINE
  5
BA6
330
231
100
AcDbEntity
  8
0
  6
Continuous
 62
     7
100
AcDbLine
 10
188.4339077530819
 20
50.56304210895567
 30
0.0
 11
188.4339079131019
 21
49.65395473739565
 31
0.0
  0
LINE
  5
BA7
330
231
100
AcDbEntity
  8
0
  6
Continuous
 62
     7
100
AcDbLine
 10
188.4339080426421
 20
48.90869753601567
 30
0.0
 11
188.433908121382
 21
48.45222235549565
 31
0.0
  0
LINE
  5
BA8
330
231
100
AcDbEntity
  8
0
  6
Continuous
 62
     7
100
AcDbLine
 10
188.683907753462
 20
50.56304210895567
 30
0.0
 11
188.683907913482
 21
49.65395478057565
 31
0.0
  0
LINE
  5
BA9
330
231
100
AcDbEntity
  8
0
  6
Continuous
 62
     7
100
AcDbLine
 10
188.683908121762
 20
48.45222239867564
 30
0.0
 11
188.683908043022
 21
48.90869758173568
 31
0.0
  0
LINE
  5
BAA
330
231
100
AcDbEntity
  8
0
  6
Continuous
 62
     7
100
AcDbLine
 10
189.4339077546019
 20
50.56304210895567
 30
0.0
 11
189.4339079120819
 21
49.65395491265565
 31
0.0
  0
LINE
  5
BAB
330
231
100
AcDbEntity
  8
0
  6
Continuous
 62
     7
100
AcDbLine
 10
189.433908041622
 20
48.90869771127563
 30
0.0
 11
189.433908122902
 21
48.45222253075561
 31
0.0
  0
LINE
  5
BAC
330
231
100
AcDbEntity
  8
0
  6
Continuous
 62
     7
100
AcDbLine
 10
189.4818657003419
 20
-25.16514071936433
 30
0.0
 11
189.4818657003419
 21
-22.96505694834434
 31
0.0
  0
LINE
  5
BAD
330
231
100
AcDbEntity
  8
0
  6
Continuous
 62
     7
100
AcDbLine
 10
189.6839077524419
 20
50.56304210895567
 30
0.0
 11
189.683907912462
 21
49.65395495583561
 31
0.0
  0
LINE
  5
BAE
330
231
100
AcDbEntity
  8
0
  6
Continuous
 62
     7
100
AcDbLine
 10
189.6839081232819
 20
48.45222257393567
 30
0.0
 11
189.6839080420019
 21
48.90869775445569
 31
0.0
  0
LINE
  5
BAF
330
231
100
AcDbEntity
  8
0
  6
Continuous
 62
     7
100
AcDbLine
 10
189.981561114462
 20
-22.96926810070434
 30
0.0
 11
189.981561114462
 21
-25.16935187172436
 31
0.0
  0
LINE
  5
BB0
330
231
100
AcDbEntity
  8
0
  6
Continuous
 62
     7
100
AcDbLine
 10
190.0520120124219
 20
-22.98687411832435
 30
0.0
 11
190.0520120124219
 21
-25.18695788934434
 31
0.0
  0
LINE
  5
BB1
330
231
100
AcDbEntity
  8
0
  6
Continuous
 62
     7
100
AcDbLine
 10
145.5020767462019
 20
-22.98687411832435
 30
0.0
 11
145.6033084106419
 21
-22.88564245134432
 31
0.0
  0
LINE
  5
BB2
330
231
100
AcDbEntity
  8
0
  6
Continuous
 62
     7
100
AcDbLine
 10
227.0006965731219
 20
58.51174570859567
 30
0.0
 11
227.101928240102
 21
58.61297737557563
 31
0.0
  0
LINE
  5
BB3
330
231
100
AcDbEntity
  8
0
  6
Continuous
 62
     7
100
AcDbLine
 10
145.040253420422
 20
21.27775997605568
 30
0.0
 11
145.227012010582
 21
21.27776997603567
 31
0.0
  0
LINE
  5
BB4
330
231
100
AcDbEntity
  8
0
  6
Continuous
 62
     7
100
AcDbLine
 10
145.227012010582
 20
22.55776997635564
 30
0.0
 11
145.046407149542
 21
22.55776030657566
 31
0.0
  0
LINE
  5
BB5
330
231
100
AcDbEntity
  8
0
  6
Continuous
 62
     7
100
AcDbLine
 10
227.101928240102
 20
-22.48689315486436
 30
0.0
 11
227.0006965731219
 21
-22.38566149042433
 31
0.0
  0
LINE
  5
BB6
330
231
100
AcDbEntity
  8
0
  6
Continuous
 62
     7
100
AcDbLine
 10
145.6033084106419
 20
59.01172667205566
 30
0.0
 11
145.5020767462019
 21
59.11295833649567
 31
0.0
  0
LINE
  5
BB7
330
231
100
AcDbEntity
  8
0
  6
Continuous
 62
     7
100
AcDbLine
 10
165.6721527305819
 20
40.07397370181567
 30
0.0
 11
165.8721527217419
 21
39.87397371065566
 31
0.0
  0
LINE
  5
BB8
330
231
100
AcDbEntity
  8
0
  6
Continuous
 62
     7
100
AcDbLine
 10
167.8721528111421
 20
37.87397379651566
 30
0.0
 11
167.672152819982
 21
38.07397378767567
 31
0.0
  0
LINE
  5
BB9
330
231
100
AcDbEntity
  8
0
  6
Continuous
 62
     7
100
AcDbLine
 10
168.9721528768219
 20
36.77397384513563
 30
0.0
 11
168.772152850102
 21
36.97397383629564
 31
0.0
  0
LINE
  5
BBA
330
231
100
AcDbEntity
  8
0
  6
Continuous
 62
     7
100
AcDbLine
 10
166.7721527632419
 20
38.97397374789566
 30
0.0
 11
166.9721527874219
 21
38.77397375673564
 31
0.0
  0
LINE
  5
BBB
330
231
100
AcDbEntity
  8
0
  6
Continuous
 62
     7
100
AcDbLine
 10
169.8721528091019
 20
37.87397371015564
 30
0.0
 11
169.672152817942
 21
38.07397370131565
 31
0.0
  0
LINE
  5
BBC
330
231
100
AcDbEntity
  8
0
  6
Continuous
 62
     7
100
AcDbLine
 10
167.8721527222419
 20
39.87397379701565
 30
0.0
 11
167.6721527310819
 21
40.07397378817566
 31
0.0
  0
LINE
  5
BBD
330
231
100
AcDbEntity
  8
0
  6
Continuous
 62
     7
100
AcDbLine
 10
170.9721528747819
 20
36.77397375877564
 30
0.0
 11
170.7721528506019
 21
36.97397374993566
 31
0.0
  0
LINE
  5
BBE
330
231
100
AcDbEntity
  8
0
  6
Continuous
 62
     7
100
AcDbLine
 10
168.9721527879219
 20
38.77397384563565
 30
0.0
 11
168.772152761202
 21
38.97397383679567
 31
0.0
  0
LINE
  5
BBF
330
231
100
AcDbEntity
  8
0
  6
Continuous
 62
     7
100
AcDbLine
 10
169.6721527315819
 20
40.07397370181567
 30
0.0
 11
169.8721527227419
 21
39.87397371065566
 31
0.0
  0
LINE
  5
BC0
330
231
100
AcDbEntity
  8
0
  6
Continuous
 62
     7
100
AcDbLine
 10
171.8721528096019
 20
37.87397379651566
 30
0.0
 11
171.672152818442
 21
38.07397378767567
 31
0.0
  0
LINE
  5
BC1
330
231
100
AcDbEntity
  8
0
  6
Continuous
 62
     7
100
AcDbLine
 10
172.9721528752819
 20
36.77397384513563
 30
0.0
 11
172.7721528485619
 21
36.97397383629564
 31
0.0
  0
LINE
  5
BC2
330
231
100
AcDbEntity
  8
0
  6
Continuous
 62
     7
100
AcDbLine
 10
170.772152761702
 20
38.97397374789566
 30
0.0
 11
170.9721527884219
 21
38.77397375673564
 31
0.0
  0
LINE
  5
BC3
330
231
100
AcDbEntity
  8
0
  6
Continuous
 62
     7
100
AcDbLine
 10
190.4339077535819
 20
50.56304210895567
 30
0.0
 11
190.4339079136019
 21
49.65395508791562
 31
0.0
  0
LINE
  5
BC4
330
231
100
AcDbEntity
  8
0
  6
Continuous
 62
     7
100
AcDbLine
 10
190.4339080431421
 20
48.90869788653564
 30
0.0
 11
190.433908121882
 21
48.45222270601564
 31
0.0
  0
LINE
  5
BC5
330
231
100
AcDbEntity
  8
0
  6
Continuous
 62
     7
100
AcDbLine
 10
190.683907753962
 20
50.56304210895567
 30
0.0
 11
190.683907911442
 21
49.65395513109564
 31
0.0
  0
LINE
  5
BC6
330
231
100
AcDbEntity
  8
0
  6
Continuous
 62
     7
100
AcDbLine
 10
190.683908122262
 20
48.45222274919564
 30
0.0
 11
190.683908043522
 21
48.90869792971566
 31
0.0
  0
LINE
  5
BC7
330
231
100
AcDbEntity
  8
0
  6
Continuous
 62
     7
100
AcDbLine
 10
191.433907752562
 20
50.56304210895567
 30
0.0
 11
191.4339079125818
 21
49.65395526317564
 31
0.0
  0
LINE
  5
BC8
330
231
100
AcDbEntity
  8
0
  6
Continuous
 62
     7
100
AcDbLine
 10
191.4339080421219
 20
48.90869806179566
 30
0.0
 11
191.433908123402
 21
48.45222287873565
 31
0.0
  0
LINE
  5
BC9
330
231
100
AcDbEntity
  8
0
  6
Continuous
 62
     7
100
AcDbLine
 10
191.683907752942
 20
50.56304210895567
 30
0.0
 11
191.683907912962
 21
49.65395530635564
 31
0.0
  0
LINE
  5
BCA
330
231
100
AcDbEntity
  8
0
  6
Continuous
 62
     7
100
AcDbLine
 10
191.683908121242
 20
48.45222292445567
 30
0.0
 11
191.6839080425019
 21
48.90869810497566
 31
0.0
  0
LINE
  5
BCB
330
231
100
AcDbEntity
  8
0
  6
Continuous
 62
     7
100
AcDbLine
 10
192.4339077540819
 20
50.56304210895567
 30
0.0
 11
192.433907911562
 21
49.65395543843564
 31
0.0
  0
LINE
  5
BCC
330
231
100
AcDbEntity
  8
0
  6
Continuous
 62
     7
100
AcDbLine
 10
192.4339080436419
 20
48.90869823705568
 30
0.0
 11
192.433908122382
 21
48.45222305399568
 31
0.0
  0
LINE
  5
BCD
330
231
100
AcDbEntity
  8
0
  6
Continuous
 62
     7
100
AcDbLine
 10
192.433908437342
 20
46.65395543641563
 30
0.0
 11
192.4339085592619
 21
45.95395544449567
 31
0.0
  0
LINE
  5
BCE
330
231
100
AcDbEntity
  8
0
  6
Continuous
 62
     7
100
AcDbLine
 10
192.6839077544619
 20
50.56304210895567
 30
0.0
 11
192.683907911942
 21
49.65395548161566
 31
0.0
  0
LINE
  5
BCF
330
231
100
AcDbEntity
  8
0
  6
Continuous
 62
     7
100
AcDbLine
 10
192.6839085596419
 20
45.95395548767564
 30
0.0
 11
192.6839084377219
 21
46.65395548213567
 31
0.0
  0
LINE
  5
BD0
330
231
100
AcDbEntity
  8
0
  6
Continuous
 62
     7
100
AcDbLine
 10
192.6839081227619
 20
48.45222309717567
 30
0.0
 11
192.683908041482
 21
48.90869828023562
 31
0.0
  0
LINE
  5
BD1
330
231
100
AcDbEntity
  8
0
  6
Continuous
 62
     7
100
AcDbLine
 10
193.5889081009219
 20
48.57518787537566
 30
0.0
 11
193.588908047582
 21
48.87518787735564
 31
0.0
  0
LINE
  5
BD2
330
231
100
AcDbEntity
  8
0
  6
Continuous
 62
     7
100
AcDbLine
 10
193.588908029802
 20
48.97848375915564
 30
0.0
 11
193.588907912962
 21
49.65395541303564
 31
0.0
  0
LINE
  5
BD3
330
231
100
AcDbEntity
  8
0
  6
Continuous
 62
     7
100
AcDbLine
 10
193.758907956502
 20
49.40395544567562
 30
0.0
 11
193.7589081571618
 21
48.25395544443563
 31
0.0
  0
LINE
  5
BD4
330
231
100
AcDbEntity
  8
0
  6
Continuous
 62
     7
100
AcDbLine
 10
193.9589081915019
 20
48.05395547105567
 30
0.0
 11
193.9589079222619
 21
49.60395546985563
 31
0.0
  0
LINE
  5
BD5
330
231
100
AcDbEntity
  8
0
  6
Continuous
 62
     7
100
AcDbLine
 10
151.5777903859619
 20
55.73080977949564
 30
0.0
 11
151.5750326698619
 21
55.73297264537567
 31
0.0
  0
LINE
  5
BD6
330
231
100
AcDbEntity
  8
0
  6
Continuous
 62
     7
100
AcDbLine
 10
150.524811666422
 20
54.39632208525563
 30
0.0
 11
150.5256629753619
 21
54.39565051941565
 31
0.0
  0
LINE
  5
BD7
330
231
100
AcDbEntity
  8
0
  6
Continuous
 62
     7
100
AcDbLine
 10
151.5777054813819
 20
55.73070210127562
 30
0.0
 11
151.5750326698619
 21
55.73297264537567
 31
0.0
  0
LINE
  5
BD8
330
231
100
AcDbEntity
  8
0
  6
Continuous
 62
     7
100
AcDbLine
 10
150.5248976962219
 20
54.39643104871567
 30
0.0
 11
150.525723353702
 21
54.39572719693567
 31
0.0
  0
LINE
  5
BD9
330
231
100
AcDbEntity
  8
0
  6
Continuous
 62
     7
100
AcDbLine
 10
173.8721528101019
 20
37.87397371015564
 30
0.0
 11
173.672152818942
 21
38.07397370131565
 31
0.0
  0
LINE
  5
BDA
330
231
100
AcDbEntity
  8
0
  6
Continuous
 62
     7
100
AcDbLine
 10
171.8721527232419
 20
39.87397379701565
 30
0.0
 11
171.6721527320819
 21
40.07397378817566
 31
0.0
  0
LINE
  5
BDB
330
231
100
AcDbEntity
  8
0
  6
Continuous
 62
     7
100
AcDbLine
 10
174.972152875782
 20
36.77397375877564
 30
0.0
 11
174.7721528490621
 21
36.97397374993566
 31
0.0
  0
LINE
  5
BDC
330
231
100
AcDbEntity
  8
0
  6
Continuous
 62
     7
100
AcDbLine
 10
172.9721527889219
 20
38.77397384563565
 30
0.0
 11
172.772152762202
 21
38.97397383679567
 31
0.0
  0
LINE
  5
BDD
330
231
100
AcDbEntity
  8
0
  6
Continuous
 62
     7
100
AcDbLine
 10
175.8721528106019
 20
37.87397379651566
 30
0.0
 11
175.6721528194419
 21
38.07397378767567
 31
0.0
  0
LINE
  5
BDE
330
231
100
AcDbEntity
  8
0
  6
Continuous
 62
     7
100
AcDbLine
 10
173.6721527325818
 20
40.07397370181567
 30
0.0
 11
173.8721527237419
 21
39.87397371065566
 31
0.0
  0
LINE
  5
BDF
330
231
100
AcDbEntity
  8
0
  6
Continuous
 62
     7
100
AcDbLine
 10
176.9721528762819
 20
36.77397384513563
 30
0.0
 11
176.772152849562
 21
36.97397383629564
 31
0.0
  0
LINE
  5
BE0
330
231
100
AcDbEntity
  8
0
  6
Continuous
 62
     7
100
AcDbLine
 10
174.7721527627019
 20
38.97397374789566
 30
0.0
 11
174.9721527894219
 21
38.77397375673564
 31
0.0
  0
LINE
  5
BE1
330
231
100
AcDbEntity
  8
0
  6
Continuous
 62
     7
100
AcDbLine
 10
177.8721528111019
 20
37.87397379651566
 30
0.0
 11
177.6721528199419
 21
38.07397378767567
 31
0.0
  0
LINE
  5
BE2
330
231
100
AcDbEntity
  8
0
  6
Continuous
 62
     7
100
AcDbLine
 10
175.872152721702
 20
39.87397379701565
 30
0.0
 11
175.672152730542
 21
40.07397378817566
 31
0.0
  0
LINE
  5
BE3
330
231
100
AcDbEntity
  8
0
  6
Continuous
 62
     7
100
AcDbLine
 10
178.9721528767819
 20
36.77397384513563
 30
0.0
 11
178.772152850062
 21
36.97397383629564
 31
0.0
  0
LINE
  5
BE4
330
231
100
AcDbEntity
  8
0
  6
Continuous
 62
     7
100
AcDbLine
 10
176.972152787382
 20
38.77397384563565
 30
0.0
 11
176.7721527632019
 21
38.97397383679567
 31
0.0
  0
LINE
  5
BE5
330
231
100
AcDbEntity
  8
0
  6
Continuous
 62
     7
100
AcDbLine
 10
179.5589086019218
 20
45.70395295237562
 30
0.0
 11
178.9526906373219
 21
46.75395284627566
 31
0.0
  0
LINE
  5
BE6
330
231
100
AcDbEntity
  8
0
  6
Continuous
 62
     7
100
AcDbLine
 10
194.5589079135219
 20
49.65395562639563
 30
0.0
 11
194.558907921142
 21
49.60395562733566
 31
0.0
  0
LINE
  5
BE7
330
231
100
AcDbEntity
  8
0
  6
Continuous
 62
     7
100
AcDbLine
 10
194.558908418982
 20
46.75395562757566
 30
0.0
 11
194.5589084367619
 21
46.65395562691563
 31
0.0
  0
LINE
  5
BE8
330
231
100
AcDbEntity
  8
SURFACE
  6
Continuous
 62
     7
100
AcDbLine
 10
195.0720120105019
 20
-22.90658693320435
 30
0.0
 11
195.0720120105019
 21
-22.76195789048433
 31
0.0
  0
LINE
  5
BE9
330
231
100
AcDbEntity
  8
BODY
  6
Continuous
 62
     7
100
AcDbLine
 10
195.0720120105019
 20
-22.90658693320435
 30
0.0
 11
195.0720120105019
 21
-22.76195789048433
 31
0.0
  0
LINE
  5
BEA
330
231
100
AcDbEntity
  8
0
  6
Continuous
 62
     7
100
AcDbLine
 10
195.0789079123819
 20
49.65395571783563
 30
0.0
 11
195.0789079200019
 21
49.60395571877566
 31
0.0
  0
LINE
  5
BEB
330
231
100
AcDbEntity
  8
0
  6
Continuous
 62
     7
100
AcDbLine
 10
195.0789084203819
 20
46.75395571901566
 30
0.0
 11
195.0789084381618
 21
46.65395571835563
 31
0.0
  0
LINE
  5
BEC
330
231
100
AcDbEntity
  8
0
  6
Continuous
 62
     7
100
AcDbLine
 10
195.858908437722
 20
46.65395585551564
 30
0.0
 11
195.8589084199419
 21
46.75395585363562
 31
0.0
  0
LINE
  5
BED
330
231
100
AcDbEntity
  8
0
  6
Continuous
 62
     7
100
AcDbLine
 10
195.8589079221019
 20
49.60395585339563
 30
0.0
 11
195.858907911942
 21
49.65395585499564
 31
0.0
  0
LINE
  5
BEE
330
231
100
AcDbEntity
  8
0
  6
Continuous
 62
     7
100
AcDbLine
 10
196.558907921642
 20
49.60395592451565
 30
0.0
 11
196.558908419482
 21
46.75395592475564
 31
0.0
  0
LINE
  5
BEF
330
231
100
AcDbEntity
  8
0
  6
Continuous
 62
     7
100
AcDbLine
 10
196.7589083852418
 20
46.95395596925567
 30
0.0
 11
196.7589079559819
 21
49.40395596891562
 31
0.0
  0
LINE
  5
BF0
330
231
100
AcDbEntity
  8
0
  6
Continuous
 62
     7
100
AcDbLine
 10
145.102012011662
 20
28.56304211107565
 30
0.0
 11
145.227012010582
 21
28.56304211107565
 31
0.0
  0
LINE
  5
BF1
330
231
100
AcDbEntity
  8
0
  6
Continuous
 62
     7
100
AcDbLine
 10
142.8020120117219
 20
29.06304210929565
 30
0.0
 11
142.2020120103019
 21
29.06304210929565
 31
0.0
  0
LINE
  5
BF2
330
231
100
AcDbEntity
  8
0
  6
Continuous
 62
     7
100
AcDbLine
 10
145.0557018807619
 20
29.06304210929565
 30
0.0
 11
145.227012010582
 21
29.06304210929565
 31
0.0
  0
LINE
  5
BF3
330
231
100
AcDbEntity
  8
0
  6
Continuous
 62
     7
100
AcDbLine
 10
145.102012011662
 20
29.91304211109565
 30
0.0
 11
145.0514025878619
 21
29.91304211109565
 31
0.0
  0
LINE
  5
BF4
330
231
100
AcDbEntity
  8
0
  6
Continuous
 62
     7
100
AcDbLine
 10
141.902012010862
 20
29.91304211109565
 30
0.0
 11
142.8020120117219
 21
29.91304211109565
 31
0.0
  0
LINE
  5
BF5
330
231
100
AcDbEntity
  8
0
  6
Continuous
 62
     7
100
AcDbLine
 10
177.872152722202
 20
39.87397379701565
 30
0.0
 11
177.6721527310419
 21
40.07397378817566
 31
0.0
  0
LINE
  5
BF6
330
231
100
AcDbEntity
  8
0
  6
Continuous
 62
     7
100
AcDbLine
 10
178.972152787882
 20
38.77397384563565
 30
0.0
 11
178.7721527611619
 21
38.97397383679567
 31
0.0
  0
LINE
  5
BF7
330
231
100
AcDbEntity
  8
0
  6
Continuous
 62
     7
100
AcDbLine
 10
174.358908384722
 20
46.95395205257566
 30
0.0
 11
174.5589084190619
 21
46.75395207919564
 31
0.0
  0
LINE
  5
BF8
102
{ACAD_REACTORS
330
13DB
102
}
330
231
100
AcDbEntity
  8
0
  6
Continuous
 62
     7
100
AcDbLine
 10
199.5620120119419
 20
47.56304210947567
 30
0.0
 11
199.5620120119419
 21
48.56304211099566
 31
0.0
  0
LINE
  5
BF9
330
231
100
AcDbEntity
  8
0
  6
Continuous
 62
     7
100
AcDbLine
 10
226.877012012262
 20
31.52114995405569
 30
0.0
 11
227.0006965731219
 21
31.52114995405569
 31
0.0
  0
LINE
  5
BFA
330
231
100
AcDbEntity
  8
0
  6
Continuous
 62
     7
100
AcDbLine
 10
227.019889432882
 20
31.64508091523564
 30
0.0
 11
226.877012012262
 21
31.64508091523564
 31
0.0
  0
LINE
  5
BFB
330
231
100
AcDbEntity
  8
0
  6
Continuous
 62
     7
100
AcDbLine
 10
226.877012012262
 20
32.68100330617566
 30
0.0
 11
227.019889432882
 21
32.68100330617566
 31
0.0
  0
LINE
  5
BFC
330
231
100
AcDbEntity
  8
0
  6
Continuous
 62
     7
100
AcDbLine
 10
226.877012012262
 20
32.80493426481565
 30
0.0
 11
227.0006965731219
 21
32.80493426481565
 31
0.0
  0
LINE
  5
BFD
330
231
100
AcDbEntity
  8
0
  6
Continuous
 62
     7
100
AcDbLine
 10
145.102012011662
 20
33.21304211001566
 30
0.0
 11
145.0514025878619
 21
33.21304211001566
 31
0.0
  0
LINE
  5
BFE
330
231
100
AcDbEntity
  8
0
  6
Continuous
 62
     7
100
AcDbLine
 10
141.902012010862
 20
33.21304211001566
 30
0.0
 11
142.8020120117219
 21
33.21304211001566
 31
0.0
  0
LINE
  5
BFF
330
231
100
AcDbEntity
  8
0
  6
Continuous
 62
     7
100
AcDbLine
 10
142.8020120117219
 20
34.06304210927567
 30
0.0
 11
142.2020120103019
 21
34.06304210927567
 31
0.0
  0
LINE
  5
C00
330
231
100
AcDbEntity
  8
0
  6
Continuous
 62
     7
100
AcDbLine
 10
145.0557018807619
 20
34.06304210927567
 30
0.0
 11
145.227012010582
 21
34.06304210927567
 31
0.0
  0
LINE
  5
C01
330
231
100
AcDbEntity
  8
0
  6
Continuous
 62
     7
100
AcDbLine
 10
145.102012011662
 20
34.56304211003567
 30
0.0
 11
145.227012010582
 21
34.56304211003567
 31
0.0
  0
LINE
  5
C02
330
231
100
AcDbEntity
  8
0
  6
Continuous
 62
     7
100
AcDbLine
 10
177.3589079549419
 20
49.40395257801566
 30
0.0
 11
177.1589079206019
 21
49.60395253361568
 31
0.0
  0
LINE
  5
C03
330
231
100
AcDbEntity
  8
0
  6
Continuous
 62
     7
100
AcDbLine
 10
204.0520120108419
 20
-22.97291112872435
 30
0.0
 11
204.0520120108419
 21
-22.90658693320435
 31
0.0
  0
LINE
  5
C04
330
231
100
AcDbEntity
  8
0
  6
Continuous
 62
     7
100
AcDbLine
 10
204.302012011222
 20
-22.26195788972436
 30
0.0
 11
204.302012011222
 21
-22.06195789094434
 31
0.0
  0
LINE
  5
C05
330
231
100
AcDbEntity
  8
SURFACE
  6
Continuous
 62
     7
100
AcDbLine
 10
204.5720120122419
 20
-21.62489447246435
 30
0.0
 11
204.5720120122419
 21
-22.97291112872435
 31
0.0
  0
LINE
  5
C06
330
231
100
AcDbEntity
  8
BODY
  6
Continuous
 62
     7
100
AcDbLine
 10
204.5720120122419
 20
-21.62489447246435
 30
0.0
 11
204.5720120122419
 21
-22.97291112872435
 31
0.0
  0
LINE
  5
C07
330
231
100
AcDbEntity
  8
0
  6
Continuous
 62
     7
100
AcDbLine
 10
204.802012011982
 20
-21.78687411802432
 30
0.0
 11
204.802012011982
 21
-22.98687411832435
 31
0.0
  0
LINE
  5
C08
330
231
100
AcDbEntity
  8
0
  6
Continuous
 62
     7
100
AcDbLine
 10
205.572012011222
 20
-21.56195789018434
 30
0.0
 11
205.572012011222
 21
-21.78687411802432
 31
0.0
  0
LINE
  5
C09
330
231
100
AcDbEntity
  8
BODY
  6
Continuous
 62
     7
100
AcDbLine
 10
205.572012011222
 20
-21.56195789018434
 30
0.0
 11
205.572012011222
 21
-21.78687411802432
 31
0.0
  0
LINE
  5
C0A
330
231
100
AcDbEntity
  8
0
  6
Continuous
 62
     7
100
AcDbLine
 10
227.019889432882
 20
32.68100330617566
 30
0.0
 11
227.048402091122
 21
32.70951596187564
 31
0.0
  0
LINE
  5
C0B
330
231
100
AcDbEntity
  8
0
  6
Continuous
 62
     7
100
AcDbLine
 10
150.4220120117219
 20
36.07804211025564
 30
0.0
 11
179.822012012722
 21
36.07804211025564
 31
0.0
  0
LINE
  5
C0C
330
231
100
AcDbEntity
  8
0
  6
Continuous
 62
     7
100
AcDbLine
 10
165.3221528921019
 20
36.42397368661566
 30
0.0
 11
179.322152890522
 21
36.42397385933563
 31
0.0
  0
LINE
  5
C0D
330
231
100
AcDbEntity
  8
0
  6
Continuous
 62
     7
100
AcDbLine
 10
150.9221284765619
 20
36.42397368661566
 30
0.0
 11
164.922128477522
 21
36.42397385933563
 31
0.0
  0
LINE
  5
C0E
330
231
100
AcDbEntity
  8
0
  6
Continuous
 62
     7
100
AcDbLine
 10
151.2721284623619
 20
36.77397370035564
 30
0.0
 11
152.572128460782
 21
36.77397375877564
 31
0.0
  0
LINE
  5
C0F
330
231
100
AcDbEntity
  8
0
  6
Continuous
 62
     7
100
AcDbLine
 10
153.272128462862
 20
36.77397378925562
 30
0.0
 11
154.572128461282
 21
36.77397384513563
 31
0.0
  0
LINE
  5
C10
330
231
100
AcDbEntity
  8
0
  6
Continuous
 62
     7
100
AcDbLine
 10
155.2721284608219
 20
36.77397370035564
 30
0.0
 11
156.5721284617819
 21
36.77397375877564
 31
0.0
  0
LINE
  5
C11
330
231
100
AcDbEntity
  8
0
  6
Continuous
 62
     7
100
AcDbLine
 10
157.2721284613219
 20
36.77397378925562
 30
0.0
 11
158.5721284622819
 21
36.77397384513563
 31
0.0
  0
LINE
  5
C12
330
231
100
AcDbEntity
  8
0
  6
Continuous
 62
     7
100
AcDbLine
 10
159.272128461822
 20
36.77397370035564
 30
0.0
 11
160.5721284627819
 21
36.77397375877564
 31
0.0
  0
LINE
  5
C13
330
231
100
AcDbEntity
  8
0
  6
Continuous
 62
     7
100
AcDbLine
 10
161.272128462322
 20
36.77397370035564
 30
0.0
 11
162.5721284607419
 21
36.77397375877564
 31
0.0
  0
LINE
  5
C14
330
231
100
AcDbEntity
  8
0
  6
Continuous
 62
     7
100
AcDbLine
 10
163.272128462822
 20
36.77397378925562
 30
0.0
 11
164.5721284612419
 21
36.77397384513563
 31
0.0
  0
LINE
  5
C15
330
231
100
AcDbEntity
  8
0
  6
Continuous
 62
     7
100
AcDbLine
 10
165.672152875362
 20
36.77397370035564
 30
0.0
 11
166.9721528763219
 21
36.77397375877564
 31
0.0
  0
LINE
  5
C16
330
231
100
AcDbEntity
  8
0
  6
Continuous
 62
     7
100
AcDbLine
 10
167.672152875862
 20
36.77397378925562
 30
0.0
 11
168.9721528768219
 21
36.77397384513563
 31
0.0
  0
LINE
  5
C17
330
231
100
AcDbEntity
  8
0
  6
Continuous
 62
     7
100
AcDbLine
 10
169.672152876362
 20
36.77397370035564
 30
0.0
 11
170.9721528747819
 21
36.77397375877564
 31
0.0
  0
LINE
  5
C18
330
231
100
AcDbEntity
  8
0
  6
Continuous
 62
     7
100
AcDbLine
 10
171.6721528768619
 20
36.77397378925562
 30
0.0
 11
172.9721528752819
 21
36.77397384513563
 31
0.0
  0
LINE
  5
C19
330
231
100
AcDbEntity
  8
0
  6
Continuous
 62
     7
100
AcDbLine
 10
173.6721528748219
 20
36.77397370035564
 30
0.0
 11
174.972152875782
 21
36.77397375877564
 31
0.0
  0
LINE
  5
C1A
330
231
100
AcDbEntity
  8
0
  6
Continuous
 62
     7
100
AcDbLine
 10
175.6721528753219
 20
36.77397378925562
 30
0.0
 11
176.9721528762819
 21
36.77397384513563
 31
0.0
  0
LINE
  5
C1B
330
231
100
AcDbEntity
  8
0
  6
Continuous
 62
     7
100
AcDbLine
 10
177.6721528758219
 20
36.77397378925562
 30
0.0
 11
178.9721528767819
 21
36.77397384513563
 31
0.0
  0
LINE
  5
C1C
330
231
100
AcDbEntity
  8
0
  6
Continuous
 62
     7
100
AcDbLine
 10
178.772152850062
 20
36.97397383629564
 30
0.0
 11
177.872152849202
 21
36.97397379819566
 31
0.0
  0
LINE
  5
C1D
330
231
100
AcDbEntity
  8
0
  6
Continuous
 62
     7
100
AcDbLine
 10
176.772152849562
 20
36.97397383629564
 30
0.0
 11
175.872152848702
 21
36.97397379819566
 31
0.0
  0
LINE
  5
C1E
330
231
100
AcDbEntity
  8
0
  6
Continuous
 62
     7
100
AcDbLine
 10
174.7721528490621
 20
36.97397374993566
 30
0.0
 11
173.8721528482019
 21
36.97397370929565
 31
0.0
  0
LINE
  5
C1F
330
231
100
AcDbEntity
  8
0
  6
Continuous
 62
     7
100
AcDbLine
 10
172.7721528485619
 20
36.97397383629564
 30
0.0
 11
171.8721528502419
 21
36.97397379819566
 31
0.0
  0
LINE
  5
C20
330
231
100
AcDbEntity
  8
0
  6
Continuous
 62
     7
100
AcDbLine
 10
170.7721528506019
 20
36.97397374993566
 30
0.0
 11
169.8721528497419
 21
36.97397370929565
 31
0.0
  0
LINE
  5
C21
330
231
100
AcDbEntity
  8
0
  6
Continuous
 62
     7
100
AcDbLine
 10
168.772152850102
 20
36.97397383629564
 30
0.0
 11
167.8721528492419
 21
36.97397379819566
 31
0.0
  0
LINE
  5
C22
330
231
100
AcDbEntity
  8
0
  6
Continuous
 62
     7
100
AcDbLine
 10
166.772152849602
 20
36.97397374993566
 30
0.0
 11
165.8721528487418
 21
36.97397370929565
 31
0.0
  0
LINE
  5
C23
330
231
100
AcDbEntity
  8
0
  6
Continuous
 62
     7
100
AcDbLine
 10
164.3721284345218
 20
36.97397383629564
 30
0.0
 11
163.4721284362019
 21
36.97397379819566
 31
0.0
  0
LINE
  5
C24
330
231
100
AcDbEntity
  8
0
  6
Continuous
 62
     7
100
AcDbLine
 10
162.372128436562
 20
36.97397374993566
 30
0.0
 11
161.4721284357019
 21
36.97397370929565
 31
0.0
  0
LINE
  5
C25
330
231
100
AcDbEntity
  8
0
  6
Continuous
 62
     7
100
AcDbLine
 10
160.372128436062
 20
36.97397374993566
 30
0.0
 11
159.4721284352019
 21
36.97397370929565
 31
0.0
  0
LINE
  5
C26
330
231
100
AcDbEntity
  8
0
  6
Continuous
 62
     7
100
AcDbLine
 10
158.372128435562
 20
36.97397383629564
 30
0.0
 11
157.4721284347019
 21
36.97397379819566
 31
0.0
  0
LINE
  5
C27
330
231
100
AcDbEntity
  8
0
  6
Continuous
 62
     7
100
AcDbLine
 10
156.3721284350618
 20
36.97397374993566
 30
0.0
 11
155.4721284342019
 21
36.97397370929565
 31
0.0
  0
LINE
  5
C28
330
231
100
AcDbEntity
  8
0
  6
Continuous
 62
     7
100
AcDbLine
 10
154.3721284345619
 20
36.97397383629564
 30
0.0
 11
153.472128436242
 21
36.97397379819566
 31
0.0
  0
LINE
  5
C29
330
231
100
AcDbEntity
  8
0
  6
Continuous
 62
     7
100
AcDbLine
 10
152.372128436602
 20
36.97397374993566
 30
0.0
 11
151.472128435742
 21
36.97397370929565
 31
0.0
  0
LINE
  5
C2A
330
231
100
AcDbEntity
  8
0
  6
Continuous
 62
     7
100
AcDbLine
 10
169.8721528091019
 20
37.87397371015564
 30
0.0
 11
170.772152809962
 21
37.87397374825565
 31
0.0
  0
LINE
  5
C2B
330
231
100
AcDbEntity
  8
0
  6
Continuous
 62
     7
100
AcDbLine
 10
171.8721528096019
 20
37.87397379651566
 30
0.0
 11
172.772152810462
 21
37.87397383715566
 31
0.0
  0
LINE
  5
C2C
330
231
100
AcDbEntity
  8
0
  6
Continuous
 62
     7
100
AcDbLine
 10
173.8721528101019
 20
37.87397371015564
 30
0.0
 11
174.772152810962
 21
37.87397374825565
 31
0.0
  0
LINE
  5
C2D
330
231
100
AcDbEntity
  8
0
  6
Continuous
 62
     7
100
AcDbLine
 10
175.8721528106019
 20
37.87397379651566
 30
0.0
 11
176.772152808922
 21
37.87397383715566
 31
0.0
  0
LINE
  5
C2E
330
231
100
AcDbEntity
  8
0
  6
Continuous
 62
     7
100
AcDbLine
 10
177.8721528111019
 20
37.87397379651566
 30
0.0
 11
178.772152809422
 21
37.87397383715566
 31
0.0
  0
LINE
  5
C2F
330
231
100
AcDbEntity
  8
0
  6
Continuous
 62
     7
100
AcDbLine
 10
151.472128395102
 20
37.87397371015564
 30
0.0
 11
152.3721283959619
 21
37.87397374825565
 31
0.0
  0
LINE
  5
C30
330
231
100
AcDbEntity
  8
0
  6
Continuous
 62
     7
100
AcDbLine
 10
153.4721283956019
 20
37.87397379651566
 30
0.0
 11
154.3721283964619
 21
37.87397383715566
 31
0.0
  0
LINE
  5
C31
330
231
100
AcDbEntity
  8
0
  6
Continuous
 62
     7
100
AcDbLine
 10
155.4721283961019
 20
37.87397371015564
 30
0.0
 11
156.372128396962
 21
37.87397374825565
 31
0.0
  0
LINE
  5
C32
330
231
100
AcDbEntity
  8
0
  6
Continuous
 62
     7
100
AcDbLine
 10
157.472128396602
 20
37.87397379651566
 30
0.0
 11
158.372128394922
 21
37.87397383715566
 31
0.0
  0
LINE
  5
C33
330
231
100
AcDbEntity
  8
0
  6
Continuous
 62
     7
100
AcDbLine
 10
159.472128397102
 20
37.87397371015564
 30
0.0
 11
160.372128395422
 21
37.87397374825565
 31
0.0
  0
LINE
  5
C34
330
231
100
AcDbEntity
  8
0
  6
Continuous
 62
     7
100
AcDbLine
 10
161.4721283950619
 20
37.87397371015564
 30
0.0
 11
162.372128395922
 21
37.87397374825565
 31
0.0
  0
LINE
  5
C35
330
231
100
AcDbEntity
  8
0
  6
Continuous
 62
     7
100
AcDbLine
 10
163.4721283955618
 20
37.87397379651566
 30
0.0
 11
164.372128396422
 21
37.87397383715566
 31
0.0
  0
LINE
  5
C36
330
231
100
AcDbEntity
  8
0
  6
Continuous
 62
     7
100
AcDbLine
 10
165.8721528106421
 20
37.87397371015564
 30
0.0
 11
166.7721528089619
 21
37.87397374825565
 31
0.0
  0
LINE
  5
C37
330
231
100
AcDbEntity
  8
0
  6
Continuous
 62
     7
100
AcDbLine
 10
167.8721528111421
 20
37.87397379651566
 30
0.0
 11
168.772152809462
 21
37.87397383715566
 31
0.0
  0
LINE
  5
C38
330
231
100
AcDbEntity
  8
0
  6
Continuous
 62
     7
100
AcDbLine
 10
145.102012011662
 20
38.06304211027563
 30
0.0
 11
145.227012010582
 21
38.06304211027563
 31
0.0
  0
LINE
  5
C39
330
231
100
AcDbEntity
  8
0
  6
Continuous
 62
     7
100
AcDbLine
 10
178.972152818362
 20
38.07397384609567
 30
0.0
 11
177.6721528199419
 21
38.07397378767567
 31
0.0
  0
LINE
  5
C3A
330
231
100
AcDbEntity
  8
0
  6
Continuous
 62
     7
100
AcDbLine
 10
176.9721528178619
 20
38.07397384609567
 30
0.0
 11
175.6721528194419
 21
38.07397378767567
 31
0.0
  0
LINE
  5
C3B
330
231
100
AcDbEntity
  8
0
  6
Continuous
 62
     7
100
AcDbLine
 10
174.972152819902
 20
38.07397375719566
 30
0.0
 11
173.672152818942
 21
38.07397370131565
 31
0.0
  0
LINE
  5
C3C
330
231
100
AcDbEntity
  8
0
  6
Continuous
 62
     7
100
AcDbLine
 10
172.972152819402
 20
38.07397384609567
 30
0.0
 11
171.672152818442
 21
38.07397378767567
 31
0.0
  0
LINE
  5
C3D
330
231
100
AcDbEntity
  8
0
  6
Continuous
 62
     7
100
AcDbLine
 10
170.972152818902
 20
38.07397375719566
 30
0.0
 11
169.672152817942
 21
38.07397370131565
 31
0.0
  0
LINE
  5
C3E
330
231
100
AcDbEntity
  8
0
  6
Continuous
 62
     7
100
AcDbLine
 10
168.972152818402
 20
38.07397384609567
 30
0.0
 11
167.672152819982
 21
38.07397378767567
 31
0.0
  0
LINE
  5
C3F
330
231
100
AcDbEntity
  8
0
  6
Continuous
 62
     7
100
AcDbLine
 10
166.972152817902
 20
38.07397375719566
 30
0.0
 11
165.672152819482
 21
38.07397370131565
 31
0.0
  0
LINE
  5
C40
330
231
100
AcDbEntity
  8
0
  6
Continuous
 62
     7
100
AcDbLine
 10
164.5721284053619
 20
38.07397384609567
 30
0.0
 11
163.272128404402
 21
38.07397378767567
 31
0.0
  0
LINE
  5
C41
330
231
100
AcDbEntity
  8
0
  6
Continuous
 62
     7
100
AcDbLine
 10
162.5721284048619
 20
38.07397375719566
 30
0.0
 11
161.2721284039019
 21
38.07397370131565
 31
0.0
  0
LINE
  5
C42
330
231
100
AcDbEntity
  8
0
  6
Continuous
 62
     7
100
AcDbLine
 10
160.5721284043619
 20
38.07397375719566
 30
0.0
 11
159.272128405942
 21
38.07397370131565
 31
0.0
  0
LINE
  5
C43
330
231
100
AcDbEntity
  8
0
  6
Continuous
 62
     7
100
AcDbLine
 10
158.5721284038619
 20
38.07397384609567
 30
0.0
 11
157.272128405442
 21
38.07397378767567
 31
0.0
  0
LINE
  5
C44
330
231
100
AcDbEntity
  8
0
  6
Continuous
 62
     7
100
AcDbLine
 10
156.5721284059019
 20
38.07397375719566
 30
0.0
 11
155.272128404942
 21
38.07397370131565
 31
0.0
  0
LINE
  5
C45
330
231
100
AcDbEntity
  8
0
  6
Continuous
 62
     7
100
AcDbLine
 10
154.5721284054019
 20
38.07397384609567
 30
0.0
 11
153.2721284044419
 21
38.07397378767567
 31
0.0
  0
LINE
  5
C46
330
231
100
AcDbEntity
  8
0
  6
Continuous
 62
     7
100
AcDbLine
 10
152.5721284049019
 20
38.07397375719566
 30
0.0
 11
151.2721284039419
 21
38.07397370131565
 31
0.0
  0
LINE
  5
C47
330
231
100
AcDbEntity
  8
0
  6
Continuous
 62
     7
100
AcDbLine
 10
142.8020120117219
 20
38.56304211103566
 30
0.0
 11
142.2020120103019
 21
38.56304211103566
 31
0.0
  0
LINE
  5
C48
330
231
100
AcDbEntity
  8
0
  6
Continuous
 62
     7
100
AcDbLine
 10
145.0557018807619
 20
38.56304211103566
 30
0.0
 11
145.227012010582
 21
38.56304211103566
 31
0.0
  0
LINE
  5
C49
330
231
100
AcDbEntity
  8
0
  6
Continuous
 62
     7
100
AcDbLine
 10
151.272128373462
 20
38.77397370085564
 30
0.0
 11
152.5721283744219
 21
38.77397375673564
 31
0.0
  0
LINE
  5
C4A
330
231
100
AcDbEntity
  8
0
  6
Continuous
 62
     7
100
AcDbLine
 10
153.272128373962
 20
38.77397378721565
 30
0.0
 11
154.5721283749219
 21
38.77397384563565
 31
0.0
  0
LINE
  5
C4B
330
231
100
AcDbEntity
  8
0
  6
Continuous
 62
     7
100
AcDbLine
 10
155.272128374462
 20
38.77397370085564
 30
0.0
 11
156.5721283754219
 21
38.77397375673564
 31
0.0
  0
LINE
  5
C4C
330
231
100
AcDbEntity
  8
0
  6
Continuous
 62
     7
100
AcDbLine
 10
157.272128374962
 20
38.77397378721565
 30
0.0
 11
158.572128373382
 21
38.77397384563565
 31
0.0
  0
LINE
  5
C4D
330
231
100
AcDbEntity
  8
0
  6
Continuous
 62
     7
100
AcDbLine
 10
159.272128375462
 20
38.77397370085564
 30
0.0
 11
160.5721283738819
 21
38.77397375673564
 31
0.0
  0
LINE
  5
C4E
330
231
100
AcDbEntity
  8
0
  6
Continuous
 62
     7
100
AcDbLine
 10
161.272128373422
 20
38.77397370085564
 30
0.0
 11
162.5721283743819
 21
38.77397375673564
 31
0.0
  0
LINE
  5
C4F
330
231
100
AcDbEntity
  8
0
  6
Continuous
 62
     7
100
AcDbLine
 10
163.272128373922
 20
38.77397378721565
 30
0.0
 11
164.572128374882
 21
38.77397384563565
 31
0.0
  0
LINE
  5
C50
330
231
100
AcDbEntity
  8
0
  6
Continuous
 62
     7
100
AcDbLine
 10
165.6721527890018
 20
38.77397370085564
 30
0.0
 11
166.9721527874219
 21
38.77397375673564
 31
0.0
  0
LINE
  5
C51
330
231
100
AcDbEntity
  8
0
  6
Continuous
 62
     7
100
AcDbLine
 10
167.6721527895018
 20
38.77397378721565
 30
0.0
 11
168.9721527879219
 21
38.77397384563565
 31
0.0
  0
LINE
  5
C52
330
231
100
AcDbEntity
  8
0
  6
Continuous
 62
     7
100
AcDbLine
 10
169.672152787462
 20
38.77397370085564
 30
0.0
 11
170.9721527884219
 21
38.77397375673564
 31
0.0
  0
LINE
  5
C53
330
231
100
AcDbEntity
  8
0
  6
Continuous
 62
     7
100
AcDbLine
 10
171.6721527879619
 20
38.77397378721565
 30
0.0
 11
172.9721527889219
 21
38.77397384563565
 31
0.0
  0
LINE
  5
C54
330
231
100
AcDbEntity
  8
0
  6
Continuous
 62
     7
100
AcDbLine
 10
173.6721527884619
 20
38.77397370085564
 30
0.0
 11
174.9721527894219
 21
38.77397375673564
 31
0.0
  0
LINE
  5
C55
330
231
100
AcDbEntity
  8
0
  6
Continuous
 62
     7
100
AcDbLine
 10
175.6721527889619
 20
38.77397378721565
 30
0.0
 11
176.972152787382
 21
38.77397384563565
 31
0.0
  0
LINE
  5
C56
330
231
100
AcDbEntity
  8
0
  6
Continuous
 62
     7
100
AcDbLine
 10
177.6721527894619
 20
38.77397378721565
 30
0.0
 11
178.972152787882
 21
38.77397384563565
 31
0.0
  0
LINE
  5
C57
330
231
100
AcDbEntity
  8
0
  6
Continuous
 62
     7
100
AcDbLine
 10
178.7721527611619
 20
38.97397383679567
 30
0.0
 11
177.8721527628419
 21
38.97397379615566
 31
0.0
  0
LINE
  5
C58
330
231
100
AcDbEntity
  8
0
  6
Continuous
 62
     7
100
AcDbLine
 10
176.7721527632019
 20
38.97397383679567
 30
0.0
 11
175.8721527623419
 21
38.97397379615566
 31
0.0
  0
LINE
  5
C59
330
231
100
AcDbEntity
  8
0
  6
Continuous
 62
     7
100
AcDbLine
 10
174.7721527627019
 20
38.97397374789566
 30
0.0
 11
173.8721527618419
 21
38.97397370979565
 31
0.0
  0
LINE
  5
C5A
330
231
100
AcDbEntity
  8
0
  6
Continuous
 62
     7
100
AcDbLine
 10
172.772152762202
 20
38.97397383679567
 30
0.0
 11
171.872152761342
 21
38.97397379615566
 31
0.0
  0
LINE
  5
C5B
330
231
100
AcDbEntity
  8
0
  6
Continuous
 62
     7
100
AcDbLine
 10
170.772152761702
 20
38.97397374789566
 30
0.0
 11
169.8721527608419
 21
38.97397370979565
 31
0.0
  0
LINE
  5
C5C
330
231
100
AcDbEntity
  8
0
  6
Continuous
 62
     7
100
AcDbLine
 10
168.772152761202
 20
38.97397383679567
 30
0.0
 11
167.872152762882
 21
38.97397379615566
 31
0.0
  0
LINE
  5
C5D
330
231
100
AcDbEntity
  8
0
  6
Continuous
 62
     7
100
AcDbLine
 10
166.7721527632419
 20
38.97397374789566
 30
0.0
 11
165.872152762382
 21
38.97397370979565
 31
0.0
  0
LINE
  5
C5E
330
231
100
AcDbEntity
  8
0
  6
Continuous
 62
     7
100
AcDbLine
 10
164.372128348162
 20
38.97397383679567
 30
0.0
 11
163.4721283473019
 21
38.97397379615566
 31
0.0
  0
LINE
  5
C5F
330
231
100
AcDbEntity
  8
0
  6
Continuous
 62
     7
100
AcDbLine
 10
162.3721283476619
 20
38.97397374789566
 30
0.0
 11
161.4721283468019
 21
38.97397370979565
 31
0.0
  0
LINE
  5
C60
330
231
100
AcDbEntity
  8
0
  6
Continuous
 62
     7
100
AcDbLine
 10
160.3721283471619
 20
38.97397374789566
 30
0.0
 11
159.4721283488419
 21
38.97397370979565
 31
0.0
  0
LINE
  5
C61
330
231
100
AcDbEntity
  8
0
  6
Continuous
 62
     7
100
AcDbLine
 10
158.372128349202
 20
38.97397383679567
 30
0.0
 11
157.4721283483419
 21
38.97397379615566
 31
0.0
  0
LINE
  5
C62
330
231
100
AcDbEntity
  8
0
  6
Continuous
 62
     7
100
AcDbLine
 10
156.372128348702
 20
38.97397374789566
 30
0.0
 11
155.4721283478419
 21
38.97397370979565
 31
0.0
  0
LINE
  5
C63
330
231
100
AcDbEntity
  8
0
  6
Continuous
 62
     7
100
AcDbLine
 10
154.3721283482019
 20
38.97397383679567
 30
0.0
 11
153.4721283473419
 21
38.97397379615566
 31
0.0
  0
LINE
  5
C64
330
231
100
AcDbEntity
  8
0
  6
Continuous
 62
     7
100
AcDbLine
 10
152.3721283477019
 20
38.97397374789566
 30
0.0
 11
151.4721283468419
 21
38.97397370979565
 31
0.0
  0
LINE
  5
C65
330
231
100
AcDbEntity
  8
0
  6
Continuous
 62
     7
100
AcDbLine
 10
227.019889432882
 20
3.445080914535651
 30
0.0
 11
227.048402091122
 21
3.416568258835638
 31
0.0
  0
LINE
  5
C66
330
231
100
AcDbEntity
  8
0
  6
Continuous
 62
     7
100
AcDbLine
 10
208.0520120118418
 20
58.81491501843567
 30
0.0
 11
208.0520120118418
 21
59.09899534943566
 31
0.0
  0
LINE
  5
C67
330
231
100
AcDbEntity
  8
0
  6
Continuous
 62
     7
100
AcDbLine
 10
208.302012012222
 20
58.38804211043566
 30
0.0
 11
208.302012012222
 21
58.18804210911562
 31
0.0
  0
LINE
  5
C68
330
231
100
AcDbEntity
  8
0
  6
Continuous
 62
     7
100
AcDbLine
 10
208.8020120104419
 20
59.11295833649567
 30
0.0
 11
208.8020120104419
 21
57.91295833873568
 31
0.0
  0
LINE
  5
C69
330
231
100
AcDbEntity
  8
0
  6
Continuous
 62
     7
100
AcDbLine
 10
209.302012011202
 20
-22.98687411832435
 30
0.0
 11
209.302012011202
 21
-21.78687411802432
 31
0.0
  0
LINE
  5
C6A
330
231
100
AcDbEntity
  8
0
  6
Continuous
 62
     7
100
AcDbLine
 10
209.802012011962
 20
-22.26195788972436
 30
0.0
 11
209.802012011962
 21
-22.06195789094434
 31
0.0
  0
LINE
  5
C6B
330
231
100
AcDbEntity
  8
0
  6
Continuous
 62
     7
100
AcDbLine
 10
210.052012012342
 20
-22.90658693320435
 30
0.0
 11
210.052012012342
 21
-22.97291112872435
 31
0.0
  0
LINE
  5
C6C
330
231
100
AcDbEntity
  8
0
  6
Continuous
 62
     7
100
AcDbLine
 10
210.5520120105619
 20
-22.76195789048433
 30
0.0
 11
210.5520120105619
 21
-22.92491335578436
 31
0.0
  0
LINE
  5
C6D
330
231
100
AcDbEntity
  8
0
  6
Continuous
 62
     7
100
AcDbLine
 10
145.102012011662
 20
39.41304211029564
 30
0.0
 11
145.0514025878619
 21
39.41304211029564
 31
0.0
  0
LINE
  5
C6E
330
231
100
AcDbEntity
  8
0
  6
Continuous
 62
     7
100
AcDbLine
 10
141.902012010862
 20
39.41304211029564
 30
0.0
 11
142.8020120117219
 21
39.41304211029564
 31
0.0
  0
LINE
  5
C6F
330
231
100
AcDbEntity
  8
0
  6
Continuous
 62
     7
100
AcDbLine
 10
173.8721527237419
 20
39.87397371065566
 30
0.0
 11
174.772152722062
 21
39.87397374875565
 31
0.0
  0
LINE
  5
C70
330
231
100
AcDbEntity
  8
0
  6
Continuous
 62
     7
100
AcDbLine
 10
175.872152721702
 20
39.87397379701565
 30
0.0
 11
176.772152722562
 21
39.87397383511567
 31
0.0
  0
LINE
  5
C71
330
231
100
AcDbEntity
  8
0
  6
Continuous
 62
     7
100
AcDbLine
 10
177.872152722202
 20
39.87397379701565
 30
0.0
 11
178.772152723062
 21
39.87397383511567
 31
0.0
  0
LINE
  5
C72
330
231
100
AcDbEntity
  8
0
  6
Continuous
 62
     7
100
AcDbLine
 10
151.4721283087419
 20
39.87397371065566
 30
0.0
 11
152.372128309602
 21
39.87397374875565
 31
0.0
  0
LINE
  5
C73
330
231
100
AcDbEntity
  8
0
  6
Continuous
 62
     7
100
AcDbLine
 10
153.4721283092419
 20
39.87397379701565
 30
0.0
 11
154.3721283075619
 21
39.87397383511567
 31
0.0
  0
LINE
  5
C74
330
231
100
AcDbEntity
  8
0
  6
Continuous
 62
     7
100
AcDbLine
 10
155.472128309742
 20
39.87397371065566
 30
0.0
 11
156.3721283080618
 21
39.87397374875565
 31
0.0
  0
LINE
  5
C75
330
231
100
AcDbEntity
  8
0
  6
Continuous
 62
     7
100
AcDbLine
 10
157.4721283077019
 20
39.87397379701565
 30
0.0
 11
158.3721283085619
 21
39.87397383511567
 31
0.0
  0
LINE
  5
C76
330
231
100
AcDbEntity
  8
0
  6
Continuous
 62
     7
100
AcDbLine
 10
159.4721283082019
 20
39.87397371065566
 30
0.0
 11
160.3721283090619
 21
39.87397374875565
 31
0.0
  0
LINE
  5
C77
330
231
100
AcDbEntity
  8
0
  6
Continuous
 62
     7
100
AcDbLine
 10
161.4721283087019
 20
39.87397371065566
 30
0.0
 11
162.3721283095619
 21
39.87397374875565
 31
0.0
  0
LINE
  5
C78
330
231
100
AcDbEntity
  8
0
  6
Continuous
 62
     7
100
AcDbLine
 10
163.472128309202
 20
39.87397379701565
 30
0.0
 11
164.3721283075219
 21
39.87397383511567
 31
0.0
  0
LINE
  5
C79
330
231
100
AcDbEntity
  8
0
  6
Continuous
 62
     7
100
AcDbLine
 10
165.8721527217419
 20
39.87397371065566
 30
0.0
 11
166.7721527226019
 21
39.87397374875565
 31
0.0
  0
LINE
  5
C7A
330
231
100
AcDbEntity
  8
0
  6
Continuous
 62
     7
100
AcDbLine
 10
167.8721527222419
 20
39.87397379701565
 30
0.0
 11
168.7721527231019
 21
39.87397383511567
 31
0.0
  0
LINE
  5
C7B
330
231
100
AcDbEntity
  8
0
  6
Continuous
 62
     7
100
AcDbLine
 10
169.8721527227419
 20
39.87397371065566
 30
0.0
 11
170.7721527236019
 21
39.87397374875565
 31
0.0
  0
LINE
  5
C7C
330
231
100
AcDbEntity
  8
0
  6
Continuous
 62
     7
100
AcDbLine
 10
171.8721527232419
 20
39.87397379701565
 30
0.0
 11
172.7721527215621
 21
39.87397383511567
 31
0.0
  0
LINE
  5
C7D
330
231
100
AcDbEntity
  8
0
  6
Continuous
 62
     7
100
AcDbLine
 10
178.9721527320019
 20
40.07397384405567
 30
0.0
 11
177.6721527310419
 21
40.07397378817566
 31
0.0
  0
LINE
  5
C7E
330
231
100
AcDbEntity
  8
0
  6
Continuous
 62
     7
100
AcDbLine
 10
176.9721527315019
 20
40.07397384405567
 30
0.0
 11
175.672152730542
 21
40.07397378817566
 31
0.0
  0
LINE
  5
C7F
330
231
100
AcDbEntity
  8
0
  6
Continuous
 62
     7
100
AcDbLine
 10
174.972152731002
 20
40.07397375769568
 30
0.0
 11
173.6721527325818
 21
40.07397370181567
 31
0.0
  0
LINE
  5
C80
330
231
100
AcDbEntity
  8
0
  6
Continuous
 62
     7
100
AcDbLine
 10
172.972152730502
 20
40.07397384405567
 30
0.0
 11
171.6721527320819
 21
40.07397378817566
 31
0.0
  0
LINE
  5
C81
330
231
100
AcDbEntity
  8
0
  6
Continuous
 62
     7
100
AcDbLine
 10
170.9721527325419
 20
40.07397375769568
 30
0.0
 11
169.6721527315819
 21
40.07397370181567
 31
0.0
  0
LINE
  5
C82
330
231
100
AcDbEntity
  8
0
  6
Continuous
 62
     7
100
AcDbLine
 10
168.972152732042
 20
40.07397384405567
 30
0.0
 11
167.6721527310819
 21
40.07397378817566
 31
0.0
  0
LINE
  5
C83
330
231
100
AcDbEntity
  8
0
  6
Continuous
 62
     7
100
AcDbLine
 10
166.972152731542
 20
40.07397375769568
 30
0.0
 11
165.6721527305819
 21
40.07397370181567
 31
0.0
  0
LINE
  5
C84
330
231
100
AcDbEntity
  8
0
  6
Continuous
 62
     7
100
AcDbLine
 10
164.572128316462
 20
40.07397384405567
 30
0.0
 11
163.2721283180419
 21
40.07397378817566
 31
0.0
  0
LINE
  5
C85
330
231
100
AcDbEntity
  8
0
  6
Continuous
 62
     7
100
AcDbLine
 10
162.572128318502
 20
40.07397375769568
 30
0.0
 11
161.272128317542
 21
40.07397370181567
 31
0.0
  0
LINE
  5
C86
330
231
100
AcDbEntity
  8
0
  6
Continuous
 62
     7
100
AcDbLine
 10
160.572128318002
 20
40.07397375769568
 30
0.0
 11
159.2721283170419
 21
40.07397370181567
 31
0.0
  0
LINE
  5
C87
330
231
100
AcDbEntity
  8
0
  6
Continuous
 62
     7
100
AcDbLine
 10
158.572128317502
 20
40.07397384405567
 30
0.0
 11
157.2721283165419
 21
40.07397378817566
 31
0.0
  0
LINE
  5
C88
330
231
100
AcDbEntity
  8
0
  6
Continuous
 62
     7
100
AcDbLine
 10
156.572128317002
 20
40.07397375769568
 30
0.0
 11
155.2721283185819
 21
40.07397370181567
 31
0.0
  0
LINE
  5
C89
330
231
100
AcDbEntity
  8
0
  6
Continuous
 62
     7
100
AcDbLine
 10
154.572128316502
 20
40.07397384405567
 30
0.0
 11
153.2721283180819
 21
40.07397378817566
 31
0.0
  0
LINE
  5
C8A
330
231
100
AcDbEntity
  8
0
  6
Continuous
 62
     7
100
AcDbLine
 10
152.5721283185419
 20
40.07397375769568
 30
0.0
 11
151.2721283175819
 21
40.07397370181567
 31
0.0
  0
LINE
  5
C8B
330
231
100
AcDbEntity
  8
0
  6
Continuous
 62
     7
100
AcDbLine
 10
179.3221527152619
 20
40.42397386033565
 30
0.0
 11
165.3221527168419
 21
40.42397368507567
 31
0.0
  0
LINE
  5
C8C
330
231
100
AcDbEntity
  8
0
  6
Continuous
 62
     7
100
AcDbLine
 10
164.9221283022619
 20
40.42397386033565
 30
0.0
 11
150.9221283013019
 21
40.42397368507567
 31
0.0
  0
LINE
  5
C8D
102
{ACAD_REACTORS
330
1375
102
}
330
231
100
AcDbEntity
  8
0
  6
Continuous
 62
     7
100
AcDbLine
 10
179.822012012722
 20
40.77804211079564
 30
0.0
 11
150.4220120117219
 21
40.77804211079564
 31
0.0
  0
LINE
  5
C8E
330
231
100
AcDbEntity
  8
0
  6
Continuous
 62
     7
100
AcDbLine
 10
145.102012011662
 20
42.71304210921567
 30
0.0
 11
145.0514025878619
 21
42.71304210921567
 31
0.0
  0
LINE
  5
C8F
330
231
100
AcDbEntity
  8
0
  6
Continuous
 62
     7
100
AcDbLine
 10
141.902012010862
 20
42.71304210921567
 30
0.0
 11
142.8020120117219
 21
42.71304210921567
 31
0.0
  0
LINE
  5
C90
330
231
100
AcDbEntity
  8
0
  6
Continuous
 62
     7
100
AcDbLine
 10
211.2970215771819
 20
-22.76195789048433
 30
0.0
 11
211.2970215771819
 21
-22.92491335578436
 31
0.0
  0
LINE
  5
C91
330
231
100
AcDbEntity
  8
0
  6
Continuous
 62
     7
100
AcDbLine
 10
211.352012010762
 20
-22.76195789048433
 30
0.0
 11
211.352012010762
 21
-22.90658693320435
 31
0.0
  0
LINE
  5
C92
330
231
100
AcDbEntity
  8
0
  6
Continuous
 62
     7
100
AcDbLine
 10
213.302012012202
 20
57.91295833873568
 30
0.0
 11
213.302012012202
 21
59.11295833649567
 31
0.0
  0
LINE
  5
C93
330
231
100
AcDbEntity
  8
0
  6
Continuous
 62
     7
100
AcDbLine
 10
213.8020120104219
 20
58.38804211043566
 30
0.0
 11
213.8020120104219
 21
58.18804210911562
 31
0.0
  0
LINE
  5
C94
330
231
100
AcDbEntity
  8
0
  6
Continuous
 62
     7
100
AcDbLine
 10
214.0520120108019
 20
58.81491501843567
 30
0.0
 11
214.0520120108019
 21
59.09899534943566
 31
0.0
  0
LINE
  5
C95
330
231
100
AcDbEntity
  8
0
  6
Continuous
 62
     7
100
AcDbLine
 10
227.039967477562
 20
54.69303254593566
 30
0.0
 11
227.0006965731219
 21
54.57519589819563
 31
0.0
  0
LINE
  5
C96
330
231
100
AcDbEntity
  8
0
  6
Continuous
 62
     7
100
AcDbLine
 10
151.4220215763419
 20
-22.92491335578436
 30
0.0
 11
151.4770120124619
 21
-22.90658693320435
 31
0.0
  0
LINE
  5
C97
330
231
100
AcDbEntity
  8
0
  6
Continuous
 62
     7
100
AcDbLine
 10
142.8020120117219
 20
43.56304211101565
 30
0.0
 11
142.2020120103019
 21
43.56304211101565
 31
0.0
  0
LINE
  5
C98
330
231
100
AcDbEntity
  8
0
  6
Continuous
 62
     7
100
AcDbLine
 10
145.0557018807619
 20
43.56304211101565
 30
0.0
 11
145.227012010582
 21
43.56304211101565
 31
0.0
  0
LINE
  5
C99
330
231
100
AcDbEntity
  8
0
  6
Continuous
 62
     7
100
AcDbLine
 10
145.102012011662
 20
44.06304210923565
 30
0.0
 11
145.227012010582
 21
44.06304210923565
 31
0.0
  0
LINE
  5
C9A
102
{ACAD_REACTORS
330
135B
102
}
330
231
100
AcDbEntity
  8
0
  6
Continuous
 62
     7
100
AcDbLine
 10
173.5620120105219
 20
45.56304210897565
 30
0.0
 11
197.5620120114419
 21
45.56304210897565
 31
0.0
  0
LINE
  5
C9B
330
231
100
AcDbEntity
  8
0
  6
Continuous
 62
     7
100
AcDbLine
 10
179.5589086019218
 20
45.70395295237562
 30
0.0
 11
191.558908602382
 21
45.70395505041562
 31
0.0
  0
LINE
  5
C9C
330
231
100
AcDbEntity
  8
0
  6
Continuous
 62
     7
100
AcDbLine
 10
178.433908558302
 20
45.95395299593564
 30
0.0
 11
178.683908558682
 21
45.95395304165566
 31
0.0
  0
LINE
  5
C9D
330
231
100
AcDbEntity
  8
0
  6
Continuous
 62
     7
100
AcDbLine
 10
192.4339085592619
 20
45.95395544449567
 30
0.0
 11
192.6839085596419
 21
45.95395548767564
 31
0.0
  0
LINE
  5
C9E
330
231
100
AcDbEntity
  8
0
  6
Continuous
 62
     7
100
AcDbLine
 10
172.356150716382
 20
45.98895422895568
 30
0.0
 11
172.6859565439418
 21
45.98895428737563
 31
0.0
  0
LINE
  5
C9F
330
231
100
AcDbEntity
  8
0
  6
Continuous
 62
     7
100
AcDbLine
 10
172.5859565356619
 20
46.03895426865565
 30
0.0
 11
172.635956534722
 21
46.03895427881565
 31
0.0
  0
LINE
  5
CA0
330
231
100
AcDbEntity
  8
0
  6
Continuous
 62
     7
100
AcDbLine
 10
172.2573791460819
 20
46.08423614405566
 30
0.0
 11
172.3593022239219
 21
46.08423616183563
 31
0.0
  0
LINE
  5
CA1
330
231
100
AcDbEntity
  8
0
  6
Continuous
 62
     7
100
AcDbLine
 10
172.5343022244419
 20
46.08423619231561
 30
0.0
 11
172.5477637621619
 21
46.08423619485563
 31
0.0
  0
LINE
  5
CA2
330
231
100
AcDbEntity
  8
0
  6
Continuous
 62
     7
100
AcDbLine
 10
172.359302221382
 20
46.09962077673563
 30
0.0
 11
172.2895005372619
 21
46.09962076403564
 31
0.0
  0
LINE
  5
CA3
330
231
100
AcDbEntity
  8
0
  6
Continuous
 62
     7
100
AcDbLine
 10
192.6839085291619
 20
46.12691274145563
 30
0.0
 11
192.433908528782
 21
46.12691269827564
 31
0.0
  0
LINE
  5
CA4
330
231
100
AcDbEntity
  8
0
  6
Continuous
 62
     7
100
AcDbLine
 10
178.683908528202
 20
46.12691029543566
 30
0.0
 11
178.4339085278219
 21
46.12691024971567
 31
0.0
  0
LINE
  5
CA5
330
231
100
AcDbEntity
  8
0
  6
Continuous
 62
     7
100
AcDbLine
 10
172.2631483598419
 20
46.18808229907566
 30
0.0
 11
172.276609897562
 21
46.18808230161564
 31
0.0
  0
LINE
  5
CA6
330
231
100
AcDbEntity
  8
0
  6
Continuous
 62
     7
100
AcDbLine
 10
172.5112252754219
 20
46.21885157205565
 30
0.0
 11
172.534302199042
 21
46.21885157713563
 31
0.0
  0
LINE
  5
CA7
330
231
100
AcDbEntity
  8
0
  6
Continuous
 62
     7
100
AcDbLine
 10
172.5477637342219
 20
46.23423619457565
 30
0.0
 11
172.520029359922
 21
46.23423618949567
 31
0.0
  0
LINE
  5
CA8
330
231
100
AcDbEntity
  8
0
  6
Continuous
 62
     7
100
AcDbLine
 10
172.6359564940819
 20
46.26895427855567
 30
0.0
 11
172.5859564950219
 21
46.26895426839564
 31
0.0
  0
LINE
  5
CA9
330
231
100
AcDbEntity
  8
0
  6
Continuous
 62
     7
100
AcDbLine
 10
172.105956494902
 20
46.26895418457567
 30
0.0
 11
172.055956493302
 21
46.26895417695567
 31
0.0
  0
LINE
  5
CAA
330
231
100
AcDbEntity
  8
0
  6
Continuous
 62
     7
100
AcDbLine
 10
172.0059564866219
 20
46.31895416839563
 30
0.0
 11
172.6859564855219
 21
46.31895428777565
 31
0.0
  0
LINE
  5
CAB
330
231
100
AcDbEntity
  8
0
  6
Continuous
 62
     7
100
AcDbLine
 10
175.258908436382
 20
46.65395225379564
 30
0.0
 11
179.0104256806019
 21
46.65395290911564
 31
0.0
  0
LINE
  5
CAC
330
231
100
AcDbEntity
  8
0
  6
Continuous
 62
     7
100
AcDbLine
 10
192.1073911935019
 20
46.65395519765564
 30
0.0
 11
195.858908437722
 21
46.65395585551564
 31
0.0
  0
LINE
  5
CAD
330
231
100
AcDbEntity
  8
0
  6
Continuous
 62
     7
100
AcDbLine
 10
174.5589084190619
 20
46.75395207919564
 30
0.0
 11
178.9526906373219
 21
46.75395284627566
 31
0.0
  0
LINE
  5
CAE
330
231
100
AcDbEntity
  8
0
  6
Continuous
 62
     7
100
AcDbLine
 10
192.165126201222
 20
46.75395515767568
 30
0.0
 11
196.558908419482
 21
46.75395592475564
 31
0.0
  0
LINE
  5
CAF
330
231
100
AcDbEntity
  8
0
  6
Continuous
 62
     7
100
AcDbLine
 10
172.0061396333219
 20
46.78912512543567
 30
0.0
 11
172.6861396347619
 21
46.78912518385561
 31
0.0
  0
LINE
  5
CB0
330
231
100
AcDbEntity
  8
0
  6
Continuous
 62
     7
100
AcDbLine
 10
172.0561396298419
 20
46.83912512957564
 30
0.0
 11
172.106139628902
 21
46.83912513211564
 31
0.0
  0
LINE
  5
CB1
330
231
100
AcDbEntity
  8
0
  6
Continuous
 62
     7
100
AcDbLine
 10
172.586139629022
 20
46.83912517529563
 30
0.0
 11
172.636139630622
 21
46.83912518037565
 31
0.0
  0
LINE
  5
CB2
330
231
100
AcDbEntity
  8
0
  6
Continuous
 62
     7
100
AcDbLine
 10
172.1443323922418
 20
46.87384320593565
 30
0.0
 11
172.172066766542
 21
46.87384320847565
 31
0.0
  0
LINE
  5
CB3
330
231
100
AcDbEntity
  8
0
  6
Continuous
 62
     7
100
AcDbLine
 10
172.1808708510419
 20
46.88922782337562
 30
0.0
 11
172.1577939299619
 21
46.88922782083563
 31
0.0
  0
LINE
  5
CB4
330
231
100
AcDbEntity
  8
0
  6
Continuous
 62
     7
100
AcDbLine
 10
172.428947771702
 20
46.91999707603565
 30
0.0
 11
172.415486233982
 21
46.91999707603565
 31
0.0
  0
LINE
  5
CB5
330
231
100
AcDbEntity
  8
0
  6
Continuous
 62
     7
100
AcDbLine
 10
172.332793917782
 20
47.00845860599568
 30
0.0
 11
172.402595601902
 21
47.00845861361563
 31
0.0
  0
LINE
  5
CB6
330
231
100
AcDbEntity
  8
0
  6
Continuous
 62
     7
100
AcDbLine
 10
172.4347169930819
 20
47.02384323105564
 30
0.0
 11
172.332793917782
 21
47.02384322089566
 31
0.0
  0
LINE
  5
CB7
330
231
100
AcDbEntity
  8
0
  6
Continuous
 62
     7
100
AcDbLine
 10
172.1577939172618
 20
47.02384320565565
 30
0.0
 11
172.144332379542
 21
47.02384320565565
 31
0.0
  0
LINE
  5
CB8
330
231
100
AcDbEntity
  8
0
  6
Continuous
 62
     7
100
AcDbLine
 10
172.6361396103019
 20
47.06912518011566
 30
0.0
 11
172.5861396087019
 21
47.06912517503565
 31
0.0
  0
LINE
  5
CB9
330
231
100
AcDbEntity
  8
0
  6
Continuous
 62
     7
100
AcDbLine
 10
172.106139611122
 20
47.06912513439561
 30
0.0
 11
172.0561396095219
 21
47.06912512931566
 31
0.0
  0
LINE
  5
CBA
330
231
100
AcDbEntity
  8
0
  6
Continuous
 62
     7
100
AcDbLine
 10
172.0061396053819
 20
47.11912512583563
 30
0.0
 11
172.6861396042819
 21
47.11912518425563
 31
0.0
  0
LINE
  5
CBB
330
231
100
AcDbEntity
  8
0
  6
Continuous
 62
     7
100
AcDbLine
 10
151.4220215763419
 20
59.05099757649566
 30
0.0
 11
151.539858224082
 21
59.01172667205566
 31
0.0
  0
LINE
  5
CBC
330
231
100
AcDbEntity
  8
0
  6
Continuous
 62
     7
100
AcDbLine
 10
193.9589081915019
 20
48.05395547105567
 30
0.0
 11
193.7589081571618
 21
48.25395544443563
 31
0.0
  0
LINE
  5
CBD
330
231
100
AcDbEntity
  8
0
  6
Continuous
 62
     7
100
AcDbLine
 10
227.039967477562
 20
-18.56694832522436
 30
0.0
 11
227.0006965731219
 21
-18.44911167748432
 31
0.0
  0
LINE
  5
CBE
330
231
100
AcDbEntity
  8
0
  6
Continuous
 62
     7
100
AcDbLine
 10
220.2021601956219
 20
55.06485592217567
 30
0.0
 11
220.2020861470018
 21
55.06304946655567
 31
0.0
  0
LINE
  5
CBF
330
231
100
AcDbEntity
  8
0
  6
Continuous
 62
     7
100
AcDbLine
 10
227.048402091122
 20
31.61656825699566
 30
0.0
 11
227.0006965731219
 21
31.52114995405569
 31
0.0
  0
LINE
  5
CC0
330
231
100
AcDbEntity
  8
0
  6
Continuous
 62
     7
100
AcDbLine
 10
172.552012011222
 20
47.46304211135563
 30
0.0
 11
173.5520120127419
 21
47.46304211135563
 31
0.0
  0
LINE
  5
CC1
330
231
100
AcDbEntity
  8
0
  6
Continuous
 62
     7
100
AcDbLine
 10
172.0059565425018
 20
47.58899079011567
 30
0.0
 11
172.552012011222
 21
47.58899088409566
 31
0.0
  0
LINE
  5
CC2
330
231
100
AcDbEntity
  8
0
  6
Continuous
 62
     7
100
AcDbLine
 10
172.055956533942
 20
47.63899079679563
 30
0.0
 11
172.1059565355419
 21
47.63899080695568
 31
0.0
  0
LINE
  5
CC3
330
231
100
AcDbEntity
  8
0
  6
Continuous
 62
     7
100
AcDbLine
 10
172.2573791460819
 20
47.68427276363564
 30
0.0
 11
172.3593022239219
 21
47.68427278141564
 31
0.0
  0
LINE
  5
CC4
330
231
100
AcDbEntity
  8
0
  6
Continuous
 62
     7
100
AcDbLine
 10
172.5343022244419
 20
47.68427281189565
 30
0.0
 11
172.5477637621619
 21
47.68427281443564
 31
0.0
  0
LINE
  5
CC5
330
231
100
AcDbEntity
  8
0
  6
Continuous
 62
     7
100
AcDbLine
 10
172.359302221382
 20
47.69965739631561
 30
0.0
 11
172.2895005372619
 21
47.69965738615567
 31
0.0
  0
LINE
  5
CC6
330
231
100
AcDbEntity
  8
0
  6
Continuous
 62
     7
100
AcDbLine
 10
172.2631483598419
 20
47.78811891865564
 30
0.0
 11
172.276609897562
 21
47.78811892119563
 31
0.0
  0
LINE
  5
CC7
330
231
100
AcDbEntity
  8
0
  6
Continuous
 62
     7
100
AcDbLine
 10
172.5112252754219
 20
47.81888819417562
 30
0.0
 11
172.534302199042
 21
47.81888819671564
 31
0.0
  0
LINE
  5
CC8
330
231
100
AcDbEntity
  8
0
  6
Continuous
 62
     7
100
AcDbLine
 10
172.5477637342219
 20
47.83427281415566
 30
0.0
 11
172.520029359922
 21
47.83427280907566
 31
0.0
  0
LINE
  5
CC9
330
231
100
AcDbEntity
  8
0
  6
Continuous
 62
     7
100
AcDbLine
 10
172.105956494902
 20
47.86899080669565
 30
0.0
 11
172.055956493302
 21
47.86899079907565
 31
0.0
  0
LINE
  5
CCA
330
231
100
AcDbEntity
  8
0
  6
Continuous
 62
     7
100
AcDbLine
 10
172.0059564866219
 20
47.91899078797567
 30
0.0
 11
172.552012011222
 21
47.91899088449568
 31
0.0
  0
LINE
  5
CCB
330
231
100
AcDbEntity
  8
0
  6
Continuous
 62
     7
100
AcDbLine
 10
177.158908192382
 20
48.05395253227567
 30
0.0
 11
193.9589081915019
 21
48.05395547105567
 31
0.0
  0
LINE
  5
CCC
330
231
100
AcDbEntity
  8
0
  6
Continuous
 62
     7
100
AcDbLine
 10
177.3589081581419
 20
48.25395257677564
 30
0.0
 11
193.7589081571618
 21
48.25395544443563
 31
0.0
  0
LINE
  5
CCD
330
231
100
AcDbEntity
  8
0
  6
Continuous
 62
     7
100
AcDbLine
 10
172.0059565425018
 20
48.38897858307567
 30
0.0
 11
172.552012011222
 21
48.38897867705566
 31
0.0
  0
LINE
  5
CCE
330
231
100
AcDbEntity
  8
0
  6
Continuous
 62
     7
100
AcDbLine
 10
172.055956533942
 20
48.43897858975563
 30
0.0
 11
172.1059565355419
 21
48.43897859991563
 31
0.0
  0
LINE
  5
CCF
330
231
100
AcDbEntity
  8
0
  6
Continuous
 62
     7
100
AcDbLine
 10
178.4339081214219
 20
48.45222060797564
 30
0.0
 11
178.683908121802
 21
48.45222065115564
 31
0.0
  0
LINE
  5
CD0
330
231
100
AcDbEntity
  8
0
  6
Continuous
 62
     7
100
AcDbLine
 10
179.4339081229419
 20
48.45222078069565
 30
0.0
 11
179.6839081233219
 21
48.45222082641561
 31
0.0
  0
LINE
  5
CD1
330
231
100
AcDbEntity
  8
0
  6
Continuous
 62
     7
100
AcDbLine
 10
180.4339081219219
 20
48.45222095595568
 30
0.0
 11
180.683908122302
 21
48.45222099913562
 31
0.0
  0
LINE
  5
CD2
330
231
100
AcDbEntity
  8
0
  6
Continuous
 62
     7
100
AcDbLine
 10
181.4339081234419
 20
48.45222113121565
 30
0.0
 11
181.683908121282
 21
48.45222117439565
 31
0.0
  0
LINE
  5
CD3
330
231
100
AcDbEntity
  8
0
  6
Continuous
 62
     7
100
AcDbLine
 10
182.4339081224219
 20
48.45222130647565
 30
0.0
 11
182.683908122802
 21
48.45222134965567
 31
0.0
  0
LINE
  5
CD4
330
231
100
AcDbEntity
  8
0
  6
Continuous
 62
     7
100
AcDbLine
 10
183.4339081214019
 20
48.45222148173562
 30
0.0
 11
183.6839081217819
 21
48.45222152491564
 31
0.0
  0
LINE
  5
CD5
330
231
100
AcDbEntity
  8
0
  6
Continuous
 62
     7
100
AcDbLine
 10
184.4339081229219
 20
48.45222165699564
 30
0.0
 11
184.683908123302
 21
48.45222170017564
 31
0.0
  0
LINE
  5
CD6
330
231
100
AcDbEntity
  8
0
  6
Continuous
 62
     7
100
AcDbLine
 10
185.433908121902
 20
48.45222182971565
 30
0.0
 11
185.683908122282
 21
48.45222187543567
 31
0.0
  0
LINE
  5
CD7
330
231
100
AcDbEntity
  8
0
  6
Continuous
 62
     7
100
AcDbLine
 10
186.4339081234219
 20
48.45222200497568
 30
0.0
 11
186.6839081212619
 21
48.45222204815562
 31
0.0
  0
LINE
  5
CD8
330
231
100
AcDbEntity
  8
0
  6
Continuous
 62
     7
100
AcDbLine
 10
187.433908122402
 20
48.45222218023565
 30
0.0
 11
187.683908122782
 21
48.45222222341565
 31
0.0
  0
LINE
  5
CD9
330
231
100
AcDbEntity
  8
0
  6
Continuous
 62
     7
100
AcDbLine
 10
188.433908121382
 20
48.45222235549565
 30
0.0
 11
188.683908121762
 21
48.45222239867564
 31
0.0
  0
LINE
  5
CDA
330
231
100
AcDbEntity
  8
0
  6
Continuous
 62
     7
100
AcDbLine
 10
189.433908122902
 20
48.45222253075561
 30
0.0
 11
189.6839081232819
 21
48.45222257393567
 31
0.0
  0
LINE
  5
CDB
330
231
100
AcDbEntity
  8
0
  6
Continuous
 62
     7
100
AcDbLine
 10
190.433908121882
 20
48.45222270601564
 30
0.0
 11
190.683908122262
 21
48.45222274919564
 31
0.0
  0
LINE
  5
CDC
330
231
100
AcDbEntity
  8
0
  6
Continuous
 62
     7
100
AcDbLine
 10
191.433908123402
 20
48.45222287873565
 30
0.0
 11
191.683908121242
 21
48.45222292445567
 31
0.0
  0
LINE
  5
CDD
330
231
100
AcDbEntity
  8
0
  6
Continuous
 62
     7
100
AcDbLine
 10
192.433908122382
 20
48.45222305399568
 30
0.0
 11
192.6839081227619
 21
48.45222309717567
 31
0.0
  0
LINE
  5
CDE
330
231
100
AcDbEntity
  8
0
  6
Continuous
 62
     7
100
AcDbLine
 10
172.2573791460819
 20
48.48426055659564
 30
0.0
 11
172.3593022239219
 21
48.48426057437563
 31
0.0
  0
LINE
  5
CDF
330
231
100
AcDbEntity
  8
0
  6
Continuous
 62
     7
100
AcDbLine
 10
172.5343022244419
 20
48.48426060485564
 30
0.0
 11
172.5477637621619
 21
48.48426060739564
 31
0.0
  0
LINE
  5
CE0
330
231
100
AcDbEntity
  8
0
  6
Continuous
 62
     7
100
AcDbLine
 10
192.683908115142
 20
48.48843763993565
 30
0.0
 11
192.433908117302
 21
48.48843759675563
 31
0.0
  0
LINE
  5
CE1
330
231
100
AcDbEntity
  8
0
  6
Continuous
 62
     7
100
AcDbLine
 10
191.6839081161619
 20
48.48843746467562
 30
0.0
 11
191.4339081157819
 21
48.48843742149566
 31
0.0
  0
LINE
  5
CE2
330
231
100
AcDbEntity
  8
0
  6
Continuous
 62
     7
100
AcDbLine
 10
190.683908117182
 20
48.48843728941563
 30
0.0
 11
190.433908116802
 21
48.48843724623566
 31
0.0
  0
LINE
  5
CE3
330
231
100
AcDbEntity
  8
0
  6
Continuous
 62
     7
100
AcDbLine
 10
189.6839081156619
 20
48.48843711669565
 30
0.0
 11
189.4339081152819
 21
48.48843707097564
 31
0.0
  0
LINE
  5
CE4
330
231
100
AcDbEntity
  8
0
  6
Continuous
 62
     7
100
AcDbLine
 10
188.6839081166819
 20
48.48843694143567
 30
0.0
 11
188.4339081163019
 21
48.48843689825563
 31
0.0
  0
LINE
  5
CE5
330
231
100
AcDbEntity
  8
0
  6
Continuous
 62
     7
100
AcDbLine
 10
187.6839081151619
 20
48.48843676617565
 30
0.0
 11
187.4339081173219
 21
48.48843672299565
 31
0.0
  0
LINE
  5
CE6
330
231
100
AcDbEntity
  8
0
  6
Continuous
 62
     7
100
AcDbLine
 10
186.6839081161819
 20
48.48843659091565
 30
0.0
 11
186.4339081158019
 21
48.48843654773566
 31
0.0
  0
LINE
  5
CE7
330
231
100
AcDbEntity
  8
0
  6
Continuous
 62
     7
100
AcDbLine
 10
185.6839081172019
 20
48.48843641565562
 30
0.0
 11
185.4339081168219
 21
48.48843637247568
 31
0.0
  0
LINE
  5
CE8
330
231
100
AcDbEntity
  8
0
  6
Continuous
 62
     7
100
AcDbLine
 10
184.6839081156819
 20
48.48843624039563
 30
0.0
 11
184.4339081153019
 21
48.48843619721566
 31
0.0
  0
LINE
  5
CE9
330
231
100
AcDbEntity
  8
0
  6
Continuous
 62
     7
100
AcDbLine
 10
183.6839081167019
 20
48.48843606767565
 30
0.0
 11
183.4339081163219
 21
48.48843602195564
 31
0.0
  0
LINE
  5
CEA
330
231
100
AcDbEntity
  8
0
  6
Continuous
 62
     7
100
AcDbLine
 10
182.6839081151819
 20
48.48843589241565
 30
0.0
 11
182.4339081173419
 21
48.48843584923563
 31
0.0
  0
LINE
  5
CEB
330
231
100
AcDbEntity
  8
0
  6
Continuous
 62
     7
100
AcDbLine
 10
181.683908116202
 20
48.48843571715568
 30
0.0
 11
181.4339081158218
 21
48.48843567397565
 31
0.0
  0
LINE
  5
CEC
330
231
100
AcDbEntity
  8
0
  6
Continuous
 62
     7
100
AcDbLine
 10
180.683908117222
 20
48.48843554189565
 30
0.0
 11
180.4339081168419
 21
48.48843549871566
 31
0.0
  0
LINE
  5
CED
330
231
100
AcDbEntity
  8
0
  6
Continuous
 62
     7
100
AcDbLine
 10
179.683908115702
 20
48.48843536663562
 30
0.0
 11
179.4339081153218
 21
48.48843532345568
 31
0.0
  0
LINE
  5
CEE
330
231
100
AcDbEntity
  8
0
  6
Continuous
 62
     7
100
AcDbLine
 10
178.683908116722
 20
48.48843519137563
 30
0.0
 11
178.4339081163418
 21
48.48843514819566
 31
0.0
  0
LINE
  5
CEF
330
231
100
AcDbEntity
  8
0
  6
Continuous
 62
     7
100
AcDbLine
 10
178.4339081138021
 20
48.49637190651563
 30
0.0
 11
178.6839081141819
 21
48.49637194969566
 31
0.0
  0
LINE
  5
CF0
330
231
100
AcDbEntity
  8
0
  6
Continuous
 62
     7
100
AcDbLine
 10
179.4339081153218
 20
48.49637207923567
 30
0.0
 11
179.683908115702
 21
48.49637212495565
 31
0.0
  0
LINE
  5
CF1
330
231
100
AcDbEntity
  8
0
  6
Continuous
 62
     7
100
AcDbLine
 10
180.4339081143019
 20
48.49637225449566
 30
0.0
 11
180.683908114682
 21
48.49637229767563
 31
0.0
  0
LINE
  5
CF2
330
231
100
AcDbEntity
  8
0
  6
Continuous
 62
     7
100
AcDbLine
 10
181.4339081158218
 20
48.49637242975564
 30
0.0
 11
181.6839081136619
 21
48.49637247293563
 31
0.0
  0
LINE
  5
CF3
330
231
100
AcDbEntity
  8
0
  6
Continuous
 62
     7
100
AcDbLine
 10
182.433908114802
 20
48.49637260501566
 30
0.0
 11
182.6839081151819
 21
48.49637264819566
 31
0.0
  0
LINE
  5
CF4
330
231
100
AcDbEntity
  8
0
  6
Continuous
 62
     7
100
AcDbLine
 10
183.4339081137819
 20
48.49637278027564
 30
0.0
 11
183.6839081141619
 21
48.49637282345568
 31
0.0
  0
LINE
  5
CF5
330
231
100
AcDbEntity
  8
0
  6
Continuous
 62
     7
100
AcDbLine
 10
184.4339081153019
 20
48.49637295553563
 30
0.0
 11
184.6839081156819
 21
48.49637299871566
 31
0.0
  0
LINE
  5
CF6
330
231
100
AcDbEntity
  8
0
  6
Continuous
 62
     7
100
AcDbLine
 10
185.4339081142819
 20
48.49637312825564
 30
0.0
 11
185.6839081146619
 21
48.49637317397565
 31
0.0
  0
LINE
  5
CF7
330
231
100
AcDbEntity
  8
0
  6
Continuous
 62
     7
100
AcDbLine
 10
186.4339081158019
 20
48.49637330351566
 30
0.0
 11
186.683908113642
 21
48.49637334669563
 31
0.0
  0
LINE
  5
CF8
330
231
100
AcDbEntity
  8
0
  6
Continuous
 62
     7
100
AcDbLine
 10
187.4339081147819
 20
48.49637347877564
 30
0.0
 11
187.6839081151619
 21
48.49637352195563
 31
0.0
  0
LINE
  5
CF9
330
231
100
AcDbEntity
  8
0
  6
Continuous
 62
     7
100
AcDbLine
 10
188.4339081137619
 20
48.49637365403566
 30
0.0
 11
188.683908114142
 21
48.49637369721566
 31
0.0
  0
LINE
  5
CFA
330
231
100
AcDbEntity
  8
0
  6
Continuous
 62
     7
100
AcDbLine
 10
189.4339081152819
 20
48.49637382929564
 30
0.0
 11
189.6839081156619
 21
48.49637387247565
 31
0.0
  0
LINE
  5
CFB
330
231
100
AcDbEntity
  8
0
  6
Continuous
 62
     7
100
AcDbLine
 10
190.4339081142619
 20
48.49637400455563
 30
0.0
 11
190.683908114642
 21
48.49637404773563
 31
0.0
  0
LINE
  5
CFC
330
231
100
AcDbEntity
  8
0
  6
Continuous
 62
     7
100
AcDbLine
 10
191.4339081157819
 20
48.49637417727564
 30
0.0
 11
191.683908113622
 21
48.49637422299565
 31
0.0
  0
LINE
  5
CFD
330
231
100
AcDbEntity
  8
0
  6
Continuous
 62
     7
100
AcDbLine
 10
192.4339081147619
 20
48.49637435253566
 30
0.0
 11
192.683908115142
 21
48.49637439571566
 31
0.0
  0
LINE
  5
CFE
330
231
100
AcDbEntity
  8
0
  6
Continuous
 62
     7
100
AcDbLine
 10
172.359302221382
 20
48.49964518927561
 30
0.0
 11
172.2895005372619
 21
48.49964517911567
 31
0.0
  0
LINE
  5
CFF
330
231
100
AcDbEntity
  8
0
  6
Continuous
 62
     7
100
AcDbLine
 10
192.6839081075219
 20
48.53440347637562
 30
0.0
 11
192.4339081071419
 21
48.53440343065566
 31
0.0
  0
LINE
  5
D00
330
231
100
AcDbEntity
  8
0
  6
Continuous
 62
     7
100
AcDbLine
 10
191.683908108542
 20
48.53440330111564
 30
0.0
 11
191.4339081081619
 21
48.53440325793565
 31
0.0
  0
LINE
  5
D01
330
231
100
AcDbEntity
  8
0
  6
Continuous
 62
     7
100
AcDbLine
 10
190.6839081070219
 20
48.53440312585565
 30
0.0
 11
190.4339081091819
 21
48.53440308267562
 31
0.0
  0
LINE
  5
D02
330
231
100
AcDbEntity
  8
0
  6
Continuous
 62
     7
100
AcDbLine
 10
189.6839081080419
 20
48.53440295059567
 30
0.0
 11
189.4339081076619
 21
48.53440290741563
 31
0.0
  0
LINE
  5
D03
330
231
100
AcDbEntity
  8
0
  6
Continuous
 62
     7
100
AcDbLine
 10
188.683908109062
 20
48.53440277533564
 30
0.0
 11
188.4339081086819
 21
48.53440273215565
 31
0.0
  0
LINE
  5
D04
330
231
100
AcDbEntity
  8
0
  6
Continuous
 62
     7
100
AcDbLine
 10
187.6839081075419
 20
48.53440260261564
 30
0.0
 11
187.4339081071618
 21
48.53440255689562
 31
0.0
  0
LINE
  5
D05
330
231
100
AcDbEntity
  8
0
  6
Continuous
 62
     7
100
AcDbLine
 10
186.6839081085619
 20
48.53440242735562
 30
0.0
 11
186.433908108182
 21
48.53440238163566
 31
0.0
  0
LINE
  5
D06
330
231
100
AcDbEntity
  8
0
  6
Continuous
 62
     7
100
AcDbLine
 10
185.6839081070419
 20
48.53440225209564
 30
0.0
 11
185.4339081092019
 21
48.53440220891565
 31
0.0
  0
LINE
  5
D07
330
231
100
AcDbEntity
  8
0
  6
Continuous
 62
     7
100
AcDbLine
 10
184.683908108062
 20
48.53440207683565
 30
0.0
 11
184.4339081076818
 21
48.53440203365562
 31
0.0
  0
LINE
  5
D08
330
231
100
AcDbEntity
  8
0
  6
Continuous
 62
     7
100
AcDbLine
 10
183.6839081090819
 20
48.53440190157567
 30
0.0
 11
183.433908108702
 21
48.53440185839563
 31
0.0
  0
LINE
  5
D09
330
231
100
AcDbEntity
  8
0
  6
Continuous
 62
     7
100
AcDbLine
 10
182.683908107562
 20
48.53440172631565
 30
0.0
 11
182.4339081071818
 21
48.53440168313565
 31
0.0
  0
LINE
  5
D0A
330
231
100
AcDbEntity
  8
0
  6
Continuous
 62
     7
100
AcDbLine
 10
181.6839081085819
 20
48.53440155105565
 30
0.0
 11
181.433908108202
 21
48.53440150787562
 31
0.0
  0
LINE
  5
D0B
330
231
100
AcDbEntity
  8
0
  6
Continuous
 62
     7
100
AcDbLine
 10
180.683908107062
 20
48.53440137833562
 30
0.0
 11
180.433908109222
 21
48.53440133261566
 31
0.0
  0
LINE
  5
D0C
330
231
100
AcDbEntity
  8
0
  6
Continuous
 62
     7
100
AcDbLine
 10
179.6839081080819
 20
48.53440120307564
 30
0.0
 11
179.433908107702
 21
48.53440115989565
 31
0.0
  0
LINE
  5
D0D
330
231
100
AcDbEntity
  8
0
  6
Continuous
 62
     7
100
AcDbLine
 10
178.6839081091019
 20
48.53440102781565
 30
0.0
 11
178.433908108722
 21
48.53440098463565
 31
0.0
  0
LINE
  5
D0E
330
231
100
AcDbEntity
  8
0
  6
Continuous
 62
     7
100
AcDbLine
 10
193.7589081012819
 20
48.57518790585564
 30
0.0
 11
193.5889081009219
 21
48.57518787537566
 31
0.0
  0
LINE
  5
D0F
330
231
100
AcDbEntity
  8
0
  6
Continuous
 62
     7
100
AcDbLine
 10
177.3589081022619
 20
48.57518503819566
 30
0.0
 11
177.5289081000819
 21
48.57518506867563
 31
0.0
  0
LINE
  5
D10
330
231
100
AcDbEntity
  8
0
  6
Continuous
 62
     7
100
AcDbLine
 10
172.2631483598419
 20
48.58810671161563
 30
0.0
 11
172.276609897562
 21
48.58810671415563
 31
0.0
  0
LINE
  5
D11
330
231
100
AcDbEntity
  8
0
  6
Continuous
 62
     7
100
AcDbLine
 10
172.5112252754219
 20
48.61887598713562
 30
0.0
 11
172.534302199042
 21
48.61887598967564
 31
0.0
  0
LINE
  5
D12
330
231
100
AcDbEntity
  8
0
  6
Continuous
 62
     7
100
AcDbLine
 10
172.5477637342219
 20
48.63426060711566
 30
0.0
 11
172.520029359922
 21
48.63426060203565
 31
0.0
  0
LINE
  5
D13
330
231
100
AcDbEntity
  8
0
  6
Continuous
 62
     7
100
AcDbLine
 10
172.105956494902
 20
48.66897859965565
 30
0.0
 11
172.055956493302
 21
48.66897859203564
 31
0.0
  0
LINE
  5
D14
330
231
100
AcDbEntity
  8
0
  6
Continuous
 62
     7
100
AcDbLine
 10
172.0059564866219
 20
48.71897858093567
 30
0.0
 11
172.552012011222
 21
48.71897867745568
 31
0.0
  0
LINE
  5
D15
330
231
100
AcDbEntity
  8
0
  6
Continuous
 62
     7
100
AcDbLine
 10
178.4339080630019
 20
48.79977821613568
 30
0.0
 11
178.6839080608418
 21
48.79977825931561
 31
0.0
  0
LINE
  5
D16
330
231
100
AcDbEntity
  8
0
  6
Continuous
 62
     7
100
AcDbLine
 10
179.433908061982
 20
48.79977839139565
 30
0.0
 11
179.683908062362
 21
48.79977843457564
 31
0.0
  0
LINE
  5
D17
330
231
100
AcDbEntity
  8
0
  6
Continuous
 62
     7
100
AcDbLine
 10
180.433908060962
 20
48.79977856665565
 30
0.0
 11
180.683908061342
 21
48.79977860983564
 31
0.0
  0
LINE
  5
D18
330
231
100
AcDbEntity
  8
0
  6
Continuous
 62
     7
100
AcDbLine
 10
181.433908062482
 20
48.79977874191562
 30
0.0
 11
181.683908062862
 21
48.79977878509567
 31
0.0
  0
LINE
  5
D19
330
231
100
AcDbEntity
  8
0
  6
Continuous
 62
     7
100
AcDbLine
 10
182.433908061462
 20
48.79977891463562
 30
0.0
 11
182.683908061842
 21
48.79977896035564
 31
0.0
  0
LINE
  5
D1A
330
231
100
AcDbEntity
  8
0
  6
Continuous
 62
     7
100
AcDbLine
 10
183.433908062982
 20
48.79977908989565
 30
0.0
 11
183.6839080608219
 21
48.79977913307564
 31
0.0
  0
LINE
  5
D1B
330
231
100
AcDbEntity
  8
0
  6
Continuous
 62
     7
100
AcDbLine
 10
184.433908061962
 20
48.79977926515564
 30
0.0
 11
184.683908062342
 21
48.79977930833561
 31
0.0
  0
LINE
  5
D1C
330
231
100
AcDbEntity
  8
0
  6
Continuous
 62
     7
100
AcDbLine
 10
185.433908060942
 20
48.79977944041562
 30
0.0
 11
185.683908061322
 21
48.79977948359564
 31
0.0
  0
LINE
  5
D1D
330
231
100
AcDbEntity
  8
0
  6
Continuous
 62
     7
100
AcDbLine
 10
186.433908062462
 20
48.79977961567565
 30
0.0
 11
186.6839080628419
 21
48.79977965885564
 31
0.0
  0
LINE
  5
D1E
330
231
100
AcDbEntity
  8
0
  6
Continuous
 62
     7
100
AcDbLine
 10
187.4339080614419
 20
48.79977979093567
 30
0.0
 11
187.683908061822
 21
48.79977983411567
 31
0.0
  0
LINE
  5
D1F
330
231
100
AcDbEntity
  8
0
  6
Continuous
 62
     7
100
AcDbLine
 10
188.4339080629619
 20
48.79977996365562
 30
0.0
 11
188.6839080608019
 21
48.79978000937564
 31
0.0
  0
LINE
  5
D20
330
231
100
AcDbEntity
  8
0
  6
Continuous
 62
     7
100
AcDbLine
 10
189.4339080619419
 20
48.79978013891565
 30
0.0
 11
189.6839080623218
 21
48.79978018209564
 31
0.0
  0
LINE
  5
D21
330
231
100
AcDbEntity
  8
0
  6
Continuous
 62
     7
100
AcDbLine
 10
190.4339080609219
 20
48.79978031417564
 30
0.0
 11
190.6839080613021
 21
48.79978035735561
 31
0.0
  0
LINE
  5
D22
330
231
100
AcDbEntity
  8
0
  6
Continuous
 62
     7
100
AcDbLine
 10
191.4339080624419
 20
48.79978048943567
 30
0.0
 11
191.6839080628218
 21
48.79978053261564
 31
0.0
  0
LINE
  5
D23
330
231
100
AcDbEntity
  8
0
  6
Continuous
 62
     7
100
AcDbLine
 10
192.4339080614219
 20
48.79978066469565
 30
0.0
 11
192.6839080618019
 21
48.79978070787564
 31
0.0
  0
LINE
  5
D24
330
231
100
AcDbEntity
  8
0
  6
Continuous
 62
     7
100
AcDbLine
 10
181.4339080497819
 20
48.87518575137566
 30
0.0
 11
180.683908048642
 21
48.87518561929565
 31
0.0
  0
LINE
  5
D25
330
231
100
AcDbEntity
  8
0
  6
Continuous
 62
     7
100
AcDbLine
 10
180.433908048262
 20
48.87518557611565
 30
0.0
 11
179.6839080496619
 21
48.87518544403568
 31
0.0
  0
LINE
  5
D26
330
231
100
AcDbEntity
  8
0
  6
Continuous
 62
     7
100
AcDbLine
 10
177.528908049282
 20
48.87518506811566
 30
0.0
 11
178.433908047762
 21
48.87518522559566
 31
0.0
  0
LINE
  5
D27
330
231
100
AcDbEntity
  8
0
  6
Continuous
 62
     7
100
AcDbLine
 10
178.6839080481419
 20
48.87518527131567
 30
0.0
 11
179.4339080492819
 21
48.87518540085562
 31
0.0
  0
LINE
  5
D28
330
231
100
AcDbEntity
  8
0
  6
Continuous
 62
     7
100
AcDbLine
 10
181.6839080476219
 20
48.87518579455565
 30
0.0
 11
182.4339080487619
 21
48.87518592663568
 31
0.0
  0
LINE
  5
D29
330
231
100
AcDbEntity
  8
0
  6
Continuous
 62
     7
100
AcDbLine
 10
182.683908049142
 20
48.87518596981561
 30
0.0
 11
183.433908047742
 21
48.87518610189565
 31
0.0
  0
LINE
  5
D2A
330
231
100
AcDbEntity
  8
0
  6
Continuous
 62
     7
100
AcDbLine
 10
183.683908048122
 20
48.87518614507564
 30
0.0
 11
184.4339080492619
 21
48.87518627461566
 31
0.0
  0
LINE
  5
D2B
330
231
100
AcDbEntity
  8
0
  6
Continuous
 62
     7
100
AcDbLine
 10
184.683908049642
 20
48.87518632033567
 30
0.0
 11
185.4339080482419
 21
48.87518644987562
 31
0.0
  0
LINE
  5
D2C
330
231
100
AcDbEntity
  8
0
  6
Continuous
 62
     7
100
AcDbLine
 10
185.683908048622
 20
48.87518649305568
 30
0.0
 11
186.4339080497619
 21
48.87518662513563
 31
0.0
  0
LINE
  5
D2D
330
231
100
AcDbEntity
  8
0
  6
Continuous
 62
     7
100
AcDbLine
 10
186.683908047602
 20
48.87518666831565
 30
0.0
 11
187.4339080487418
 21
48.87518680039566
 31
0.0
  0
LINE
  5
D2E
330
231
100
AcDbEntity
  8
0
  6
Continuous
 62
     7
100
AcDbLine
 10
187.683908049122
 20
48.87518684357565
 30
0.0
 11
188.433908047722
 21
48.87518697565568
 31
0.0
  0
LINE
  5
D2F
330
231
100
AcDbEntity
  8
0
  6
Continuous
 62
     7
100
AcDbLine
 10
188.683908048102
 20
48.87518701883561
 30
0.0
 11
189.4339080492418
 21
48.87518715091565
 31
0.0
  0
LINE
  5
D30
330
231
100
AcDbEntity
  8
0
  6
Continuous
 62
     7
100
AcDbLine
 10
189.683908049622
 20
48.87518719409564
 30
0.0
 11
190.433908048222
 21
48.87518732363566
 31
0.0
  0
LINE
  5
D31
330
231
100
AcDbEntity
  8
0
  6
Continuous
 62
     7
100
AcDbLine
 10
190.683908048602
 20
48.87518736935565
 30
0.0
 11
191.4339080497419
 21
48.87518749889562
 31
0.0
  0
LINE
  5
D32
330
231
100
AcDbEntity
  8
0
  6
Continuous
 62
     7
100
AcDbLine
 10
191.6839080475819
 20
48.87518754207568
 30
0.0
 11
192.4339080487219
 21
48.87518767415563
 31
0.0
  0
LINE
  5
D33
330
231
100
AcDbEntity
  8
0
  6
Continuous
 62
     7
100
AcDbLine
 10
192.6839080491019
 20
48.87518771733565
 30
0.0
 11
193.588908047582
 21
48.87518787735564
 31
0.0
  0
LINE
  5
D34
330
231
100
AcDbEntity
  8
0
  6
Continuous
 62
     7
100
AcDbLine
 10
192.683908046562
 20
48.89104598635563
 30
0.0
 11
192.4339080461819
 21
48.89104594317564
 31
0.0
  0
LINE
  5
D35
330
231
100
AcDbEntity
  8
0
  6
Continuous
 62
     7
100
AcDbLine
 10
191.683908045042
 20
48.89104581109567
 30
0.0
 11
191.4339080446618
 21
48.89104576791561
 31
0.0
  0
LINE
  5
D36
330
231
100
AcDbEntity
  8
0
  6
Continuous
 62
     7
100
AcDbLine
 10
190.683908046062
 20
48.89104563583567
 30
0.0
 11
190.4339080456819
 21
48.89104559265565
 31
0.0
  0
LINE
  5
D37
330
231
100
AcDbEntity
  8
0
  6
Continuous
 62
     7
100
AcDbLine
 10
189.683908044542
 20
48.89104546057564
 30
0.0
 11
189.4339080467019
 21
48.89104541739564
 31
0.0
  0
LINE
  5
D38
330
231
100
AcDbEntity
  8
0
  6
Continuous
 62
     7
100
AcDbLine
 10
188.683908045562
 20
48.89104528785563
 30
0.0
 11
188.4339080451818
 21
48.89104524213568
 31
0.0
  0
LINE
  5
D39
330
231
100
AcDbEntity
  8
0
  6
Continuous
 62
     7
100
AcDbLine
 10
187.6839080465819
 20
48.89104511259566
 30
0.0
 11
187.4339080462019
 21
48.89104506941567
 31
0.0
  0
LINE
  5
D3A
330
231
100
AcDbEntity
  8
0
  6
Continuous
 62
     7
100
AcDbLine
 10
186.683908045062
 20
48.89104493733563
 30
0.0
 11
186.433908044682
 21
48.89104489415564
 31
0.0
  0
LINE
  5
D3B
330
231
100
AcDbEntity
  8
0
  6
Continuous
 62
     7
100
AcDbLine
 10
185.6839080460819
 20
48.89104476207567
 30
0.0
 11
185.4339080457019
 21
48.89104471889561
 31
0.0
  0
LINE
  5
D3C
330
231
100
AcDbEntity
  8
0
  6
Continuous
 62
     7
100
AcDbLine
 10
184.683908044562
 20
48.89104458681567
 30
0.0
 11
184.4339080467219
 21
48.89104454363565
 31
0.0
  0
LINE
  5
D3D
330
231
100
AcDbEntity
  8
0
  6
Continuous
 62
     7
100
AcDbLine
 10
183.6839080455819
 20
48.89104441155564
 30
0.0
 11
183.433908045202
 21
48.89104436837564
 31
0.0
  0
LINE
  5
D3E
330
231
100
AcDbEntity
  8
0
  6
Continuous
 62
     7
100
AcDbLine
 10
182.6839080466019
 20
48.89104423883563
 30
0.0
 11
182.4339080462219
 21
48.89104419311568
 31
0.0
  0
LINE
  5
D3F
330
231
100
AcDbEntity
  8
0
  6
Continuous
 62
     7
100
AcDbLine
 10
181.6839080450819
 20
48.89104406357566
 30
0.0
 11
181.433908044702
 21
48.89104402039567
 31
0.0
  0
LINE
  5
D40
330
231
100
AcDbEntity
  8
0
  6
Continuous
 62
     7
100
AcDbLine
 10
180.6839080461019
 20
48.89104388831563
 30
0.0
 11
180.433908045722
 21
48.89104384513564
 31
0.0
  0
LINE
  5
D41
330
231
100
AcDbEntity
  8
0
  6
Continuous
 62
     7
100
AcDbLine
 10
179.6839080445819
 20
48.89104371305567
 30
0.0
 11
179.433908046742
 21
48.89104366987564
 31
0.0
  0
LINE
  5
D42
330
231
100
AcDbEntity
  8
0
  6
Continuous
 62
     7
100
AcDbLine
 10
178.6839080456019
 20
48.89104353779567
 30
0.0
 11
178.433908045222
 21
48.89104349461567
 31
0.0
  0
LINE
  5
D43
330
231
100
AcDbEntity
  8
0
  6
Continuous
 62
     7
100
AcDbLine
 10
192.683908041482
 20
48.90869828023562
 30
0.0
 11
192.4339080436419
 21
48.90869823705568
 31
0.0
  0
LINE
  5
D44
330
231
100
AcDbEntity
  8
0
  6
Continuous
 62
     7
100
AcDbLine
 10
191.6839080425019
 20
48.90869810497566
 30
0.0
 11
191.4339080421219
 21
48.90869806179566
 31
0.0
  0
LINE
  5
D45
330
231
100
AcDbEntity
  8
0
  6
Continuous
 62
     7
100
AcDbLine
 10
190.683908043522
 20
48.90869792971566
 30
0.0
 11
190.4339080431421
 21
48.90869788653564
 31
0.0
  0
LINE
  5
D46
330
231
100
AcDbEntity
  8
0
  6
Continuous
 62
     7
100
AcDbLine
 10
189.6839080420019
 20
48.90869775445569
 30
0.0
 11
189.433908041622
 21
48.90869771127563
 31
0.0
  0
LINE
  5
D47
330
231
100
AcDbEntity
  8
0
  6
Continuous
 62
     7
100
AcDbLine
 10
188.683908043022
 20
48.90869758173568
 30
0.0
 11
188.4339080426421
 21
48.90869753601567
 31
0.0
  0
LINE
  5
D48
330
231
100
AcDbEntity
  8
0
  6
Continuous
 62
     7
100
AcDbLine
 10
187.6839080415019
 20
48.90869740647565
 30
0.0
 11
187.4339080436618
 21
48.90869736329566
 31
0.0
  0
LINE
  5
D49
330
231
100
AcDbEntity
  8
0
  6
Continuous
 62
     7
100
AcDbLine
 10
186.6839080425219
 20
48.90869723121562
 30
0.0
 11
186.433908042142
 21
48.90869718803569
 31
0.0
  0
LINE
  5
D4A
330
231
100
AcDbEntity
  8
0
  6
Continuous
 62
     7
100
AcDbLine
 10
185.683908043542
 20
48.90869705595566
 30
0.0
 11
185.4339080431619
 21
48.90869701277566
 31
0.0
  0
LINE
  5
D4B
330
231
100
AcDbEntity
  8
0
  6
Continuous
 62
     7
100
AcDbLine
 10
184.6839080420219
 20
48.90869688069566
 30
0.0
 11
184.433908041642
 21
48.90869683751566
 31
0.0
  0
LINE
  5
D4C
330
231
100
AcDbEntity
  8
0
  6
Continuous
 62
     7
100
AcDbLine
 10
183.6839080430419
 20
48.90869670543569
 30
0.0
 11
183.433908042662
 21
48.90869666225563
 31
0.0
  0
LINE
  5
D4D
330
231
100
AcDbEntity
  8
0
  6
Continuous
 62
     7
100
AcDbLine
 10
182.6839080415219
 20
48.90869653271562
 30
0.0
 11
182.433908043682
 21
48.90869648699567
 31
0.0
  0
LINE
  5
D4E
330
231
100
AcDbEntity
  8
0
  6
Continuous
 62
     7
100
AcDbLine
 10
181.6839080425419
 20
48.90869635745565
 30
0.0
 11
181.4339080421619
 21
48.90869631427566
 31
0.0
  0
LINE
  5
D4F
330
231
100
AcDbEntity
  8
0
  6
Continuous
 62
     7
100
AcDbLine
 10
180.6839080435619
 20
48.90869618219565
 30
0.0
 11
180.433908043182
 21
48.90869613901563
 31
0.0
  0
LINE
  5
D50
330
231
100
AcDbEntity
  8
0
  6
Continuous
 62
     7
100
AcDbLine
 10
179.6839080420419
 20
48.90869600693569
 30
0.0
 11
179.4339080416619
 21
48.90869596375563
 31
0.0
  0
LINE
  5
D51
330
231
100
AcDbEntity
  8
0
  6
Continuous
 62
     7
100
AcDbLine
 10
178.6839080430619
 20
48.90869583167566
 30
0.0
 11
178.433908042682
 21
48.90869578849566
 31
0.0
  0
LINE
  5
D52
330
231
100
AcDbEntity
  8
0
  6
Continuous
 62
     7
100
AcDbLine
 10
193.588908029802
 20
48.97848375915564
 30
0.0
 11
177.5289080315019
 21
48.97848095245567
 31
0.0
  0
LINE
  5
D53
330
231
100
AcDbEntity
  8
0
  6
Continuous
 62
     7
100
AcDbLine
 10
193.5889080171019
 20
49.05395541415566
 30
0.0
 11
177.528908016262
 21
49.05395260491565
 31
0.0
  0
LINE
  5
D54
330
231
100
AcDbEntity
  8
0
  6
Continuous
 62
     7
100
AcDbLine
 10
172.077740056542
 20
49.20174949499565
 30
0.0
 11
172.552012011222
 21
49.20174957627565
 31
0.0
  0
LINE
  5
D55
330
231
100
AcDbEntity
  8
0
  6
Continuous
 62
     7
100
AcDbLine
 10
172.552012011222
 20
49.23222957627562
 30
0.0
 11
172.047260051462
 21
49.23222948991562
 31
0.0
  0
LINE
  5
D56
330
231
100
AcDbEntity
  8
0
  6
Continuous
 62
     7
100
AcDbLine
 10
172.268682491522
 20
49.30538152547564
 30
0.0
 11
172.345767394502
 21
49.30538154071564
 31
0.0
  0
LINE
  5
D57
330
231
100
AcDbEntity
  8
0
  6
Continuous
 62
     7
100
AcDbLine
 10
172.4889250711019
 20
49.30538156357565
 30
0.0
 11
172.5408393945018
 21
49.30538157373565
 31
0.0
  0
LINE
  5
D58
330
231
100
AcDbEntity
  8
0
  6
Continuous
 62
     7
100
AcDbLine
 10
172.5062298421819
 20
49.32268634227563
 30
0.0
 11
172.488925068562
 21
49.32268633973563
 31
0.0
  0
LINE
  5
D59
330
231
100
AcDbEntity
  8
0
  6
Continuous
 62
     7
100
AcDbLine
 10
172.540839389422
 20
49.32268634735564
 30
0.0
 11
172.523534615802
 21
49.32268634481565
 31
0.0
  0
LINE
  5
D5A
330
231
100
AcDbEntity
  8
0
  6
Continuous
 62
     7
100
AcDbLine
 10
172.331608939202
 20
49.32268631179562
 30
0.0
 11
172.2954262302619
 21
49.32268630417564
 31
0.0
  0
LINE
  5
D5B
330
231
100
AcDbEntity
  8
0
  6
Continuous
 62
     7
100
AcDbLine
 10
172.0472600082819
 20
49.47606948991563
 30
0.0
 11
172.552012011222
 21
49.47606957627565
 31
0.0
  0
LINE
  5
D5C
330
231
100
AcDbEntity
  8
0
  6
Continuous
 62
     7
100
AcDbLine
 10
172.552012011222
 20
49.50654957627566
 30
0.0
 11
172.0777400032019
 21
49.50654949499565
 31
0.0
  0
LINE
  5
D5D
330
231
100
AcDbEntity
  8
0
  6
Continuous
 62
     7
100
AcDbLine
 10
196.558907921642
 20
49.60395592451565
 30
0.0
 11
193.9589079222619
 21
49.60395546985563
 31
0.0
  0
LINE
  5
D5E
330
231
100
AcDbEntity
  8
0
  6
Continuous
 62
     7
100
AcDbLine
 10
177.1589079206019
 20
49.60395253361568
 30
0.0
 11
174.558907921222
 21
49.60395207895567
 31
0.0
  0
LINE
  5
D5F
330
231
100
AcDbEntity
  8
0
  6
Continuous
 62
     7
100
AcDbLine
 10
175.258907913142
 20
49.65395225327566
 30
0.0
 11
195.858907911942
 21
49.65395585499564
 31
0.0
  0
LINE
  5
D60
330
231
100
AcDbEntity
  8
0
  6
Continuous
 62
     7
100
AcDbLine
 10
172.1826404080819
 20
50.00399084707566
 30
0.0
 11
172.651937981042
 21
50.00399089025563
 31
0.0
  0
LINE
  5
D61
330
231
100
AcDbEntity
  8
0
  6
Continuous
 62
     7
100
AcDbLine
 10
172.651937981042
 20
50.02399088835563
 30
0.0
 11
172.208704917802
 21
50.02399085025564
 31
0.0
  0
LINE
  5
D62
330
231
100
AcDbEntity
  8
0
  6
Continuous
 62
     7
100
AcDbLine
 10
172.396382411382
 20
50.16771672739565
 30
0.0
 11
172.380808640142
 21
50.16771672739565
 31
0.0
  0
LINE
  5
D63
330
231
100
AcDbEntity
  8
0
  6
Continuous
 62
     7
100
AcDbLine
 10
197.5620120114419
 20
50.56304210895567
 30
0.0
 11
173.5620120105219
 21
50.56304210895567
 31
0.0
  0
LINE
  5
D64
330
231
100
AcDbEntity
  8
0
  6
Continuous
 62
     7
100
AcDbLine
 10
196.7589079559819
 20
49.40395596891562
 30
0.0
 11
196.558907921642
 21
49.60395592451565
 31
0.0
  0
LINE
  5
D65
330
231
100
AcDbEntity
  8
0
  6
Continuous
 62
     7
100
AcDbLine
 10
227.048402091122
 20
4.509515961175651
 30
0.0
 11
227.0006965731219
 21
4.604934266655646
 31
0.0
  0
LINE
  5
D66
330
231
100
AcDbEntity
  8
0
  6
Continuous
 62
     7
100
AcDbLine
 10
220.5641657987619
 20
58.88804211119566
 30
0.0
 11
220.5641657987619
 21
59.01172667205566
 31
0.0
  0
LINE
  5
D67
330
231
100
AcDbEntity
  8
0
  6
Continuous
 62
     7
100
AcDbLine
 10
220.627012010382
 20
-22.76195789048433
 30
0.0
 11
220.627012010382
 21
-22.90658693320435
 31
0.0
  0
LINE
  5
D68
330
231
100
AcDbEntity
  8
0
  6
Continuous
 62
     7
100
AcDbLine
 10
220.6820024465019
 20
-22.92491335578436
 30
0.0
 11
220.6820024465019
 21
-22.76195789048433
 31
0.0
  0
LINE
  5
D69
330
231
100
AcDbEntity
  8
0
  6
Continuous
 62
     7
100
AcDbLine
 10
220.6820024465019
 20
58.88804211119566
 30
0.0
 11
220.6820024465019
 21
59.05099757649566
 31
0.0
  0
LINE
  5
D6A
330
231
100
AcDbEntity
  8
0
  6
Continuous
 62
     7
100
AcDbLine
 10
221.422021576062
 20
59.05099757649566
 30
0.0
 11
221.422021576062
 21
58.88804211119566
 31
0.0
  0
LINE
  5
D6B
330
231
100
AcDbEntity
  8
0
  6
Continuous
 62
     7
100
AcDbLine
 10
221.422021576062
 20
-22.76195789048433
 30
0.0
 11
221.422021576062
 21
-22.92491335578436
 31
0.0
  0
LINE
  5
D6C
330
231
100
AcDbEntity
  8
0
  6
Continuous
 62
     7
100
AcDbLine
 10
221.4770120121819
 20
-22.76195789048433
 30
0.0
 11
221.4770120121819
 21
-22.90658693320435
 31
0.0
  0
LINE
  5
D6D
330
231
100
AcDbEntity
  8
0
  6
Continuous
 62
     7
100
AcDbLine
 10
221.5398582238019
 20
58.88804211119566
 30
0.0
 11
221.5398582238019
 21
59.01172667205566
 31
0.0
  0
LINE
  5
D6E
330
231
100
AcDbEntity
  8
0
  6
Continuous
 62
     7
100
AcDbLine
 10
220.2020863654419
 20
55.06485609489562
 30
0.0
 11
220.2020861470018
 21
55.06304946655567
 31
0.0
  0
LINE
  5
D6F
330
231
100
AcDbEntity
  8
0
  6
Continuous
 62
     7
100
AcDbLine
 10
220.2020863654419
 20
-18.93514390582433
 30
0.0
 11
220.2020861470018
 21
-18.93695053416436
 31
0.0
  0
LINE
  5
D70
330
231
100
AcDbEntity
  8
0
  6
Continuous
 62
     7
100
AcDbLine
 10
220.2021601956219
 20
-18.93514407854434
 30
0.0
 11
220.2020861470018
 21
-18.93695053416436
 31
0.0
  0
LINE
  5
D71
330
231
100
AcDbEntity
  8
0
  6
Continuous
 62
     7
100
AcDbLine
 10
172.4912110584019
 20
49.38349885463566
 30
0.0
 11
172.5062298294821
 21
49.38765298653564
 31
0.0
  0
LINE
  5
D72
330
231
100
AcDbEntity
  8
0
  6
Continuous
 62
     7
100
AcDbLine
 10
172.523534600562
 20
49.41078337715564
 30
0.0
 11
172.4869586031019
 21
49.40090195165564
 31
0.0
  0
LINE
  5
D73
330
231
100
AcDbEntity
  8
0
  6
Continuous
 62
     7
100
AcDbLine
 10
145.227012010582
 20
54.57519589819563
 30
0.0
 11
145.103327449722
 21
54.57519589819563
 31
0.0
  0
LINE
  5
D74
330
231
100
AcDbEntity
  8
0
  6
Continuous
 62
     7
100
AcDbLine
 10
226.877012012262
 20
54.57519589819563
 30
0.0
 11
227.0006965731219
 21
54.57519589819563
 31
0.0
  0
LINE
  5
D75
330
231
100
AcDbEntity
  8
0
  6
Continuous
 62
     7
100
AcDbLine
 10
227.039967477562
 20
54.69303254593566
 30
0.0
 11
226.877012012262
 21
54.69303254593566
 31
0.0
  0
LINE
  5
D76
330
231
100
AcDbEntity
  8
0
  6
Continuous
 62
     7
100
AcDbLine
 10
145.227012010582
 20
54.69303254593566
 30
0.0
 11
145.064056545282
 21
54.69303254593566
 31
0.0
  0
LINE
  5
D77
330
231
100
AcDbEntity
  8
0
  6
Continuous
 62
     7
100
AcDbLine
 10
150.0520120125819
 20
55.06304211071565
 30
0.0
 11
150.2020120123019
 21
55.06304211071565
 31
0.0
  0
LINE
  5
D78
330
231
100
AcDbEntity
  8
0
  6
Continuous
 62
     7
100
AcDbLine
 10
220.052012012302
 20
55.06304211071565
 30
0.0
 11
220.2020120120219
 21
55.06304211071565
 31
0.0
  0
LINE
  5
D79
330
231
100
AcDbEntity
  8
0
  6
Continuous
 62
     7
100
AcDbLine
 10
145.064056545282
 20
55.43305167549565
 30
0.0
 11
145.227012010582
 21
55.43305167549565
 31
0.0
  0
LINE
  5
D7A
330
231
100
AcDbEntity
  8
0
  6
Continuous
 62
     7
100
AcDbLine
 10
226.877012012262
 20
55.43305167549565
 30
0.0
 11
227.039967477562
 21
55.43305167549565
 31
0.0
  0
LINE
  5
D7B
330
231
100
AcDbEntity
  8
0
  6
Continuous
 62
     7
100
AcDbLine
 10
224.7262442360819
 20
-22.90658693320435
 30
0.0
 11
224.7262442360819
 21
-22.76195789048433
 31
0.0
  0
LINE
  5
D7C
330
231
100
AcDbEntity
  8
0
  6
Continuous
 62
     7
100
AcDbLine
 10
225.226072898602
 20
-22.76195789048433
 30
0.0
 11
225.226072898602
 21
-22.90233772148432
 31
0.0
  0
LINE
  5
D7D
330
231
100
AcDbEntity
  8
0
  6
Continuous
 62
     7
100
AcDbLine
 10
225.276168881722
 20
-22.88564245134432
 30
0.0
 11
225.276168881722
 21
-22.76195789048433
 31
0.0
  0
LINE
  5
D7E
330
231
100
AcDbEntity
  8
0
  6
Continuous
 62
     7
100
AcDbLine
 10
226.877012012262
 20
-22.26195788972436
 30
0.0
 11
226.877012012262
 21
58.38804211043566
 31
0.0
  0
LINE
  5
D7F
330
231
100
AcDbEntity
  8
0
  6
Continuous
 62
     7
100
AcDbLine
 10
227.0006965731219
 20
58.51174570859567
 30
0.0
 11
227.0006965731219
 21
55.55088832069563
 31
0.0
  0
LINE
  5
D80
330
231
100
AcDbEntity
  8
0
  6
Continuous
 62
     7
100
AcDbLine
 10
227.0006965731219
 20
54.57519589819563
 30
0.0
 11
227.0006965731219
 21
32.80493426481565
 31
0.0
  0
LINE
  5
D81
330
231
100
AcDbEntity
  8
0
  6
Continuous
 62
     7
100
AcDbLine
 10
227.0006965731219
 20
31.52114995405569
 30
0.0
 11
227.0006965731219
 21
4.604934266655646
 31
0.0
  0
LINE
  5
D82
330
231
100
AcDbEntity
  8
0
  6
Continuous
 62
     7
100
AcDbLine
 10
227.0006965731219
 20
3.321149953355643
 30
0.0
 11
227.0006965731219
 21
-18.44911167748432
 31
0.0
  0
LINE
  5
D83
330
231
100
AcDbEntity
  8
0
  6
Continuous
 62
     7
100
AcDbLine
 10
227.0006965731219
 20
-19.42480410252435
 30
0.0
 11
227.0006965731219
 21
-22.38566149042433
 31
0.0
  0
LINE
  5
D84
330
231
100
AcDbEntity
  8
0
  6
Continuous
 62
     7
100
AcDbLine
 10
227.019889432882
 20
32.68100330617566
 30
0.0
 11
227.019889432882
 21
31.64508091523564
 31
0.0
  0
LINE
  5
D85
330
231
100
AcDbEntity
  8
0
  6
Continuous
 62
     7
100
AcDbLine
 10
227.019889432882
 20
4.481003305475667
 30
0.0
 11
227.019889432882
 21
3.445080914535651
 31
0.0
  0
LINE
  5
D86
330
231
100
AcDbEntity
  8
0
  6
Continuous
 62
     7
100
AcDbLine
 10
227.039967477562
 20
55.43305167549565
 30
0.0
 11
227.039967477562
 21
54.69303254593566
 31
0.0
  0
LINE
  5
D87
330
231
100
AcDbEntity
  8
0
  6
Continuous
 62
     7
100
AcDbLine
 10
227.039967477562
 20
-18.56694832522436
 30
0.0
 11
227.039967477562
 21
-19.30696745478434
 31
0.0
  0
LINE
  5
D88
330
231
100
AcDbEntity
  8
0
  6
Continuous
 62
     7
100
AcDbLine
 10
227.048402091122
 20
32.70951596187564
 30
0.0
 11
227.048402091122
 21
31.61656825699566
 31
0.0
  0
LINE
  5
D89
330
231
100
AcDbEntity
  8
0
  6
Continuous
 62
     7
100
AcDbLine
 10
227.048402091122
 20
4.509515961175651
 30
0.0
 11
227.048402091122
 21
3.416568258835638
 31
0.0
  0
LINE
  5
D8A
330
231
100
AcDbEntity
  8
0
  6
Continuous
 62
     7
100
AcDbLine
 10
227.101928240102
 20
58.61297737557563
 30
0.0
 11
227.101928240102
 21
-22.48689315486436
 31
0.0
  0
LINE
  5
D8B
330
231
100
AcDbEntity
  8
0
  6
Continuous
 62
     7
100
AcDbLine
 10
227.019889432882
 20
4.481003305475667
 30
0.0
 11
227.048402091122
 21
4.509515961175651
 31
0.0
  0
LINE
  5
D8C
330
231
100
AcDbEntity
  8
0
  6
Continuous
 62
     7
100
AcDbLine
 10
145.227012010582
 20
55.55088831307563
 30
0.0
 11
145.103327449722
 21
55.55088832069563
 31
0.0
  0
LINE
  5
D8D
330
231
100
AcDbEntity
  8
0
  6
Continuous
 62
     7
100
AcDbLine
 10
226.877012012262
 20
55.55088832069563
 30
0.0
 11
227.0006965731219
 21
55.55088832069563
 31
0.0
  0
LINE
  5
D8E
330
231
100
AcDbEntity
  8
0
  6
Continuous
 62
     7
100
AcDbLine
 10
158.8020120106419
 20
57.68804211089562
 30
0.0
 11
163.302012012402
 21
57.68804211089562
 31
0.0
  0
LINE
  5
D8F
330
231
100
AcDbEntity
  8
0
  6
Continuous
 62
     7
100
AcDbLine
 10
208.8020120104419
 20
57.68804211089562
 30
0.0
 11
213.302012012202
 21
57.68804211089562
 31
0.0
  0
LINE
  5
D90
330
231
100
AcDbEntity
  8
0
  6
Continuous
 62
     7
100
AcDbLine
 10
213.302012012202
 20
57.91295833873568
 30
0.0
 11
208.8020120104419
 21
57.91295833873568
 31
0.0
  0
LINE
  5
D91
330
231
100
AcDbEntity
  8
0
  6
Continuous
 62
     7
100
AcDbLine
 10
163.302012012402
 20
57.91295833873568
 30
0.0
 11
158.8020120106419
 21
57.91295833873568
 31
0.0
  0
LINE
  5
D92
330
231
100
AcDbEntity
  8
0
  6
Continuous
 62
     7
100
AcDbLine
 10
158.8020120106419
 20
58.13651380983563
 30
0.0
 11
163.302012012402
 21
58.13651380983563
 31
0.0
  0
LINE
  5
D93
330
231
100
AcDbEntity
  8
0
  6
Continuous
 62
     7
100
AcDbLine
 10
208.8020120104419
 20
58.13651380983563
 30
0.0
 11
213.302012012202
 21
58.13651380983563
 31
0.0
  0
LINE
  5
D94
330
231
100
AcDbEntity
  8
0
  6
Continuous
 62
     7
100
AcDbLine
 10
226.377012011502
 20
58.88804211119566
 30
0.0
 11
214.3020120111819
 21
58.88804211119566
 31
0.0
  0
LINE
  5
D95
330
231
100
AcDbEntity
  8
0
  6
Continuous
 62
     7
100
AcDbLine
 10
207.8020120114619
 20
58.88804211119566
 30
0.0
 11
164.3020120113819
 21
58.88804211119566
 31
0.0
  0
LINE
  5
D96
330
231
100
AcDbEntity
  8
0
  6
Continuous
 62
     7
100
AcDbLine
 10
157.802012011662
 20
58.88804211119566
 30
0.0
 11
145.727012011342
 21
58.88804211119566
 31
0.0
  0
LINE
  5
D97
330
231
100
AcDbEntity
  8
0
  6
Continuous
 62
     7
100
AcDbLine
 10
145.6033084106419
 20
59.01172667205566
 30
0.0
 11
150.5641657990419
 21
59.01172667205566
 31
0.0
  0
LINE
  5
D98
330
231
100
AcDbEntity
  8
0
  6
Continuous
 62
     7
100
AcDbLine
 10
151.539858224082
 20
59.01172667205566
 30
0.0
 11
158.0520120120419
 21
59.01172667205566
 31
0.0
  0
LINE
  5
D99
330
231
100
AcDbEntity
  8
0
  6
Continuous
 62
     7
100
AcDbLine
 10
164.052012011002
 20
59.01172667205566
 30
0.0
 11
208.0520120118418
 21
59.01172667205566
 31
0.0
  0
LINE
  5
D9A
330
231
100
AcDbEntity
  8
0
  6
Continuous
 62
     7
100
AcDbLine
 10
214.0520120108019
 20
59.01172667205566
 30
0.0
 11
220.5641657987619
 21
59.01172667205566
 31
0.0
  0
LINE
  5
D9B
330
231
100
AcDbEntity
  8
0
  6
Continuous
 62
     7
100
AcDbLine
 10
221.5398582238019
 20
59.01172667205566
 30
0.0
 11
226.500715612202
 21
59.01172667205566
 31
0.0
  0
LINE
  5
D9C
330
231
100
AcDbEntity
  8
0
  6
Continuous
 62
     7
100
AcDbLine
 10
150.682002446782
 20
59.05099757649566
 30
0.0
 11
151.4220215763419
 21
59.05099757649566
 31
0.0
  0
LINE
  5
D9D
330
231
100
AcDbEntity
  8
0
  6
Continuous
 62
     7
100
AcDbLine
 10
220.6820024465019
 20
59.05099757649566
 30
0.0
 11
221.422021576062
 21
59.05099757649566
 31
0.0
  0
LINE
  5
D9E
330
231
100
AcDbEntity
  8
0
  6
Continuous
 62
     7
100
AcDbLine
 10
158.0520120120419
 20
59.09899534943566
 30
0.0
 11
158.8020120106419
 21
59.09899534943566
 31
0.0
  0
LINE
  5
D9F
330
231
100
AcDbEntity
  8
0
  6
Continuous
 62
     7
100
AcDbLine
 10
163.302012012402
 20
59.09899534943566
 30
0.0
 11
164.052012011002
 21
59.09899534943566
 31
0.0
  0
LINE
  5
DA0
330
231
100
AcDbEntity
  8
0
  6
Continuous
 62
     7
100
AcDbLine
 10
208.0520120118418
 20
59.09899534943566
 30
0.0
 11
208.8020120104419
 21
59.09899534943566
 31
0.0
  0
LINE
  5
DA1
330
231
100
AcDbEntity
  8
0
  6
Continuous
 62
     7
100
AcDbLine
 10
213.302012012202
 20
59.09899534943566
 30
0.0
 11
214.0520120108019
 21
59.09899534943566
 31
0.0
  0
LINE
  5
DA2
330
231
100
AcDbEntity
  8
0
  6
Continuous
 62
     7
100
AcDbLine
 10
145.5020767462019
 20
59.11295833649567
 30
0.0
 11
226.601947276642
 21
59.11295833649567
 31
0.0
  0
LINE
  5
DA3
330
231
100
AcDbEntity
  8
0
  6
Continuous
 62
     7
100
AcDbLine
 10
227.019889432882
 20
31.64508091523564
 30
0.0
 11
227.048402091122
 21
31.61656825699566
 31
0.0
  0
LINE
  5
DA4
330
231
100
AcDbEntity
  8
0
  6
Continuous
 62
     7
100
AcDbLine
 10
229.302012011122
 20
-23.68701500404433
 30
0.0
 11
229.302012011122
 21
59.81309922475566
 31
0.0
  0
LINE
  5
DA5
330
231
100
AcDbEntity
  8
0
  6
Continuous
 62
     7
100
AcDbLine
 10
227.048402091122
 20
3.416568258835638
 30
0.0
 11
227.0006965731219
 21
3.321149953355643
 31
0.0
  0
LINE
  5
DA6
102
{ACAD_REACTORS
330
1341
102
}
330
231
100
AcDbEntity
  8
0
  6
Continuous
 62
     7
100
AcDbLine
 10
227.802069125822
 20
61.31304211005567
 30
0.0
 11
144.3019548970219
 21
61.31304211005567
 31
0.0
  0
LINE
  5
DA7
330
231
100
AcDbEntity
  8
0
  6
Continuous
 62
     7
100
AcDbLine
 10
227.048402091122
 20
32.70951596187564
 30
0.0
 11
227.0006965731219
 21
32.80493426481565
 31
0.0
  0
LINE
  5
DA8
330
231
100
AcDbEntity
  8
0
  6
Continuous
 62
     7
100
AcDbLine
 10
211.2970215771819
 20
-22.92491335578436
 30
0.0
 11
211.352012010762
 21
-22.90658693320435
 31
0.0
  0
LINE
  5
DA9
330
231
100
AcDbEntity
  8
0
  6
Continuous
 62
     7
100
AcDbLine
 10
227.039967477562
 20
-19.30696745478434
 30
0.0
 11
227.0006965731219
 21
-19.42480410252435
 31
0.0
  0
LINE
  5
DAA
330
231
100
AcDbEntity
  8
0
  6
Continuous
 62
     7
100
AcDbLine
 10
221.422021576062
 20
-22.92491335578436
 30
0.0
 11
221.4770120121819
 21
-22.90658693320435
 31
0.0
  0
LINE
  5
DAB
330
231
100
AcDbEntity
  8
0
  6
Continuous
 62
     7
100
AcDbLine
 10
225.226072898602
 20
-22.90233772148432
 30
0.0
 11
225.276168881722
 21
-22.88564245134432
 31
0.0
  0
LINE
  5
DAC
330
231
100
AcDbEntity
  8
0
  6
Continuous
 62
     7
100
AcDbLine
 10
221.422021576062
 20
59.05099757649566
 30
0.0
 11
221.5398582238019
 21
59.01172667205566
 31
0.0
  0
LINE
  5
DAD
330
231
100
AcDbEntity
  8
0
  6
Continuous
 62
     7
100
AcDbLine
 10
221.577790385682
 20
55.73080977949564
 30
0.0
 11
221.5750326695819
 21
55.73297264537567
 31
0.0
  0
LINE
  5
DAE
330
231
100
AcDbEntity
  8
0
  6
Continuous
 62
     7
100
AcDbLine
 10
220.524811666142
 20
54.39632208525563
 30
0.0
 11
220.5256629750819
 21
54.39565051941565
 31
0.0
  0
LINE
  5
DAF
330
231
100
AcDbEntity
  8
0
  6
Continuous
 62
     7
100
AcDbLine
 10
221.5777054811019
 20
55.73070210127562
 30
0.0
 11
221.5750326695819
 21
55.73297264537567
 31
0.0
  0
LINE
  5
DB0
330
231
100
AcDbEntity
  8
0
  6
Continuous
 62
     7
100
AcDbLine
 10
220.524897695942
 20
54.39643104871567
 30
0.0
 11
220.525723353422
 21
54.39572719693567
 31
0.0
  0
LINE
  5
DB1
330
231
100
AcDbEntity
  8
0
  6
Continuous
 62
     7
100
AcDbLine
 10
227.039967477562
 20
55.43305167549565
 30
0.0
 11
227.0006965731219
 21
55.55088832069563
 31
0.0
  0
LINE
  5
DB2
330
231
100
AcDbEntity
  8
0
  6
Continuous
 62
     7
100
AcDbLine
 10
-23.66986723079799
 20
98.72267708087491
 30
0.0
 11
-23.54592286349799
 21
84.52005912091493
 31
0.0
  0
LINE
  5
DB3
330
231
100
AcDbEntity
  8
0
  6
Continuous
 62
     7
100
AcDbLine
 10
-22.04597997819803
 20
84.52005912091493
 30
0.0
 11
-22.16992434803797
 21
98.72267708087491
 31
0.0
  0
LINE
  5
DB4
330
231
100
AcDbEntity
  8
0
  6
Continuous
 62
     7
100
AcDbLine
 10
-22.04597997819803
 20
84.22267708169488
 30
0.0
 11
-22.04597997819803
 21
84.52005912091493
 31
0.0
  0
LINE
  5
DB5
330
231
100
AcDbEntity
  8
0
  6
Continuous
 62
     7
100
AcDbLine
 10
62.40619982170193
 20
84.22267708169488
 30
0.0
 11
-23.24593428643806
 21
84.22267708169488
 31
0.0
  0
LINE
  5
DB6
330
231
100
AcDbEntity
  8
0
  6
Continuous
 62
     7
100
AcDbLine
 10
61.20624551346196
 20
84.52005912091493
 30
0.0
 11
-22.04597997819803
 21
84.52005912091493
 31
0.0
  0
LINE
  5
DB7
330
231
100
AcDbEntity
  8
0
  6
Continuous
 62
     7
100
AcDbLine
 10
62.75333633088195
 20
89.92267708121488
 30
0.0
 11
63.43013276748195
 21
89.92267708121488
 31
0.0
  0
LINE
  5
DB8
330
231
100
AcDbEntity
  8
0
  6
Continuous
 62
     7
100
AcDbLine
 10
62.76075416974197
 20
90.77267708047491
 30
0.0
 11
63.73013276946199
 21
90.77267708047491
 31
0.0
  0
LINE
  5
DB9
330
231
100
AcDbEntity
  8
0
  6
Continuous
 62
     7
100
AcDbLine
 10
62.77209909752196
 20
92.0726770814349
 30
0.0
 11
63.73013276946199
 21
92.0726770814349
 31
0.0
  0
LINE
  5
DBA
330
231
100
AcDbEntity
  8
0
  6
Continuous
 62
     7
100
AcDbLine
 10
62.77951693638204
 20
92.92267708069488
 30
0.0
 11
63.43013276748195
 21
92.92267708069488
 31
0.0
  0
LINE
  5
DBB
330
231
100
AcDbEntity
  8
0
  6
Continuous
 62
     7
100
AcDbLine
 10
-23.66986723079799
 20
98.72267708087491
 30
0.0
 11
62.83013276860197
 21
98.72267708087491
 31
0.0
  0
LINE
  5
DBC
330
231
100
AcDbEntity
  8
0
  6
Continuous
 62
     7
100
AcDbLine
 10
61.20624551346196
 20
84.22267708169488
 30
0.0
 11
61.20624551346196
 21
84.52005912091493
 31
0.0
  0
LINE
  5
DBD
330
231
100
AcDbEntity
  8
0
  6
Continuous
 62
     7
100
AcDbLine
 10
63.43013276748195
 20
92.92267708069488
 30
0.0
 11
63.43013276748195
 21
89.92267708121488
 31
0.0
  0
LINE
  5
DBE
330
231
100
AcDbEntity
  8
0
  6
Continuous
 62
     7
100
AcDbLine
 10
63.73013276946199
 20
92.6226770812549
 30
0.0
 11
63.73013276946199
 21
90.22267708065488
 31
0.0
  0
LINE
  5
DBF
330
231
100
AcDbEntity
  8
0
  6
Continuous
 62
     7
100
AcDbLine
 10
61.20624551346196
 20
84.52005912091493
 30
0.0
 11
61.33018988330196
 21
98.72267708087491
 31
0.0
  0
LINE
  5
DC0
330
231
100
AcDbEntity
  8
0
  6
Continuous
 62
     7
100
AcDbLine
 10
62.70618839876198
 20
84.52005912091493
 30
0.0
 11
62.83013276860197
 21
98.72267708087491
 31
0.0
  0
LINE
  5
DC1
330
231
100
AcDbEntity
  8
0
  6
Continuous
 62
     7
100
AcDbLine
 10
-23.54592286349799
 20
-56.55151353704432
 30
0.0
 11
-23.66986723079799
 21
-70.75413149700435
 31
0.0
  0
LINE
  5
DC2
330
231
100
AcDbEntity
  8
0
  6
Continuous
 62
     7
100
AcDbLine
 10
-22.04597997819803
 20
-56.25413149782435
 30
0.0
 11
-22.04597997819803
 21
-56.55151353704432
 31
0.0
  0
LINE
  5
DC3
330
231
100
AcDbEntity
  8
0
  6
Continuous
 62
     7
100
AcDbLine
 10
-22.04597997819803
 20
-56.55151353704432
 30
0.0
 11
-22.16992434803797
 21
-70.75413149700435
 31
0.0
  0
LINE
  5
DC4
330
231
100
AcDbEntity
  8
0
  6
Continuous
 62
     7
100
AcDbLine
 10
15.65058366586197
 20
-68.73668174984434
 30
0.0
 11
15.580132767902
 21
-70.75413149700435
 31
0.0
  0
LINE
  5
DC5
330
231
100
AcDbEntity
  8
0
  6
Continuous
 62
     7
100
AcDbLine
 10
23.58013276736199
 20
-70.75413149700435
 30
0.0
 11
23.509682039582
 21
-68.73668658854436
 31
0.0
  0
LINE
  5
DC6
330
231
100
AcDbEntity
  8
0
  6
Continuous
 62
     7
100
AcDbLine
 10
-23.66986723079799
 20
-70.75413149700435
 30
0.0
 11
62.83013276860197
 21
-70.75413149700435
 31
0.0
  0
LINE
  5
DC7
330
231
100
AcDbEntity
  8
0
  6
Continuous
 62
     7
100
AcDbLine
 10
23.49049056158202
 20
-68.65413149838435
 30
0.0
 11
15.66977419136196
 21
-68.65413149838435
 31
0.0
  0
LINE
  5
DC8
330
231
100
AcDbEntity
  8
0
  6
Continuous
 62
     7
100
AcDbLine
 10
16.150279079982
 20
-68.25413149828434
 30
0.0
 11
23.00998645782198
 21
-68.25413149828434
 31
0.0
  0
LINE
  5
DC9
330
231
100
AcDbEntity
  8
0
  6
Continuous
 62
     7
100
AcDbLine
 10
62.77951693638204
 20
-64.95413149682434
 30
0.0
 11
63.43013276748195
 21
-64.95413149682434
 31
0.0
  0
LINE
  5
DCA
330
231
100
AcDbEntity
  8
0
  6
Continuous
 62
     7
100
AcDbLine
 10
62.77209909752196
 20
-64.10413149756435
 30
0.0
 11
63.73013276946199
 21
-64.10413149756435
 31
0.0
  0
LINE
  5
DCB
330
231
100
AcDbEntity
  8
0
  6
Continuous
 62
     7
100
AcDbLine
 10
62.76075416974197
 20
-62.80413149914434
 30
0.0
 11
63.73013276946199
 21
-62.80413149914434
 31
0.0
  0
LINE
  5
DCC
330
231
100
AcDbEntity
  8
0
  6
Continuous
 62
     7
100
AcDbLine
 10
62.75333633088195
 20
-61.95413149734434
 30
0.0
 11
63.43013276748195
 21
-61.95413149734434
 31
0.0
  0
LINE
  5
DCD
330
231
100
AcDbEntity
  8
0
  6
Continuous
 62
     7
100
AcDbLine
 10
-22.04597997819803
 20
-56.55151353704432
 30
0.0
 11
61.20624551346196
 21
-56.55151353704432
 31
0.0
  0
LINE
  5
DCE
330
231
100
AcDbEntity
  8
0
  6
Continuous
 62
     7
100
AcDbLine
 10
-23.24593428643806
 20
-56.25413149782435
 30
0.0
 11
62.40619982170193
 21
-56.25413149782435
 31
0.0
  0
LINE
  5
DCF
330
231
100
AcDbEntity
  8
0
  6
Continuous
 62
     7
100
AcDbLine
 10
61.20624551346196
 20
-56.55151353704432
 30
0.0
 11
61.33018988330196
 21
-70.75413149700435
 31
0.0
  0
LINE
  5
DD0
330
231
100
AcDbEntity
  8
0
  6
Continuous
 62
     7
100
AcDbLine
 10
62.70618839876198
 20
-56.55151353704432
 30
0.0
 11
62.83013276860197
 21
-70.75413149700435
 31
0.0
  0
LINE
  5
DD1
330
231
100
AcDbEntity
  8
0
  6
Continuous
 62
     7
100
AcDbLine
 10
61.20624551346196
 20
-56.25413149782435
 30
0.0
 11
61.20624551346196
 21
-56.55151353704432
 31
0.0
  0
LINE
  5
DD2
330
231
100
AcDbEntity
  8
0
  6
Continuous
 62
     7
100
AcDbLine
 10
63.43013276748195
 20
-61.95413149734434
 30
0.0
 11
63.43013276748195
 21
-64.95413149682434
 31
0.0
  0
LINE
  5
DD3
330
231
100
AcDbEntity
  8
0
  6
Continuous
 62
     7
100
AcDbLine
 10
63.73013276946199
 20
-62.25413149678434
 30
0.0
 11
63.73013276946199
 21
-64.65413149738433
 31
0.0
  0
CIRCLE
  5
E12
330
231
100
AcDbEntity
  8
0
  6
Continuous
 62
     7
100
AcDbCircle
 10
-73.62121228345796
 20
28.06304211031562
 30
0.0
 40
0.50000000076
  0
CIRCLE
  5
E13
330
231
100
AcDbEntity
  8
0
  6
Continuous
 62
     7
100
AcDbCircle
 10
-73.62121228345796
 20
8.063042110395628
 30
0.0
 40
0.50000000076
  0
CIRCLE
  5
E14
330
231
100
AcDbEntity
  8
0
  6
Continuous
 62
     7
100
AcDbCircle
 10
-73.62121228345796
 20
10.06304211089565
 30
0.0
 40
0.50000000076
  0
CIRCLE
  5
E15
330
231
100
AcDbEntity
  8
0
  6
Continuous
 62
     7
100
AcDbCircle
 10
-73.62121228345796
 20
12.06304210885562
 30
0.0
 40
0.50000000076
  0
CIRCLE
  5
E16
330
231
100
AcDbEntity
  8
0
  6
Continuous
 62
     7
100
AcDbCircle
 10
-73.62121228345796
 20
14.06304210935565
 30
0.0
 40
0.50000000076
  0
CIRCLE
  5
E17
330
231
100
AcDbEntity
  8
0
  6
Continuous
 62
     7
100
AcDbCircle
 10
-73.62121228345796
 20
16.06304210985564
 30
0.0
 40
0.50000000076
  0
CIRCLE
  5
E18
330
231
100
AcDbEntity
  8
0
  6
Continuous
 62
     7
100
AcDbCircle
 10
-73.62121228345796
 20
18.06304211035564
 30
0.0
 40
0.50000000076
  0
CIRCLE
  5
E19
330
231
100
AcDbEntity
  8
0
  6
Continuous
 62
     7
100
AcDbCircle
 10
-73.62121228345796
 20
20.06304211085563
 30
0.0
 40
0.50000000076
  0
CIRCLE
  5
E1A
330
231
100
AcDbEntity
  8
0
  6
Continuous
 62
     7
100
AcDbCircle
 10
-73.62121228345796
 20
22.06304211135566
 30
0.0
 40
0.50000000076
  0
CIRCLE
  5
E1B
330
231
100
AcDbEntity
  8
0
  6
Continuous
 62
     7
100
AcDbCircle
 10
-73.62121228345796
 20
24.06304210931566
 30
0.0
 40
0.50000000076
  0
CIRCLE
  5
E1C
330
231
100
AcDbEntity
  8
0
  6
Continuous
 62
     7
100
AcDbCircle
 10
-73.62121228345796
 20
26.06304210981566
 30
0.0
 40
0.50000000076
  0
ARC
  5
E1D
330
231
100
AcDbEntity
  8
0
  6
Continuous
 62
     7
100
AcDbCircle
 10
-67.12121228373803
 20
60.88910916315566
 30
0.0
 40
0.29999999944
100
AcDbArc
 50
0.0
 51
89.50000000000001
  0
ARC
  5
E1E
330
231
100
AcDbEntity
  8
0
  6
Continuous
 62
     7
100
AcDbCircle
 10
-67.12121228373803
 20
-24.76302494498432
 30
0.0
 40
0.29999999944
100
AcDbArc
 50
270.5
 51
0.0
  0
ARC
  5
E1F
330
231
100
AcDbEntity
  8
0
  6
Continuous
 62
     7
100
AcDbCircle
 10
-18.17062322549799
 20
-23.33786710950434
 30
0.0
 40
0.9992475569999999
100
AcDbArc
 50
216.8347895951999
 51
227.2171620828
  0
ARC
  5
E20
330
231
100
AcDbEntity
  8
0
  6
Continuous
 62
     7
100
AcDbCircle
 10
-22.119867231998
 20
-23.63695789054435
 30
0.0
 40
0.45872753314
100
AcDbArc
 50
180.0
 51
270.0
  0
ARC
  5
E21
330
231
100
AcDbEntity
  8
0
  6
Continuous
 62
     7
100
AcDbCircle
 10
-22.119867231998
 20
-23.63695789054435
 30
0.0
 40
0.43429044206
100
AcDbArc
 50
180.0
 51
270.0
  0
ARC
  5
E22
330
231
100
AcDbEntity
  8
SURFACE
  6
Continuous
 62
     7
100
AcDbCircle
 10
-22.119867231998
 20
-23.63195789038434
 30
0.0
 40
0.29999999944
100
AcDbArc
 50
180.0
 51
270.0
  0
ARC
  5
E23
330
231
100
AcDbEntity
  8
BODY
  6
Continuous
 62
     7
100
AcDbCircle
 10
-22.119867231998
 20
-23.63195789038434
 30
0.0
 40
0.29999999944
100
AcDbArc
 50
180.0
 51
270.0
  0
ARC
  5
E24
330
231
100
AcDbEntity
  8
0
  6
Continuous
 62
     7
100
AcDbCircle
 10
-22.119867231998
 20
59.76304211125565
 30
0.0
 40
0.45872753314
100
AcDbArc
 50
90.0
 51
180.0
  0
ARC
  5
E25
330
231
100
AcDbEntity
  8
0
  6
Continuous
 62
     7
100
AcDbCircle
 10
-22.119867231998
 20
59.76304211125565
 30
0.0
 40
0.43429044206
100
AcDbArc
 50
90.0
 51
180.0
  0
ARC
  5
E26
330
231
100
AcDbEntity
  8
SURFACE
  6
Continuous
 62
     7
100
AcDbCircle
 10
-22.119867231998
 20
59.76804210887564
 30
0.0
 40
0.29999999944
100
AcDbArc
 50
90.0
 51
180.0
  0
ARC
  5
E27
330
231
100
AcDbEntity
  8
BODY
  6
Continuous
 62
     7
100
AcDbCircle
 10
-22.119867231998
 20
59.76804210887564
 30
0.0
 40
0.29999999944
100
AcDbArc
 50
90.0
 51
180.0
  0
ARC
  5
E28
330
231
100
AcDbEntity
  8
0
  6
Continuous
 62
     7
100
AcDbCircle
 10
57.32856678674199
 20
-23.33583907444432
 30
0.0
 40
1.00232133546
100
AcDbArc
 50
312.8020099758
 51
323.1635192141
  0
ARC
  5
E29
330
231
100
AcDbEntity
  8
0
  6
Continuous
 62
     7
100
AcDbCircle
 10
61.28013276726187
 20
-23.63695789054435
 30
0.0
 40
0.45872753314
100
AcDbArc
 50
270.0
 51
0.0
  0
ARC
  5
E2A
330
231
100
AcDbEntity
  8
0
  6
Continuous
 62
     7
100
AcDbCircle
 10
61.28013276726187
 20
-23.63695789054435
 30
0.0
 40
0.43429044206
100
AcDbArc
 50
270.0
 51
0.0
  0
ARC
  5
E2B
330
231
100
AcDbEntity
  8
SURFACE
  6
Continuous
 62
     7
100
AcDbCircle
 10
61.28013276726187
 20
-23.63195789038434
 30
0.0
 40
0.29999999944
100
AcDbArc
 50
270.0
 51
0.0
  0
ARC
  5
E2C
330
231
100
AcDbEntity
  8
BODY
  6
Continuous
 62
     7
100
AcDbCircle
 10
61.28013276726187
 20
-23.63195789038434
 30
0.0
 40
0.29999999944
100
AcDbArc
 50
270.0
 51
0.0
  0
ARC
  5
E2D
330
231
100
AcDbEntity
  8
0
  6
Continuous
 62
     7
100
AcDbCircle
 10
61.28013276726187
 20
59.76304211125565
 30
0.0
 40
0.45872753314
100
AcDbArc
 50
0.0
 51
90.0
  0
ARC
  5
E2E
330
231
100
AcDbEntity
  8
0
  6
Continuous
 62
     7
100
AcDbCircle
 10
61.28013276726187
 20
59.76304211125565
 30
0.0
 40
0.43429044206
100
AcDbArc
 50
0.0
 51
90.0
  0
ARC
  5
E2F
330
231
100
AcDbEntity
  8
0
  6
Continuous
 62
     7
100
AcDbCircle
 10
63.43013276748195
 20
33.76304210983565
 30
0.0
 40
0.29999999944
100
AcDbArc
 50
0.0
 51
90.0
  0
ARC
  5
E30
330
231
100
AcDbEntity
  8
0
  6
Continuous
 62
     7
100
AcDbCircle
 10
63.43013276748195
 20
29.36304211127566
 30
0.0
 40
0.29999999944
100
AcDbArc
 50
270.0
 51
0.0
  0
ARC
  5
E31
330
231
100
AcDbEntity
  8
0
  6
Continuous
 62
     7
100
AcDbCircle
 10
63.43013276748195
 20
38.86304211047565
 30
0.0
 40
0.29999999944
100
AcDbArc
 50
270.0
 51
0.0
  0
ARC
  5
E32
330
231
100
AcDbEntity
  8
0
  6
Continuous
 62
     7
100
AcDbCircle
 10
63.43013276748195
 20
43.26304210903566
 30
0.0
 40
0.29999999944
100
AcDbArc
 50
0.0
 51
90.0
  0
ARC
  5
E33
330
231
100
AcDbEntity
  8
SURFACE
  6
Continuous
 62
     7
100
AcDbCircle
 10
61.28013276726187
 20
59.76804210887564
 30
0.0
 40
0.29999999944
100
AcDbArc
 50
0.0
 51
90.0
  0
ARC
  5
E34
330
231
100
AcDbEntity
  8
BODY
  6
Continuous
 62
     7
100
AcDbCircle
 10
61.28013276726187
 20
59.76804210887564
 30
0.0
 40
0.29999999944
100
AcDbArc
 50
0.0
 51
90.0
  0
ARC
  5
E35
330
231
100
AcDbEntity
  8
0
  6
Continuous
 62
     7
100
AcDbCircle
 10
83.33534175302203
 20
-24.76302494498432
 30
0.0
 40
0.29999999944
100
AcDbArc
 50
179.9999999997999
 51
269.5000000000001
  0
ARC
  5
E36
102
{ACAD_REACTORS
330
12D9
102
}
330
231
100
AcDbEntity
  8
0
  6
Continuous
 62
     7
100
AcDbCircle
 10
83.33534175302203
 20
60.88910916315566
 30
0.0
 40
0.29999999944
100
AcDbArc
 50
90.5
 51
180.0000000002
  0
ARC
  5
E37
330
231
100
AcDbEntity
  8
0
  6
Continuous
 62
     7
100
AcDbCircle
 10
91.00534415238195
 20
-0.1671416857443546
 30
0.0
 40
1.560000001659999
100
AcDbArc
 50
180.0
 51
270.0
  0
ARC
  5
E38
330
231
100
AcDbEntity
  8
0
  6
Continuous
 62
     7
100
AcDbCircle
 10
91.00534415238195
 20
-0.1671416857443546
 30
0.0
 40
1.28000000032
100
AcDbArc
 50
180.0
 51
270.0
  0
ARC
  5
E39
330
231
100
AcDbEntity
  8
0
  6
Continuous
 62
     7
100
AcDbCircle
 10
91.00534415238195
 20
-0.1671416857443546
 30
0.0
 40
1.079999998999999
100
AcDbArc
 50
179.9999999590999
 51
270.0000000516
  0
ARC
  5
E3A
330
231
100
AcDbEntity
  8
0
  6
Continuous
 62
     7
100
AcDbCircle
 10
91.00534415238195
 20
-0.1671387088643428
 30
0.0
 40
0.9800000008800001
100
AcDbArc
 50
180.0
 51
270.0
  0
ARC
  5
E3B
330
231
100
AcDbEntity
  8
0
  6
Continuous
 62
     7
100
AcDbCircle
 10
91.00534415238195
 20
-0.1669949626443667
 30
0.0
 40
0.9600000002399998
100
AcDbArc
 50
180.0
 51
270.0
  0
ARC
  5
E3C
330
231
100
AcDbEntity
  8
0
  6
Continuous
 62
     7
100
AcDbCircle
 10
91.00534415238195
 20
-0.1669994279643561
 30
0.0
 40
0.8100000005199998
100
AcDbArc
 50
180.0000000444
 51
269.9999999718
  0
CIRCLE
  5
E3D
330
231
100
AcDbEntity
  8
0
  6
Continuous
 62
     7
100
AcDbCircle
 10
90.23534175284192
 20
-12.68695789066436
 30
0.0
 40
0.50000000076
  0
ARC
  5
E3E
330
231
100
AcDbEntity
  8
0
  6
Continuous
 62
     7
100
AcDbCircle
 10
90.12534415216203
 20
1.116992563355637
 30
0.0
 40
0.4000000001
100
AcDbArc
 50
0.0
 51
66.25050550049995
  0
ARC
  5
E3F
330
231
100
AcDbEntity
  8
0
  6
Continuous
 62
     7
100
AcDbCircle
 10
90.12534415216203
 20
0.9290085806756565
 30
0.0
 40
0.4000000001
100
AcDbArc
 50
293.7494944995
 51
0.0
  0
ARC
  5
E40
330
231
100
AcDbEntity
  8
0
  6
Continuous
 62
     7
100
AcDbCircle
 10
90.12534415216203
 20
1.116992563355637
 30
0.0
 40
0.10000000066
100
AcDbArc
 50
0.0
 51
66.25050549720005
  0
ARC
  5
E41
330
231
100
AcDbEntity
  8
0
  6
Continuous
 62
     7
100
AcDbCircle
 10
90.12534415216203
 20
1.66325257573564
 30
0.0
 40
0.10000000066
100
AcDbArc
 50
180.0
 51
246.2505054945
  0
ARC
  5
E42
330
231
100
AcDbEntity
  8
0
  6
Continuous
 62
     7
100
AcDbCircle
 10
90.12534415216203
 20
0.3827485708356448
 30
0.0
 40
0.10000000066
100
AcDbArc
 50
113.7494945053
 51
180.0
  0
ARC
  5
E43
330
231
100
AcDbEntity
  8
0
  6
Continuous
 62
     7
100
AcDbCircle
 10
90.12534415216203
 20
0.9290085806756565
 30
0.0
 40
0.10000000066
100
AcDbArc
 50
293.7494945031999
 51
0.0
  0
ARC
  5
E44
330
231
100
AcDbEntity
  8
0
  6
Continuous
 62
     7
100
AcDbCircle
 10
90.11201081840198
 20
-0.101994963104346
 30
0.0
 40
0.09666666722
100
AcDbArc
 50
206.2915552601
 51
226.3971810119
  0
ARC
  5
E45
330
231
100
AcDbEntity
  8
0
  6
Continuous
 62
     7
100
AcDbCircle
 10
90.11201081840198
 20
-0.0419949637243633
 30
0.0
 40
0.09666666722
100
AcDbArc
 50
133.6028189880999
 51
153.7084447397999
  0
ARC
  5
E46
330
231
100
AcDbEntity
  8
0
  6
Continuous
 62
     7
100
AcDbCircle
 10
90.99362429774197
 20
1.906396862115656
 30
0.0
 40
0.04149527134
100
AcDbArc
 50
87.64931004330005
 51
89.98678541359996
  0
ARC
  5
E47
330
231
100
AcDbEntity
  8
0
  6
Continuous
 62
     7
100
AcDbCircle
 10
90.99362732542203
 20
1.639384906935646
 30
0.0
 40
0.04149277452
100
AcDbArc
 50
270.0089326826001
 51
272.346644967
  0
ARC
  5
E48
330
231
100
AcDbEntity
  8
0
  6
Continuous
 62
     7
100
AcDbCircle
 10
89.66582174634192
 20
-0.6865939158243464
 30
0.0
 40
0.03048
100
AcDbArc
 50
110.1701647759999
 51
180.0000000002
  0
ARC
  5
E49
330
231
100
AcDbEntity
  8
0
  6
Continuous
 62
     7
100
AcDbCircle
 10
89.66582174634192
 20
1.164790489095651
 30
0.0
 40
0.03048
100
AcDbArc
 50
179.9999999997999
 51
270.0000000001
  0
ARC
  5
E4A
330
231
100
AcDbEntity
  8
0
  6
Continuous
 62
     7
100
AcDbCircle
 10
90.12534415216203
 20
4.929008579135654
 30
0.0
 40
0.4000000001
100
AcDbArc
 50
293.7494944995
 51
0.0
  0
ARC
  5
E4B
330
231
100
AcDbEntity
  8
0
  6
Continuous
 62
     7
100
AcDbCircle
 10
90.12534415216203
 20
5.116992561815635
 30
0.0
 40
0.4000000001
100
AcDbArc
 50
0.0
 51
66.25050550049995
  0
ARC
  5
E4C
330
231
100
AcDbEntity
  8
0
  6
Continuous
 62
     7
100
AcDbCircle
 10
90.12534415216203
 20
5.663252574195638
 30
0.0
 40
0.10000000066
100
AcDbArc
 50
180.0
 51
246.2505054937
  0
ARC
  5
E4D
330
231
100
AcDbEntity
  8
0
  6
Continuous
 62
     7
100
AcDbCircle
 10
90.12534415216203
 20
5.116992561815635
 30
0.0
 40
0.10000000066
100
AcDbArc
 50
0.0
 51
66.25050549730005
  0
ARC
  5
E4E
330
231
100
AcDbEntity
  8
0
  6
Continuous
 62
     7
100
AcDbCircle
 10
90.12534415216203
 20
4.929008579135654
 30
0.0
 40
0.10000000066
100
AcDbArc
 50
293.7494945031999
 51
0.0
  0
ARC
  5
E4F
330
231
100
AcDbEntity
  8
0
  6
Continuous
 62
     7
100
AcDbCircle
 10
90.12534415216203
 20
4.382748569295642
 30
0.0
 40
0.10000000066
100
AcDbArc
 50
113.749494506
 51
180.0
  0
ARC
  5
E50
330
231
100
AcDbEntity
  8
0
  6
Continuous
 62
     7
100
AcDbCircle
 10
90.11201081840198
 20
6.088005034315642
 30
0.0
 40
0.09666666722
100
AcDbArc
 50
206.2915552601999
 51
226.3971810119
  0
ARC
  5
E51
330
231
100
AcDbEntity
  8
0
  6
Continuous
 62
     7
100
AcDbCircle
 10
90.11201081840198
 20
6.148005033695653
 30
0.0
 40
0.09666666722
100
AcDbArc
 50
133.6028189880999
 51
153.7084447397999
  0
ARC
  5
E52
330
231
100
AcDbEntity
  8
0
  6
Continuous
 62
     7
100
AcDbCircle
 10
89.67074174158199
 20
5.154034796595652
 30
0.0
 40
0.02000000064
100
AcDbArc
 50
107.1444170221
 51
180.0
  0
ARC
  5
E53
330
231
100
AcDbEntity
  8
0
  6
Continuous
 62
     7
100
AcDbCircle
 10
89.67074174158199
 20
5.153973770555637
 30
0.0
 40
0.02000000064
100
AcDbArc
 50
106.6863013224
 51
180.0
  0
ARC
  5
E54
330
231
100
AcDbEntity
  8
0
  6
Continuous
 62
     7
100
AcDbCircle
 10
90.12534415216203
 20
16.18195804169565
 30
0.0
 40
0.4000000001
100
AcDbArc
 50
0.0
 51
66.25050547960004
  0
ARC
  5
E55
330
231
100
AcDbEntity
  8
0
  6
Continuous
 62
     7
100
AcDbCircle
 10
90.12534415216203
 20
15.99397405901567
 30
0.0
 40
0.4000000001
100
AcDbArc
 50
293.7494945203999
 51
0.0
  0
ARC
  5
E56
330
231
100
AcDbEntity
  8
0
  6
Continuous
 62
     7
100
AcDbCircle
 10
90.12534415216203
 20
16.18195804169565
 30
0.0
 40
0.10000000066
100
AcDbArc
 50
0.0
 51
66.2505054763
  0
ARC
  5
E57
330
231
100
AcDbEntity
  8
0
  6
Continuous
 62
     7
100
AcDbCircle
 10
90.12534415216203
 20
16.72821805153566
 30
0.0
 40
0.10000000066
100
AcDbArc
 50
180.0
 51
246.2505054735999
  0
ARC
  5
E58
330
231
100
AcDbEntity
  8
0
  6
Continuous
 62
     7
100
AcDbCircle
 10
90.12534415216203
 20
15.44771404917566
 30
0.0
 40
0.10000000066
100
AcDbArc
 50
113.7494945262
 51
180.0
  0
ARC
  5
E59
330
231
100
AcDbEntity
  8
0
  6
Continuous
 62
     7
100
AcDbCircle
 10
90.12534415216203
 20
15.99397405901567
 30
0.0
 40
0.10000000066
100
AcDbArc
 50
293.7494945240999
 51
0.0
  0
ARC
  5
E5A
330
231
100
AcDbEntity
  8
0
  6
Continuous
 62
     7
100
AcDbCircle
 10
90.11201081840198
 20
14.96297408139563
 30
0.0
 40
0.09666666722
100
AcDbArc
 50
206.2915552376
 51
226.3971809835
  0
ARC
  5
E5B
330
231
100
AcDbEntity
  8
0
  6
Continuous
 62
     7
100
AcDbCircle
 10
90.11201081840198
 20
15.02297408331566
 30
0.0
 40
0.09666666722
100
AcDbArc
 50
133.6028190165
 51
153.7084447624
  0
ARC
  5
E5C
330
231
100
AcDbEntity
  8
0
  6
Continuous
 62
     7
100
AcDbCircle
 10
89.66582174634192
 20
16.67968306859563
 30
0.0
 40
0.03048
100
AcDbArc
 50
179.9999999997999
 51
193.9423721314
  0
ARC
  5
E5D
330
231
100
AcDbEntity
  8
0
  6
Continuous
 62
     7
100
AcDbCircle
 10
89.67074174158199
 20
14.61396640755566
 30
0.0
 40
0.02000000064
100
AcDbArc
 50
180.0
 51
270.0
  0
ARC
  5
E5E
330
231
100
AcDbEntity
  8
0
  6
Continuous
 62
     7
100
AcDbCircle
 10
91.00534415238195
 20
6.212858312675649
 30
0.0
 40
1.560000001659999
100
AcDbArc
 50
90.0
 51
180.0
  0
ARC
  5
E5F
330
231
100
AcDbEntity
  8
0
  6
Continuous
 62
     7
100
AcDbCircle
 10
91.00534415238195
 20
6.212858312675649
 30
0.0
 40
1.28000000032
100
AcDbArc
 50
90.0
 51
180.0
  0
ARC
  5
E60
330
231
100
AcDbEntity
  8
0
  6
Continuous
 62
     7
100
AcDbCircle
 10
91.00534415238195
 20
6.212858312675649
 30
0.0
 40
1.079999998999999
100
AcDbArc
 50
89.99999999619996
 51
180.0000000091
  0
ARC
  5
E61
330
231
100
AcDbEntity
  8
0
  6
Continuous
 62
     7
100
AcDbCircle
 10
91.00534415238195
 20
6.21286128701567
 30
0.0
 40
0.9800000008800001
100
AcDbArc
 50
90.0
 51
180.0
  0
ARC
  5
E62
330
231
100
AcDbEntity
  8
0
  6
Continuous
 62
     7
100
AcDbCircle
 10
91.00534415238195
 20
6.213005035775665
 30
0.0
 40
0.9600000027799998
100
AcDbArc
 50
90.0
 51
180.0
  0
ARC
  5
E63
330
231
100
AcDbEntity
  8
0
  6
Continuous
 62
     7
100
AcDbCircle
 10
91.00534415238195
 20
6.213000570455676
 30
0.0
 40
0.8100000005199998
100
AcDbArc
 50
90.0000000079
 51
179.9999999926
  0
ARC
  5
E64
330
231
100
AcDbEntity
  8
0
  6
Continuous
 62
     7
100
AcDbCircle
 10
90.99362429774197
 20
4.406396822735644
 30
0.0
 40
0.04149531452
100
AcDbArc
 50
87.64931204639999
 51
89.98688698620005
  0
ARC
  5
E65
330
231
100
AcDbEntity
  8
0
  6
Continuous
 62
     7
100
AcDbCircle
 10
90.99362732288199
 20
4.139384908195665
 30
0.0
 40
0.04149277198
100
AcDbArc
 50
270.0089379833999
 51
272.3466479684
  0
ARC
  5
E66
330
231
100
AcDbEntity
  8
0
  6
Continuous
 62
     7
100
AcDbCircle
 10
91.00534415238195
 20
14.87304210987565
 30
0.0
 40
1.559999999119999
100
AcDbArc
 50
180.0
 51
270.0
  0
ARC
  5
E67
330
231
100
AcDbEntity
  8
0
  6
Continuous
 62
     7
100
AcDbCircle
 10
91.00534415238195
 20
14.89771013775564
 30
0.0
 40
1.28000000032
100
AcDbArc
 50
180.0
 51
270.0
  0
ARC
  5
E68
330
231
100
AcDbEntity
  8
0
  6
Continuous
 62
     7
100
AcDbCircle
 10
91.00534415238195
 20
14.89771013775564
 30
0.0
 40
1.079999998999999
100
AcDbArc
 50
179.9999999590999
 51
270.0000000516
  0
ARC
  5
E69
330
231
100
AcDbEntity
  8
0
  6
Continuous
 62
     7
100
AcDbCircle
 10
91.00534415238195
 20
14.89771548953564
 30
0.0
 40
0.9800000008800001
100
AcDbArc
 50
180.0
 51
270.0
  0
ARC
  5
E6A
330
231
100
AcDbEntity
  8
0
  6
Continuous
 62
     7
100
AcDbCircle
 10
91.00534415238195
 20
14.89797408185564
 30
0.0
 40
0.9600000002399998
100
AcDbArc
 50
180.0
 51
270.0
  0
ARC
  5
E6B
330
231
100
AcDbEntity
  8
0
  6
Continuous
 62
     7
100
AcDbCircle
 10
91.00534415238195
 20
14.89796605291562
 30
0.0
 40
0.8100000005199998
100
AcDbArc
 50
180.0000000444
 51
269.9999999718
  0
ARC
  5
E6C
330
231
100
AcDbEntity
  8
0
  6
Continuous
 62
     7
100
AcDbCircle
 10
90.99362308616202
 20
16.97127467997566
 30
0.0
 40
0.04149628734
100
AcDbArc
 50
87.64769618740004
 51
89.98511570870006
  0
ARC
  5
E6D
330
231
100
AcDbEntity
  8
0
  6
Continuous
 62
     7
100
AcDbCircle
 10
90.99362853446194
 20
16.70426272733564
 30
0.0
 40
0.04149176106
100
AcDbArc
 50
270.0072629873
 51
272.3450310882
  0
ARC
  5
E6E
330
231
100
AcDbEntity
  8
0
  6
Continuous
 62
     7
100
AcDbCircle
 10
91.60534415380192
 20
-0.1671416857443546
 30
0.0
 40
1.560000001659999
100
AcDbArc
 50
270.0
 51
0.0
  0
ARC
  5
E6F
330
231
100
AcDbEntity
  8
0
  6
Continuous
 62
     7
100
AcDbCircle
 10
91.60534415380192
 20
-0.1671416857443546
 30
0.0
 40
1.28000000032
100
AcDbArc
 50
270.0
 51
0.0
  0
ARC
  5
E70
330
231
100
AcDbEntity
  8
0
  6
Continuous
 62
     7
100
AcDbCircle
 10
91.60534415380192
 20
-0.1671416857443546
 30
0.0
 40
1.079999998999999
100
AcDbArc
 50
270.0000000081
 51
359.9999999726
  0
ARC
  5
E71
330
231
100
AcDbEntity
  8
0
  6
Continuous
 62
     7
100
AcDbCircle
 10
91.60534415380192
 20
-0.1671387088643428
 30
0.0
 40
0.9800000008800001
100
AcDbArc
 50
270.0
 51
0.0
  0
ARC
  5
E72
330
231
100
AcDbEntity
  8
0
  6
Continuous
 62
     7
100
AcDbCircle
 10
91.60534415380192
 20
-0.1669949626443667
 30
0.0
 40
0.9600000002399998
100
AcDbArc
 50
270.0
 51
0.0
  0
ARC
  5
E73
330
231
100
AcDbEntity
  8
0
  6
Continuous
 62
     7
100
AcDbCircle
 10
91.60534415380192
 20
-0.1669994279643561
 30
0.0
 40
0.8100000005199998
100
AcDbArc
 50
270.0000000283
 51
0.0
  0
ARC
  5
E74
330
231
100
AcDbEntity
  8
0
  6
Continuous
 62
     7
100
AcDbCircle
 10
91.45534415408196
 20
0.12795979923564
 30
0.0
 40
0.4499999991600001
100
AcDbArc
 50
270.0
 51
0.0
  0
ARC
  5
E75
330
231
100
AcDbEntity
  8
0
  6
Continuous
 62
     7
100
AcDbCircle
 10
91.15534415210191
 20
0.12795979923564
 30
0.0
 40
0.4499999991600001
100
AcDbArc
 50
180.0
 51
270.0
  0
ARC
  5
E76
330
231
100
AcDbEntity
  8
0
  6
Continuous
 62
     7
100
AcDbCircle
 10
92.48534415402195
 20
1.116992563355637
 30
0.0
 40
0.4000000001
100
AcDbArc
 50
113.7494944995
 51
180.0
  0
ARC
  5
E77
330
231
100
AcDbEntity
  8
0
  6
Continuous
 62
     7
100
AcDbCircle
 10
92.48534415402195
 20
0.9290085806756565
 30
0.0
 40
0.4000000001
100
AcDbArc
 50
180.0
 51
246.2505055005
  0
ARC
  5
E78
330
231
100
AcDbEntity
  8
0
  6
Continuous
 62
     7
100
AcDbCircle
 10
91.15790778934195
 20
0.1303525401956449
 30
0.0
 40
0.22307735928
100
AcDbArc
 50
221.8564887205999
 51
223.122733648
  0
ARC
  5
E79
330
231
100
AcDbEntity
  8
0
  6
Continuous
 62
     7
100
AcDbCircle
 10
91.45672962756197
 20
0.1266522300956581
 30
0.0
 40
0.2178315176
100
AcDbArc
 50
316.8807437182
 51
318.1818104390999
  0
ARC
  5
E7A
330
231
100
AcDbEntity
  8
0
  6
Continuous
 62
     7
100
AcDbCircle
 10
92.58534415214199
 20
0.2730726408356361
 30
0.0
 40
0.14999999972
100
AcDbArc
 50
93.53362881900004
 51
97.29684522189995
  0
ARC
  5
E7B
330
231
100
AcDbEntity
  8
0
  6
Continuous
 62
     7
100
AcDbCircle
 10
92.48534415402195
 20
1.116992563355637
 30
0.0
 40
0.10000000066
100
AcDbArc
 50
113.749494503
 51
180.0
  0
ARC
  5
E7C
330
231
100
AcDbEntity
  8
0
  6
Continuous
 62
     7
100
AcDbCircle
 10
92.48534415402195
 20
1.66325257573564
 30
0.0
 40
0.10000000066
100
AcDbArc
 50
293.7494945061
 51
0.0
  0
ARC
  5
E7D
330
231
100
AcDbEntity
  8
0
  6
Continuous
 62
     7
100
AcDbCircle
 10
92.48534415402195
 20
0.3827485708356448
 30
0.0
 40
0.10000000066
100
AcDbArc
 50
0.0
 51
66.25050549369996
  0
ARC
  5
E7E
330
231
100
AcDbEntity
  8
0
  6
Continuous
 62
     7
100
AcDbCircle
 10
92.48534415402195
 20
0.9290085806756565
 30
0.0
 40
0.10000000066
100
AcDbArc
 50
180.0
 51
246.2505054973
  0
ARC
  5
E7F
330
231
100
AcDbEntity
  8
0
  6
Continuous
 62
     7
100
AcDbCircle
 10
92.49867748524195
 20
-0.101994963104346
 30
0.0
 40
0.09666666722
100
AcDbArc
 50
313.6028189881
 51
333.7084447399
  0
ARC
  5
E80
330
231
100
AcDbEntity
  8
0
  6
Continuous
 62
     7
100
AcDbCircle
 10
92.49867748524195
 20
-0.0419949637243633
 30
0.0
 40
0.09666666722
100
AcDbArc
 50
26.29155526020004
 51
46.3971810119
  0
ARC
  5
E81
330
231
100
AcDbEntity
  8
0
  6
Continuous
 62
     7
100
AcDbCircle
 10
91.61706400844201
 20
1.90639678337564
 30
0.0
 40
0.04149532214
100
AcDbArc
 50
90.01319991070003
 51
92.35068811880003
  0
ARC
  5
E82
330
231
100
AcDbEntity
  8
0
  6
Continuous
 62
     7
100
AcDbCircle
 10
91.61706098076194
 20
1.639384873915645
 30
0.0
 40
0.04149277198
100
AcDbArc
 50
267.6533520432999
 51
269.9910667511999
  0
ARC
  5
E83
330
231
100
AcDbEntity
  8
0
  6
Continuous
 62
     7
100
AcDbCircle
 10
91.60534415380192
 20
6.212858312675649
 30
0.0
 40
1.560000001659999
100
AcDbArc
 50
0.0
 51
90.0
  0
ARC
  5
E84
330
231
100
AcDbEntity
  8
0
  6
Continuous
 62
     7
100
AcDbCircle
 10
91.60534415380192
 20
6.212858312675649
 30
0.0
 40
1.28000000032
100
AcDbArc
 50
0.0
 51
90.0
  0
ARC
  5
E85
330
231
100
AcDbEntity
  8
0
  6
Continuous
 62
     7
100
AcDbCircle
 10
91.60534415380192
 20
6.212858312675649
 30
0.0
 40
1.079999998999999
100
AcDbArc
 50
0.0000000070000012
 51
90.00000000380005
  0
ARC
  5
E86
330
231
100
AcDbEntity
  8
0
  6
Continuous
 62
     7
100
AcDbCircle
 10
91.60534415380192
 20
6.21286128701567
 30
0.0
 40
0.9800000008800001
100
AcDbArc
 50
0.0
 51
90.0
  0
ARC
  5
E87
330
231
100
AcDbEntity
  8
0
  6
Continuous
 62
     7
100
AcDbCircle
 10
91.60534415380192
 20
6.213005035775665
 30
0.0
 40
0.9600000002399998
100
AcDbArc
 50
0.0
 51
90.0
  0
ARC
  5
E88
330
231
100
AcDbEntity
  8
0
  6
Continuous
 62
     7
100
AcDbCircle
 10
91.60534415380192
 20
6.213000570455676
 30
0.0
 40
0.8100000005199998
100
AcDbArc
 50
0.0000000587000207
 51
89.99999995200001
  0
ARC
  5
E89
330
231
100
AcDbEntity
  8
0
  6
Continuous
 62
     7
100
AcDbCircle
 10
91.45534415408196
 20
5.917959796555663
 30
0.0
 40
0.4499999991600001
100
AcDbArc
 50
0.0
 51
90.0
  0
ARC
  5
E8A
330
231
100
AcDbEntity
  8
0
  6
Continuous
 62
     7
100
AcDbCircle
 10
91.15534415210191
 20
5.917959796555663
 30
0.0
 40
0.4499999991600001
100
AcDbArc
 50
90.0
 51
180.0
  0
ARC
  5
E8B
330
231
100
AcDbEntity
  8
0
  6
Continuous
 62
     7
100
AcDbCircle
 10
91.15402255454199
 20
5.91919407399564
 30
0.0
 40
0.21791655172
100
AcDbArc
 50
136.879541569
 51
138.2161615236999
  0
ARC
  5
E8C
330
231
100
AcDbEntity
  8
0
  6
Continuous
 62
     7
100
AcDbCircle
 10
91.45666920858202
 20
5.919197317575651
 30
0.0
 40
0.2179118959
100
AcDbArc
 50
41.7838063381
 51
43.12051618790003
  0
ARC
  5
E8D
330
231
100
AcDbEntity
  8
0
  6
Continuous
 62
     7
100
AcDbCircle
 10
91.61706400844201
 20
4.406396794795654
 30
0.0
 40
0.04149531452
100
AcDbArc
 50
90.01311300210003
 51
92.35068796010001
  0
ARC
  5
E8E
330
231
100
AcDbEntity
  8
0
  6
Continuous
 62
     7
100
AcDbCircle
 10
91.61706098076194
 20
4.139384877715656
 30
0.0
 40
0.04149277198
100
AcDbArc
 50
267.6533520422
 51
269.9910667543999
  0
ARC
  5
E8F
330
231
100
AcDbEntity
  8
0
  6
Continuous
 62
     7
100
AcDbCircle
 10
91.60534415380192
 20
14.87304210987565
 30
0.0
 40
1.559999999119999
100
AcDbArc
 50
270.0
 51
0.0
  0
ARC
  5
E90
330
231
100
AcDbEntity
  8
0
  6
Continuous
 62
     7
100
AcDbCircle
 10
91.60534415380192
 20
14.89771013775564
 30
0.0
 40
1.28000000032
100
AcDbArc
 50
270.0
 51
0.0
  0
ARC
  5
E91
330
231
100
AcDbEntity
  8
0
  6
Continuous
 62
     7
100
AcDbCircle
 10
91.60534415380192
 20
14.89771013775564
 30
0.0
 40
1.079999998999999
100
AcDbArc
 50
270.0000000081
 51
359.9999999726
  0
ARC
  5
E92
330
231
100
AcDbEntity
  8
0
  6
Continuous
 62
     7
100
AcDbCircle
 10
91.60534415380192
 20
14.89771548953564
 30
0.0
 40
0.9800000008800001
100
AcDbArc
 50
270.0
 51
0.0
  0
ARC
  5
E93
330
231
100
AcDbEntity
  8
0
  6
Continuous
 62
     7
100
AcDbCircle
 10
91.60534415380192
 20
14.89797408185564
 30
0.0
 40
0.9600000002399998
100
AcDbArc
 50
270.0
 51
0.0
  0
ARC
  5
E94
330
231
100
AcDbEntity
  8
0
  6
Continuous
 62
     7
100
AcDbCircle
 10
91.60534415380192
 20
14.89796605291562
 30
0.0
 40
0.8100000005199998
100
AcDbArc
 50
270.0000000283
 51
0.0
  0
ARC
  5
E95
330
231
100
AcDbEntity
  8
0
  6
Continuous
 62
     7
100
AcDbCircle
 10
91.45534415408196
 20
15.19289270207565
 30
0.0
 40
0.4499999991600001
100
AcDbArc
 50
270.0
 51
0.0
  0
ARC
  5
E96
330
231
100
AcDbEntity
  8
0
  6
Continuous
 62
     7
100
AcDbCircle
 10
91.15534415210191
 20
15.19289270207565
 30
0.0
 40
0.4499999991600001
100
AcDbArc
 50
180.0
 51
270.0
  0
ARC
  5
E97
330
231
100
AcDbEntity
  8
0
  6
Continuous
 62
     7
100
AcDbCircle
 10
91.15790586402198
 20
15.19527819895566
 30
0.0
 40
0.22307474054
100
AcDbArc
 50
221.870095588
 51
223.1227387620001
  0
ARC
  5
E98
330
231
100
AcDbEntity
  8
0
  6
Continuous
 62
     7
100
AcDbCircle
 10
91.45673449420195
 20
15.19157517613564
 30
0.0
 40
0.2178248958199999
100
AcDbArc
 50
316.8807303838
 51
318.1678712012
  0
ARC
  5
E99
330
231
100
AcDbEntity
  8
0
  6
Continuous
 62
     7
100
AcDbCircle
 10
91.61706521748191
 20
16.97127460123565
 30
0.0
 40
0.04149633814
100
AcDbArc
 50
90.01486960339995
 51
92.3523019842
  0
ARC
  5
E9A
330
231
100
AcDbEntity
  8
0
  6
Continuous
 62
     7
100
AcDbCircle
 10
91.61705977172193
 20
16.70426269431564
 30
0.0
 40
0.04149175598
100
AcDbArc
 50
267.6549659186
 51
269.9927364511999
  0
ARC
  5
E9B
330
231
100
AcDbEntity
  8
0
  6
Continuous
 62
     7
100
AcDbCircle
 10
92.48534415402195
 20
5.116992561815635
 30
0.0
 40
0.4000000001
100
AcDbArc
 50
113.7494944995
 51
180.0
  0
ARC
  5
E9C
330
231
100
AcDbEntity
  8
0
  6
Continuous
 62
     7
100
AcDbCircle
 10
92.48534415402195
 20
4.929008579135654
 30
0.0
 40
0.4000000001
100
AcDbArc
 50
180.0
 51
246.2505055005
  0
ARC
  5
E9D
330
231
100
AcDbEntity
  8
0
  6
Continuous
 62
     7
100
AcDbCircle
 10
92.58534415214199
 20
5.773072616175653
 30
0.0
 40
0.14999999972
100
AcDbArc
 50
262.6643618826
 51
266.4821298694999
  0
ARC
  5
E9E
330
231
100
AcDbEntity
  8
0
  6
Continuous
 62
     7
100
AcDbCircle
 10
92.48534415402195
 20
5.116992561815635
 30
0.0
 40
0.10000000066
100
AcDbArc
 50
113.749494503
 51
180.0
  0
ARC
  5
E9F
330
231
100
AcDbEntity
  8
0
  6
Continuous
 62
     7
100
AcDbCircle
 10
92.48534415402195
 20
5.663252574195638
 30
0.0
 40
0.10000000066
100
AcDbArc
 50
293.7494945061
 51
0.0
  0
ARC
  5
EA0
330
231
100
AcDbEntity
  8
0
  6
Continuous
 62
     7
100
AcDbCircle
 10
92.48534415402195
 20
4.382748569295642
 30
0.0
 40
0.10000000066
100
AcDbArc
 50
0.0
 51
66.25050549369996
  0
ARC
  5
EA1
330
231
100
AcDbEntity
  8
0
  6
Continuous
 62
     7
100
AcDbCircle
 10
92.48534415402195
 20
4.929008579135654
 30
0.0
 40
0.10000000066
100
AcDbArc
 50
180.0
 51
246.250505497
  0
ARC
  5
EA2
330
231
100
AcDbEntity
  8
0
  6
Continuous
 62
     7
100
AcDbCircle
 10
92.49867748524195
 20
6.148005033695653
 30
0.0
 40
0.09666666722
100
AcDbArc
 50
26.29155526020004
 51
46.3971810119
  0
ARC
  5
EA3
330
231
100
AcDbEntity
  8
0
  6
Continuous
 62
     7
100
AcDbCircle
 10
92.49867748524195
 20
6.088005034315642
 30
0.0
 40
0.09666666722
100
AcDbArc
 50
313.6028189881
 51
333.7084447398
  0
ARC
  5
EA4
330
231
100
AcDbEntity
  8
0
  6
Continuous
 62
     7
100
AcDbCircle
 10
92.53534175278195
 20
15.06304211087564
 30
0.0
 40
0.50000000076
100
AcDbArc
 50
0.0022944404000081
 51
45.48074840669997
  0
ARC
  5
EA5
330
231
100
AcDbEntity
  8
0
  6
Continuous
 62
     7
100
AcDbCircle
 10
92.48534415402195
 20
16.18195804169565
 30
0.0
 40
0.4000000001
100
AcDbArc
 50
113.7494945203999
 51
180.0
  0
ARC
  5
EA6
330
231
100
AcDbEntity
  8
0
  6
Continuous
 62
     7
100
AcDbCircle
 10
92.48534415402195
 20
15.99397405901567
 30
0.0
 40
0.4000000001
100
AcDbArc
 50
180.0
 51
246.2505054796
  0
ARC
  5
EA7
330
231
100
AcDbEntity
  8
0
  6
Continuous
 62
     7
100
AcDbCircle
 10
92.58534415214199
 20
15.33809569589564
 30
0.0
 40
0.14999999972
100
AcDbArc
 50
93.5410101875
 51
97.29690090709999
  0
ARC
  5
EA8
330
231
100
AcDbEntity
  8
0
  6
Continuous
 62
     7
100
AcDbCircle
 10
92.48534415402195
 20
16.18195804169565
 30
0.0
 40
0.10000000066
100
AcDbArc
 50
113.7494945239
 51
180.0
  0
ARC
  5
EA9
330
231
100
AcDbEntity
  8
0
  6
Continuous
 62
     7
100
AcDbCircle
 10
92.48534415402195
 20
16.72821805153566
 30
0.0
 40
0.10000000066
100
AcDbArc
 50
293.749494527
 51
0.0
  0
ARC
  5
EAA
330
231
100
AcDbEntity
  8
0
  6
Continuous
 62
     7
100
AcDbCircle
 10
92.48534415402195
 20
15.44771404917566
 30
0.0
 40
0.10000000066
100
AcDbArc
 50
0.0
 51
66.25050547280006
  0
ARC
  5
EAB
330
231
100
AcDbEntity
  8
0
  6
Continuous
 62
     7
100
AcDbCircle
 10
92.48534415402195
 20
15.99397405901567
 30
0.0
 40
0.10000000066
100
AcDbArc
 50
180.0
 51
246.2505054764
  0
ARC
  5
EAC
330
231
100
AcDbEntity
  8
0
  6
Continuous
 62
     7
100
AcDbCircle
 10
92.49867748524195
 20
14.96297408139563
 30
0.0
 40
0.09666666722
100
AcDbArc
 50
313.6028190165
 51
333.7084447624
  0
ARC
  5
EAD
330
231
100
AcDbEntity
  8
0
  6
Continuous
 62
     7
100
AcDbCircle
 10
92.49867748524195
 20
15.02297408331566
 30
0.0
 40
0.09666666722
100
AcDbArc
 50
26.29155523769997
 51
46.39718098349995
  0
ARC
  5
EAE
330
231
100
AcDbEntity
  8
0
  6
Continuous
 62
     7
100
AcDbCircle
 10
91.00534415238195
 20
21.25304211083562
 30
0.0
 40
1.559999999119999
100
AcDbArc
 50
90.0
 51
180.0
  0
ARC
  5
EAF
330
231
100
AcDbEntity
  8
0
  6
Continuous
 62
     7
100
AcDbCircle
 10
91.00534415238195
 20
21.27771012855564
 30
0.0
 40
1.28000000032
100
AcDbArc
 50
90.0
 51
180.0
  0
ARC
  5
EB0
330
231
100
AcDbEntity
  8
0
  6
Continuous
 62
     7
100
AcDbCircle
 10
91.00534415238195
 20
21.27771012855564
 30
0.0
 40
1.079999998999999
100
AcDbArc
 50
89.99999999619996
 51
180.0000000091
  0
ARC
  5
EB1
330
231
100
AcDbEntity
  8
0
  6
Continuous
 62
     7
100
AcDbCircle
 10
90.88534175332194
 20
29.91304211109565
 30
0.0
 40
0.9999999989799999
100
AcDbArc
 50
270.0
 51
0.0
  0
ARC
  5
EB2
330
231
100
AcDbEntity
  8
0
  6
Continuous
 62
     7
100
AcDbCircle
 10
89.585341752362
 20
29.91304211109565
 30
0.0
 40
0.9999999989799999
100
AcDbArc
 50
180.0
 51
270.0
  0
ARC
  5
EB3
330
231
100
AcDbEntity
  8
0
  6
Continuous
 62
     7
100
AcDbCircle
 10
89.585341752362
 20
33.21304211001566
 30
0.0
 40
0.9999999989799999
100
AcDbArc
 50
90.0
 51
180.0
  0
ARC
  5
EB4
330
231
100
AcDbEntity
  8
0
  6
Continuous
 62
     7
100
AcDbCircle
 10
90.88534175332194
 20
33.21304211001566
 30
0.0
 40
0.9999999989799999
100
AcDbArc
 50
0.0
 51
90.0
  0
ARC
  5
EB5
330
231
100
AcDbEntity
  8
0
  6
Continuous
 62
     7
100
AcDbCircle
 10
91.00534415238195
 20
21.27771548033564
 30
0.0
 40
0.9800000008800001
100
AcDbArc
 50
90.0
 51
180.0
  0
ARC
  5
EB6
330
231
100
AcDbEntity
  8
0
  6
Continuous
 62
     7
100
AcDbCircle
 10
91.00534415238195
 20
21.27797407265564
 30
0.0
 40
0.9600000027799998
100
AcDbArc
 50
90.0
 51
180.0
  0
ARC
  5
EB7
330
231
100
AcDbEntity
  8
0
  6
Continuous
 62
     7
100
AcDbCircle
 10
89.585341752362
 20
33.21304211001566
 30
0.0
 40
0.8499999992599999
100
AcDbArc
 50
90.0
 51
180.0
  0
ARC
  5
EB8
330
231
100
AcDbEntity
  8
0
  6
Continuous
 62
     7
100
AcDbCircle
 10
89.585341752362
 20
29.91304211109565
 30
0.0
 40
0.8499999992599999
100
AcDbArc
 50
180.0
 51
270.0
  0
ARC
  5
EB9
330
231
100
AcDbEntity
  8
0
  6
Continuous
 62
     7
100
AcDbCircle
 10
90.88534175332194
 20
29.91304211109565
 30
0.0
 40
0.8499999992599999
100
AcDbArc
 50
270.0
 51
0.0
  0
ARC
  5
EBA
330
231
100
AcDbEntity
  8
0
  6
Continuous
 62
     7
100
AcDbCircle
 10
90.88534175332194
 20
33.21304211001566
 30
0.0
 40
0.8499999992599999
100
AcDbArc
 50
0.0
 51
90.0
  0
ARC
  5
EBB
330
231
100
AcDbEntity
  8
0
  6
Continuous
 62
     7
100
AcDbCircle
 10
91.00534415238195
 20
21.27796604371565
 30
0.0
 40
0.8100000005199998
100
AcDbArc
 50
90.0000000079
 51
179.9999999926
  0
ARC
  5
EBC
330
231
100
AcDbEntity
  8
0
  6
Continuous
 62
     7
100
AcDbCircle
 10
90.88534175332194
 20
33.21304211001566
 30
0.0
 40
0.54999999982
100
AcDbArc
 50
0.0
 51
90.0
  0
ARC
  5
EBD
330
231
100
AcDbEntity
  8
0
  6
Continuous
 62
     7
100
AcDbCircle
 10
90.88534175332194
 20
29.91304211109565
 30
0.0
 40
0.54999999982
100
AcDbArc
 50
270.0
 51
0.0
  0
ARC
  5
EBE
330
231
100
AcDbEntity
  8
0
  6
Continuous
 62
     7
100
AcDbCircle
 10
89.585341752362
 20
29.91304211109565
 30
0.0
 40
0.54999999982
100
AcDbArc
 50
180.0
 51
270.0
  0
ARC
  5
EBF
330
231
100
AcDbEntity
  8
0
  6
Continuous
 62
     7
100
AcDbCircle
 10
89.585341752362
 20
33.21304211001566
 30
0.0
 40
0.54999999982
100
AcDbArc
 50
90.0
 51
180.0
  0
CIRCLE
  5
EC0
330
231
100
AcDbEntity
  8
0
  6
Continuous
 62
     7
100
AcDbCircle
 10
90.23534175284192
 20
26.06304210981566
 30
0.0
 40
0.50000000076
  0
ARC
  5
EC1
330
231
100
AcDbEntity
  8
0
  6
Continuous
 62
     7
100
AcDbCircle
 10
90.12534415216203
 20
19.99397405239563
 30
0.0
 40
0.4000000001
100
AcDbArc
 50
293.7494945203999
 51
0.0
  0
ARC
  5
EC2
330
231
100
AcDbEntity
  8
0
  6
Continuous
 62
     7
100
AcDbCircle
 10
90.12534415216203
 20
20.18195803507564
 30
0.0
 40
0.4000000001
100
AcDbArc
 50
0.0
 51
66.25050547960004
  0
ARC
  5
EC3
330
231
100
AcDbEntity
  8
0
  6
Continuous
 62
     7
100
AcDbCircle
 10
90.12534415216203
 20
20.72821804491562
 30
0.0
 40
0.10000000066
100
AcDbArc
 50
180.0
 51
246.2505054728
  0
ARC
  5
EC4
330
231
100
AcDbEntity
  8
0
  6
Continuous
 62
     7
100
AcDbCircle
 10
90.12534415216203
 20
20.18195803507564
 30
0.0
 40
0.10000000066
100
AcDbArc
 50
0.0
 51
66.25050547640002
  0
ARC
  5
EC5
330
231
100
AcDbEntity
  8
0
  6
Continuous
 62
     7
100
AcDbCircle
 10
90.12534415216203
 20
19.99397405239563
 30
0.0
 40
0.10000000066
100
AcDbArc
 50
293.7494945240999
 51
0.0
  0
ARC
  5
EC6
330
231
100
AcDbEntity
  8
0
  6
Continuous
 62
     7
100
AcDbCircle
 10
90.12534415216203
 20
19.44771404255564
 30
0.0
 40
0.10000000066
100
AcDbArc
 50
113.749494527
 51
180.0
  0
ARC
  5
EC7
330
231
100
AcDbEntity
  8
0
  6
Continuous
 62
     7
100
AcDbCircle
 10
90.11201081840198
 20
21.15297407373566
 30
0.0
 40
0.09666666722
100
AcDbArc
 50
206.2915552376
 51
226.3971809835
  0
ARC
  5
EC8
330
231
100
AcDbEntity
  8
0
  6
Continuous
 62
     7
100
AcDbCircle
 10
90.11201081840198
 20
21.21297407311567
 30
0.0
 40
0.09666666722
100
AcDbArc
 50
133.6028190164
 51
153.7084447622999
  0
ARC
  5
EC9
330
231
100
AcDbEntity
  8
0
  6
Continuous
 62
     7
100
AcDbCircle
 10
90.99362308616202
 20
19.47127464059565
 30
0.0
 40
0.04149633052
100
AcDbArc
 50
87.64769818650002
 51
89.98521729279998
  0
ARC
  5
ECA
330
231
100
AcDbEntity
  8
0
  6
Continuous
 62
     7
100
AcDbCircle
 10
90.99362853446194
 20
19.20426272605567
 30
0.0
 40
0.04149175852
100
AcDbArc
 50
270.0072682853
 51
272.3450340912
  0
ARC
  5
ECB
330
231
100
AcDbEntity
  8
0
  6
Continuous
 62
     7
100
AcDbCircle
 10
89.90966175904203
 20
22.17968307187565
 30
0.0
 40
0.03048
100
AcDbArc
 50
269.9999999995999
 51
0.0
  0
ARC
  5
ECC
330
231
100
AcDbEntity
  8
0
  6
Continuous
 62
     7
100
AcDbCircle
 10
90.44074174082197
 20
25.87130518061565
 30
0.0
 40
0.03000000096
100
AcDbArc
 50
270.0
 51
0.0
  0
ARC
  5
ECD
330
231
100
AcDbEntity
  8
0
  6
Continuous
 62
     7
100
AcDbCircle
 10
89.67074174158199
 20
21.95001625155567
 30
0.0
 40
0.02000000064
100
AcDbArc
 50
180.0
 51
270.0
  0
ARC
  5
ECE
330
231
100
AcDbEntity
  8
0
  6
Continuous
 62
     7
100
AcDbCircle
 10
90.88534175332194
 20
39.41304211029564
 30
0.0
 40
0.9999999989799999
100
AcDbArc
 50
270.0
 51
0.0
  0
ARC
  5
ECF
330
231
100
AcDbEntity
  8
0
  6
Continuous
 62
     7
100
AcDbCircle
 10
89.585341752362
 20
39.41304211029564
 30
0.0
 40
0.9999999989799999
100
AcDbArc
 50
180.0
 51
270.0
  0
ARC
  5
ED0
330
231
100
AcDbEntity
  8
0
  6
Continuous
 62
     7
100
AcDbCircle
 10
89.585341752362
 20
42.71304210921567
 30
0.0
 40
0.9999999989799999
100
AcDbArc
 50
90.0
 51
180.0
  0
ARC
  5
ED1
330
231
100
AcDbEntity
  8
0
  6
Continuous
 62
     7
100
AcDbCircle
 10
90.88534175332194
 20
42.71304210921567
 30
0.0
 40
0.9999999989799999
100
AcDbArc
 50
0.0
 51
90.0
  0
ARC
  5
ED2
330
231
100
AcDbEntity
  8
0
  6
Continuous
 62
     7
100
AcDbCircle
 10
89.585341752362
 20
42.71304210921567
 30
0.0
 40
0.8499999992599999
100
AcDbArc
 50
90.0
 51
180.0
  0
ARC
  5
ED3
330
231
100
AcDbEntity
  8
0
  6
Continuous
 62
     7
100
AcDbCircle
 10
89.585341752362
 20
39.41304211029564
 30
0.0
 40
0.8499999992599999
100
AcDbArc
 50
180.0
 51
270.0
  0
ARC
  5
ED4
330
231
100
AcDbEntity
  8
0
  6
Continuous
 62
     7
100
AcDbCircle
 10
90.88534175332194
 20
39.41304211029564
 30
0.0
 40
0.8499999992599999
100
AcDbArc
 50
270.0
 51
0.0
  0
ARC
  5
ED5
330
231
100
AcDbEntity
  8
0
  6
Continuous
 62
     7
100
AcDbCircle
 10
90.88534175332194
 20
42.71304210921567
 30
0.0
 40
0.8499999992599999
100
AcDbArc
 50
0.0
 51
90.0
  0
ARC
  5
ED6
330
231
100
AcDbEntity
  8
0
  6
Continuous
 62
     7
100
AcDbCircle
 10
89.585341752362
 20
39.41304211029564
 30
0.0
 40
0.54999999982
100
AcDbArc
 50
180.0
 51
270.0
  0
ARC
  5
ED7
330
231
100
AcDbEntity
  8
0
  6
Continuous
 62
     7
100
AcDbCircle
 10
89.585341752362
 20
42.71304210921567
 30
0.0
 40
0.54999999982
100
AcDbArc
 50
90.0
 51
180.0
  0
ARC
  5
ED8
330
231
100
AcDbEntity
  8
0
  6
Continuous
 62
     7
100
AcDbCircle
 10
90.88534175332194
 20
42.71304210921567
 30
0.0
 40
0.54999999982
100
AcDbArc
 50
0.0
 51
90.0
  0
ARC
  5
ED9
330
231
100
AcDbEntity
  8
0
  6
Continuous
 62
     7
100
AcDbCircle
 10
90.88534175332194
 20
39.41304211029564
 30
0.0
 40
0.54999999982
100
AcDbArc
 50
270.0
 51
0.0
  0
CIRCLE
  5
EDA
330
231
100
AcDbEntity
  8
0
  6
Continuous
 62
     7
100
AcDbCircle
 10
90.23534175284192
 20
47.81304210985564
 30
0.0
 40
0.50000000076
  0
ARC
  5
EDB
330
231
100
AcDbEntity
  8
0
  6
Continuous
 62
     7
100
AcDbCircle
 10
91.60534415380192
 20
21.25304211083562
 30
0.0
 40
1.559999999119999
100
AcDbArc
 50
0.0
 51
90.0
  0
ARC
  5
EDC
330
231
100
AcDbEntity
  8
0
  6
Continuous
 62
     7
100
AcDbCircle
 10
91.60534415380192
 20
21.27771012855564
 30
0.0
 40
1.28000000032
100
AcDbArc
 50
0.0
 51
90.0
  0
ARC
  5
EDD
330
231
100
AcDbEntity
  8
0
  6
Continuous
 62
     7
100
AcDbCircle
 10
91.60534415380192
 20
21.27771012855564
 30
0.0
 40
1.079999998999999
100
AcDbArc
 50
0.0000000070000012
 51
90.00000000380005
  0
ARC
  5
EDE
330
231
100
AcDbEntity
  8
0
  6
Continuous
 62
     7
100
AcDbCircle
 10
91.60534415380192
 20
21.27771548033564
 30
0.0
 40
0.9800000008800001
100
AcDbArc
 50
0.0
 51
90.0
  0
ARC
  5
EDF
330
231
100
AcDbEntity
  8
0
  6
Continuous
 62
     7
100
AcDbCircle
 10
91.60534415380192
 20
21.27797407265564
 30
0.0
 40
0.9600000002399998
100
AcDbArc
 50
0.0
 51
90.0
  0
ARC
  5
EE0
330
231
100
AcDbEntity
  8
0
  6
Continuous
 62
     7
100
AcDbCircle
 10
91.60534415380192
 20
21.27796604371565
 30
0.0
 40
0.8100000005199998
100
AcDbArc
 50
0.0000000587000207
 51
89.99999995200001
  0
ARC
  5
EE1
330
231
100
AcDbEntity
  8
0
  6
Continuous
 62
     7
100
AcDbCircle
 10
92.53534175278195
 20
21.06304210983566
 30
0.0
 40
0.50000000076
100
AcDbArc
 50
314.9976347612
 51
359.9977056605
  0
ARC
  5
EE2
330
231
100
AcDbEntity
  8
0
  6
Continuous
 62
     7
100
AcDbCircle
 10
91.45534415408196
 20
20.98289269431564
 30
0.0
 40
0.4499999991600001
100
AcDbArc
 50
0.0
 51
90.0
  0
ARC
  5
EE3
330
231
100
AcDbEntity
  8
0
  6
Continuous
 62
     7
100
AcDbCircle
 10
91.15534415210191
 20
20.98289269431564
 30
0.0
 40
0.4499999991600001
100
AcDbArc
 50
90.0
 51
180.0
  0
ARC
  5
EE4
330
231
100
AcDbEntity
  8
0
  6
Continuous
 62
     7
100
AcDbCircle
 10
92.48534415402195
 20
20.18195803507564
 30
0.0
 40
0.4000000001
100
AcDbArc
 50
113.7494945203999
 51
180.0
  0
ARC
  5
EE5
330
231
100
AcDbEntity
  8
0
  6
Continuous
 62
     7
100
AcDbCircle
 10
92.48534415402195
 20
19.99397405239563
 30
0.0
 40
0.4000000001
100
AcDbArc
 50
180.0
 51
246.2505054796
  0
ARC
  5
EE6
330
231
100
AcDbEntity
  8
0
  6
Continuous
 62
     7
100
AcDbCircle
 10
91.154027378002
 20
20.98411705813564
 30
0.0
 40
0.21792311
100
AcDbArc
 50
136.879555228
 51
138.2300962243
  0
ARC
  5
EE7
330
231
100
AcDbEntity
  8
0
  6
Continuous
 62
     7
100
AcDbCircle
 10
91.45666438512199
 20
20.98412029917566
 30
0.0
 40
0.21791845672
100
AcDbArc
 50
41.76987134790002
 51
43.12050252149997
  0
ARC
  5
EE8
330
231
100
AcDbEntity
  8
0
  6
Continuous
 62
     7
100
AcDbCircle
 10
92.58534415214199
 20
20.83809564837566
 30
0.0
 40
0.14999999972
100
AcDbArc
 50
262.6644168093999
 51
266.4895685899999
  0
ARC
  5
EE9
330
231
100
AcDbEntity
  8
0
  6
Continuous
 62
     7
100
AcDbCircle
 10
92.48534415402195
 20
20.18195803507564
 30
0.0
 40
0.10000000066
100
AcDbArc
 50
113.7494945239
 51
180.0
  0
ARC
  5
EEA
330
231
100
AcDbEntity
  8
0
  6
Continuous
 62
     7
100
AcDbCircle
 10
92.48534415402195
 20
20.72821804491562
 30
0.0
 40
0.10000000066
100
AcDbArc
 50
293.749494527
 51
0.0
  0
ARC
  5
EEB
330
231
100
AcDbEntity
  8
0
  6
Continuous
 62
     7
100
AcDbCircle
 10
92.48534415402195
 20
19.44771404255564
 30
0.0
 40
0.10000000066
100
AcDbArc
 50
0.0
 51
66.25050547280006
  0
ARC
  5
EEC
330
231
100
AcDbEntity
  8
0
  6
Continuous
 62
     7
100
AcDbCircle
 10
92.48534415402195
 20
19.99397405239563
 30
0.0
 40
0.10000000066
100
AcDbArc
 50
180.0
 51
246.2505054760999
  0
ARC
  5
EED
330
231
100
AcDbEntity
  8
0
  6
Continuous
 62
     7
100
AcDbCircle
 10
92.49867748524195
 20
21.21297407311567
 30
0.0
 40
0.09666666722
100
AcDbArc
 50
26.29155523769997
 51
46.39718098349995
  0
ARC
  5
EEE
330
231
100
AcDbEntity
  8
0
  6
Continuous
 62
     7
100
AcDbCircle
 10
92.49867748524195
 20
21.15297407373566
 30
0.0
 40
0.09666666722
100
AcDbArc
 50
313.6028190164
 51
333.7084447623
  0
ARC
  5
EEF
330
231
100
AcDbEntity
  8
0
  6
Continuous
 62
     7
100
AcDbCircle
 10
91.61706521748191
 20
19.47127461011564
 30
0.0
 40
0.04149633052
100
AcDbArc
 50
90.01478270589995
 51
92.35230181359995
  0
ARC
  5
EF0
330
231
100
AcDbEntity
  8
0
  6
Continuous
 62
     7
100
AcDbCircle
 10
91.61705977172193
 20
19.20426269557566
 30
0.0
 40
0.04149175598
100
AcDbArc
 50
267.6549659174999
 51
269.9927364544
  0
CIRCLE
  5
EF1
330
231
100
AcDbEntity
  8
0
  6
Continuous
 62
     7
100
AcDbCircle
 10
151.0520120115619
 20
-18.93695789000435
 30
0.0
 40
2.0000000005
  0
CIRCLE
  5
EF2
330
231
100
AcDbEntity
  8
0
  6
Continuous
 62
     7
100
AcDbCircle
 10
151.0520120115619
 20
-18.93695789000435
 30
0.0
 40
1.30000000096
  0
CIRCLE
  5
EF3
102
{ACAD_REACTORS
330
130D
102
}
330
231
100
AcDbEntity
  8
0
  6
Continuous
 62
     7
100
AcDbCircle
 10
151.0520120115619
 20
-18.93695789000435
 30
0.0
 40
0.9999999989799999
  0
ARC
  5
EF4
330
231
100
AcDbEntity
  8
0
  6
Continuous
 62
     7
100
AcDbCircle
 10
151.049200305222
 20
-18.94031207684435
 30
0.0
 40
0.8542903589799999
100
AcDbArc
 50
49.13518448260005
 51
51.77526726609993
  0
ARC
  5
EF5
330
231
100
AcDbEntity
  8
0
  6
Continuous
 62
     7
100
AcDbCircle
 10
151.0494687705219
 20
-18.93997506964436
 30
0.0
 40
0.8538594962399999
100
AcDbArc
 50
52.01060073510001
 51
53.46147249009999
  0
ARC
  5
EF6
330
231
100
AcDbEntity
  8
0
  6
Continuous
 62
     7
100
AcDbCircle
 10
151.0515767444619
 20
-18.93675999352433
 30
0.0
 40
0.8498594737599999
100
AcDbArc
 50
231.9337076273
 51
234.7261271107
  0
ARC
  5
EF7
330
231
100
AcDbEntity
  8
0
  6
Continuous
 62
     7
100
AcDbCircle
 10
151.0502263661619
 20
-18.93851423944434
 30
0.0
 40
0.8476457519999998
100
AcDbArc
 50
231.7679838675
 51
231.9324591013999
  0
ARC
  5
EF8
330
231
100
AcDbEntity
  8
0
  6
Continuous
 62
     7
100
AcDbCircle
 10
151.049980730382
 20
-18.93882324822434
 30
0.0
 40
0.8472510080600001
100
AcDbArc
 50
230.2807379084999
 51
231.6947732452
  0
ARC
  5
EF9
330
231
100
AcDbEntity
  8
0
  6
Continuous
 62
     7
100
AcDbCircle
 10
162.8020120116419
 20
-22.06195789094434
 30
0.0
 40
0.50000000076
100
AcDbArc
 50
90.0
 51
180.0
  0
ARC
  5
EFA
330
231
100
AcDbEntity
  8
0
  6
Continuous
 62
     7
100
AcDbCircle
 10
167.3020120108619
 20
-22.06195789094434
 30
0.0
 40
0.50000000076
100
AcDbArc
 50
0.0
 51
90.0
  0
ARC
  5
EFB
330
231
100
AcDbEntity
  8
0
  6
Continuous
 62
     7
100
AcDbCircle
 10
145.727012011342
 20
-22.26195788972436
 30
0.0
 40
0.50000000076
100
AcDbArc
 50
180.0
 51
270.0
  0
ARC
  5
EFC
330
231
100
AcDbEntity
  8
0
  6
Continuous
 62
     7
100
AcDbCircle
 10
161.802012012662
 20
-22.26195788972436
 30
0.0
 40
0.50000000076
100
AcDbArc
 50
270.0
 51
0.0
  0
ARC
  5
EFD
330
231
100
AcDbEntity
  8
0
  6
Continuous
 62
     7
100
AcDbCircle
 10
168.302012012382
 20
-22.26195788972436
 30
0.0
 40
0.50000000076
100
AcDbArc
 50
180.0
 51
270.0
  0
ARC
  5
EFE
330
231
100
AcDbEntity
  8
0
  6
Continuous
 62
     7
100
AcDbCircle
 10
173.5620120105219
 20
47.56304210947567
 30
0.0
 40
2.0000000005
100
AcDbArc
 50
180.0
 51
270.0
  0
ARC
  5
EFF
330
231
100
AcDbEntity
  8
0
  6
Continuous
 62
     7
100
AcDbCircle
 10
173.5620120105219
 20
48.56304211099566
 30
0.0
 40
2.0000000005
100
AcDbArc
 50
90.0
 51
180.0
  0
CIRCLE
  5
F00
102
{ACAD_REACTORS
330
12F3
330
130D
102
}
330
231
100
AcDbEntity
  8
0
  6
Continuous
 62
     7
100
AcDbCircle
 10
151.0520120115619
 20
55.06304211071565
 30
0.0
 40
2.0000000005
  0
CIRCLE
  5
F01
330
231
100
AcDbEntity
  8
0
  6
Continuous
 62
     7
100
AcDbCircle
 10
151.0520120115619
 20
55.06304211071565
 30
0.0
 40
1.30000000096
  0
CIRCLE
  5
F02
102
{ACAD_REACTORS
330
1327
330
13C1
102
}
330
231
100
AcDbEntity
  8
0
  6
Continuous
 62
     7
100
AcDbCircle
 10
151.0520120115619
 20
55.06304211071565
 30
0.0
 40
0.9999999989799999
  0
ARC
  5
F03
330
231
100
AcDbEntity
  8
0
  6
Continuous
 62
     7
100
AcDbCircle
 10
151.049200305222
 20
55.05968792387566
 30
0.0
 40
0.8542903589799999
100
AcDbArc
 50
49.13518448260005
 51
51.77526726609993
  0
ARC
  5
F04
330
231
100
AcDbEntity
  8
0
  6
Continuous
 62
     7
100
AcDbCircle
 10
151.0494687705219
 20
55.06002493107565
 30
0.0
 40
0.8538594962399999
100
AcDbArc
 50
52.01060073540001
 51
53.46147248999997
  0
ARC
  5
F05
102
{ACAD_REACTORS
330
135B
330
1375
102
}
330
231
100
AcDbEntity
  8
0
  6
Continuous
 62
     7
100
AcDbCircle
 10
151.0515767444619
 20
55.06324000719565
 30
0.0
 40
0.8498594737599999
100
AcDbArc
 50
231.9337076274
 51
234.7261271105999
  0
ARC
  5
F06
330
231
100
AcDbEntity
  8
0
  6
Continuous
 62
     7
100
AcDbCircle
 10
151.0502263433019
 20
55.06148573079565
 30
0.0
 40
0.8476457164399999
100
AcDbArc
 50
231.7679838645
 51
231.9324591054999
  0
ARC
  5
F07
102
{ACAD_REACTORS
330
1341
102
}
330
231
100
AcDbEntity
  8
0
  6
Continuous
 62
     7
100
AcDbCircle
 10
151.049980730382
 20
55.06117674995568
 30
0.0
 40
0.8472510080600001
100
AcDbArc
 50
230.280737908
 51
231.6947732456
  0
ARC
  5
F08
330
231
100
AcDbEntity
  8
0
  6
Continuous
 62
     7
100
AcDbCircle
 10
158.8020120106419
 20
58.18804210911562
 30
0.0
 40
0.50000000076
100
AcDbArc
 50
180.0
 51
270.0
  0
ARC
  5
F09
330
231
100
AcDbEntity
  8
0
  6
Continuous
 62
     7
100
AcDbCircle
 10
163.302012012402
 20
58.18804210911562
 30
0.0
 40
0.50000000076
100
AcDbArc
 50
270.0
 51
0.0
  0
ARC
  5
F0A
330
231
100
AcDbEntity
  8
0
  6
Continuous
 62
     7
100
AcDbCircle
 10
164.3020120113819
 20
58.38804211043566
 30
0.0
 40
0.50000000076
100
AcDbArc
 50
90.0
 51
180.0
  0
ARC
  5
F0B
330
231
100
AcDbEntity
  8
0
  6
Continuous
 62
     7
100
AcDbCircle
 10
157.802012011662
 20
58.38804211043566
 30
0.0
 40
0.50000000076
100
AcDbArc
 50
0.0
 51
90.0
  0
ARC
  5
F0C
330
231
100
AcDbEntity
  8
0
  6
Continuous
 62
     7
100
AcDbCircle
 10
145.727012011342
 20
58.38804211043566
 30
0.0
 40
0.50000000076
100
AcDbArc
 50
90.0
 51
180.0
  0
ARC
  5
F0D
330
231
100
AcDbEntity
  8
0
  6
Continuous
 62
     7
100
AcDbCircle
 10
142.2020120103019
 20
33.76304210983565
 30
0.0
 40
0.29999999944
100
AcDbArc
 50
90.0
 51
180.0
  0
ARC
  5
F0E
330
231
100
AcDbEntity
  8
0
  6
Continuous
 62
     7
100
AcDbCircle
 10
142.2020120103019
 20
29.36304211127566
 30
0.0
 40
0.29999999944
100
AcDbArc
 50
180.0
 51
270.0
  0
ARC
  5
F0F
330
231
100
AcDbEntity
  8
0
  6
Continuous
 62
     7
100
AcDbCircle
 10
142.2020120103019
 20
43.26304210903566
 30
0.0
 40
0.29999999944
100
AcDbArc
 50
90.0
 51
180.0
  0
ARC
  5
F10
330
231
100
AcDbEntity
  8
0
  6
Continuous
 62
     7
100
AcDbCircle
 10
142.2020120103019
 20
38.86304211047565
 30
0.0
 40
0.29999999944
100
AcDbArc
 50
180.0
 51
270.0
  0
ARC
  5
F11
330
231
100
AcDbEntity
  8
0
  6
Continuous
 62
     7
100
AcDbCircle
 10
172.0777400514618
 20
49.23222949499566
 30
0.0
 40
0.03048
100
AcDbArc
 50
180.0000100175999
 51
270.000010018
  0
ARC
  5
F12
330
231
100
AcDbEntity
  8
0
  6
Continuous
 62
     7
100
AcDbCircle
 10
172.077740008282
 20
49.47606949499564
 30
0.0
 40
0.03048
100
AcDbArc
 50
90.00001001779997
 51
180.0000100183
  0
CIRCLE
  5
F13
330
231
100
AcDbEntity
  8
0
  6
Continuous
 62
     7
100
AcDbCircle
 10
221.0520120112819
 20
-18.93695789000435
 30
0.0
 40
2.0000000005
  0
CIRCLE
  5
F14
330
231
100
AcDbEntity
  8
0
  6
Continuous
 62
     7
100
AcDbCircle
 10
221.0520120112819
 20
-18.93695789000435
 30
0.0
 40
1.30000000096
  0
CIRCLE
  5
F15
330
231
100
AcDbEntity
  8
0
  6
Continuous
 62
     7
100
AcDbCircle
 10
221.0520120112819
 20
-18.93695789000435
 30
0.0
 40
0.9999999989799999
  0
ARC
  5
F16
330
231
100
AcDbEntity
  8
0
  6
Continuous
 62
     7
100
AcDbCircle
 10
221.0492003049419
 20
-18.94031207684435
 30
0.0
 40
0.8542903589799999
100
AcDbArc
 50
49.13518448250001
 51
51.77526726609993
  0
ARC
  5
F17
330
231
100
AcDbEntity
  8
0
  6
Continuous
 62
     7
100
AcDbCircle
 10
221.0494687727819
 20
-18.93997506964436
 30
0.0
 40
0.8538594962399999
100
AcDbArc
 50
52.01060073499998
 51
53.46147248990003
  0
ARC
  5
F18
330
231
100
AcDbEntity
  8
0
  6
Continuous
 62
     7
100
AcDbCircle
 10
221.0515767441819
 20
-18.93675999352433
 30
0.0
 40
0.8498594737599999
100
AcDbArc
 50
231.9337076274
 51
234.7261271108
  0
ARC
  5
F19
330
231
100
AcDbEntity
  8
0
  6
Continuous
 62
     7
100
AcDbCircle
 10
221.050226350642
 20
-18.93851425976433
 30
0.0
 40
0.8476457265999998
100
AcDbArc
 50
231.7679838643999
 51
231.9324591031
  0
ARC
  5
F1A
330
231
100
AcDbEntity
  8
0
  6
Continuous
 62
     7
100
AcDbCircle
 10
221.049980730102
 20
-18.93882324822434
 30
0.0
 40
0.8472510080600001
100
AcDbArc
 50
230.2807379091
 51
231.6947732452999
  0
ARC
  5
F1B
330
231
100
AcDbEntity
  8
0
  6
Continuous
 62
     7
100
AcDbCircle
 10
204.802012011982
 20
-22.06195789094434
 30
0.0
 40
0.50000000076
100
AcDbArc
 50
90.0
 51
180.0
  0
ARC
  5
F1C
330
231
100
AcDbEntity
  8
0
  6
Continuous
 62
     7
100
AcDbCircle
 10
209.302012011202
 20
-22.06195789094434
 30
0.0
 40
0.50000000076
100
AcDbArc
 50
0.0
 51
90.0
  0
ARC
  5
F1D
330
231
100
AcDbEntity
  8
0
  6
Continuous
 62
     7
100
AcDbCircle
 10
226.377012011502
 20
-22.26195788972436
 30
0.0
 40
0.50000000076
100
AcDbArc
 50
270.0
 51
0.0
  0
ARC
  5
F1E
330
231
100
AcDbEntity
  8
0
  6
Continuous
 62
     7
100
AcDbCircle
 10
210.302012012722
 20
-22.26195788972436
 30
0.0
 40
0.50000000076
100
AcDbArc
 50
180.0
 51
270.0
  0
ARC
  5
F1F
330
231
100
AcDbEntity
  8
0
  6
Continuous
 62
     7
100
AcDbCircle
 10
203.802012010462
 20
-22.26195788972436
 30
0.0
 40
0.50000000076
100
AcDbArc
 50
270.0
 51
0.0
  0
ARC
  5
F20
330
231
100
AcDbEntity
  8
0
  6
Continuous
 62
     7
100
AcDbCircle
 10
197.5620120114419
 20
48.56304211099566
 30
0.0
 40
2.0000000005
100
AcDbArc
 50
0.0
 51
90.0
  0
ARC
  5
F21
330
231
100
AcDbEntity
  8
0
  6
Continuous
 62
     7
100
AcDbCircle
 10
197.5620120114419
 20
47.56304210947567
 30
0.0
 40
2.0000000005
100
AcDbArc
 50
270.0
 51
0.0
  0
CIRCLE
  5
F22
330
231
100
AcDbEntity
  8
0
  6
Continuous
 62
     7
100
AcDbCircle
 10
221.0520120112819
 20
55.06304211071565
 30
0.0
 40
2.0000000005
  0
CIRCLE
  5
F23
330
231
100
AcDbEntity
  8
0
  6
Continuous
 62
     7
100
AcDbCircle
 10
221.0520120112819
 20
55.06304211071565
 30
0.0
 40
1.30000000096
  0
CIRCLE
  5
F24
330
231
100
AcDbEntity
  8
0
  6
Continuous
 62
     7
100
AcDbCircle
 10
221.0520120112819
 20
55.06304211071565
 30
0.0
 40
0.9999999989799999
  0
ARC
  5
F25
102
{ACAD_REACTORS
330
12F3
330
13DB
102
}
330
231
100
AcDbEntity
  8
0
  6
Continuous
 62
     7
100
AcDbCircle
 10
221.0492003049419
 20
55.05968792387566
 30
0.0
 40
0.8542903589799999
100
AcDbArc
 50
49.13518448260005
 51
51.77526726609993
  0
ARC
  5
F26
330
231
100
AcDbEntity
  8
0
  6
Continuous
 62
     7
100
AcDbCircle
 10
221.0494687727819
 20
55.06002493107565
 30
0.0
 40
0.8538594962399999
100
AcDbArc
 50
52.01060073510001
 51
53.46147249009999
  0
ARC
  5
F27
330
231
100
AcDbEntity
  8
0
  6
Continuous
 62
     7
100
AcDbCircle
 10
221.0515767441819
 20
55.06324000719565
 30
0.0
 40
0.8498594737599999
100
AcDbArc
 50
231.9337076272001
 51
234.7261271108999
  0
ARC
  5
F28
330
231
100
AcDbEntity
  8
0
  6
Continuous
 62
     7
100
AcDbCircle
 10
221.050226365882
 20
55.06148576127566
 30
0.0
 40
0.84764575454
100
AcDbArc
 50
231.7679838682
 51
231.9324591018
  0
ARC
  5
F29
330
231
100
AcDbEntity
  8
0
  6
Continuous
 62
     7
100
AcDbCircle
 10
221.049980730102
 20
55.06117674995568
 30
0.0
 40
0.8472510080600001
100
AcDbArc
 50
230.2807379077
 51
231.694773246
  0
ARC
  5
F2A
330
231
100
AcDbEntity
  8
0
  6
Continuous
 62
     7
100
AcDbCircle
 10
213.302012012202
 20
58.18804210911562
 30
0.0
 40
0.50000000076
100
AcDbArc
 50
270.0
 51
0.0
  0
ARC
  5
F2B
330
231
100
AcDbEntity
  8
0
  6
Continuous
 62
     7
100
AcDbCircle
 10
208.8020120104419
 20
58.18804210911562
 30
0.0
 40
0.50000000076
100
AcDbArc
 50
180.0
 51
270.0
  0
ARC
  5
F2C
330
231
100
AcDbEntity
  8
0
  6
Continuous
 62
     7
100
AcDbCircle
 10
207.8020120114619
 20
58.38804211043566
 30
0.0
 40
0.50000000076
100
AcDbArc
 50
0.0
 51
90.0
  0
ARC
  5
F2D
330
231
100
AcDbEntity
  8
0
  6
Continuous
 62
     7
100
AcDbCircle
 10
214.3020120111819
 20
58.38804211043566
 30
0.0
 40
0.50000000076
100
AcDbArc
 50
90.0
 51
180.0
  0
ARC
  5
F2E
330
231
100
AcDbEntity
  8
0
  6
Continuous
 62
     7
100
AcDbCircle
 10
226.377012011502
 20
58.38804211043566
 30
0.0
 40
0.50000000076
100
AcDbArc
 50
0.0
 51
90.0
  0
ARC
  5
F2F
330
231
100
AcDbEntity
  8
0
  6
Continuous
 62
     7
100
AcDbCircle
 10
63.43013276748195
 20
90.22267708065488
 30
0.0
 40
0.29999999944
100
AcDbArc
 50
270.0
 51
0.0
  0
ARC
  5
F30
330
231
100
AcDbEntity
  8
0
  6
Continuous
 62
     7
100
AcDbCircle
 10
63.43013276748195
 20
92.6226770812549
 30
0.0
 40
0.29999999944
100
AcDbArc
 50
0.0
 51
90.0
  0
ARC
  5
F31
330
231
100
AcDbEntity
  8
0
  6
Continuous
 62
     7
100
AcDbCircle
 10
62.40619982170193
 20
84.52267708113494
 30
0.0
 40
0.29999999944
100
AcDbArc
 50
269.9999999997999
 51
359.4999999999999
  0
ARC
  5
F32
330
231
100
AcDbEntity
  8
0
  6
Continuous
 62
     7
100
AcDbCircle
 10
-23.24593428643806
 20
84.52267708113494
 30
0.0
 40
0.29999999944
100
AcDbArc
 50
180.4999999999999
 51
270.0
  0
ARC
  5
F33
330
231
100
AcDbEntity
  8
0
  6
Continuous
 62
     7
100
AcDbCircle
 10
23.00998645782198
 20
-68.75413149904433
 30
0.0
 40
0.50000000076
100
AcDbArc
 50
1.999999999999966
 51
90.0
  0
ARC
  5
F34
330
231
100
AcDbEntity
  8
0
  6
Continuous
 62
     7
100
AcDbCircle
 10
16.150279079982
 20
-68.75413149904433
 30
0.0
 40
0.50000000076
100
AcDbArc
 50
90.0
 51
178.0
  0
ARC
  5
F35
330
231
100
AcDbEntity
  8
0
  6
Continuous
 62
     7
100
AcDbCircle
 10
63.43013276748195
 20
-62.25413149678434
 30
0.0
 40
0.29999999944
100
AcDbArc
 50
0.0
 51
90.0
  0
ARC
  5
F36
330
231
100
AcDbEntity
  8
0
  6
Continuous
 62
     7
100
AcDbCircle
 10
63.43013276748195
 20
-64.65413149738433
 30
0.0
 40
0.29999999944
100
AcDbArc
 50
270.0
 51
0.0
  0
ARC
  5
F37
330
231
100
AcDbEntity
  8
0
  6
Continuous
 62
     7
100
AcDbCircle
 10
62.40619982170193
 20
-56.55413149726435
 30
0.0
 40
0.29999999944
100
AcDbArc
 50
0.4999999999999866
 51
90.00000000020003
  0
ARC
  5
F38
330
231
100
AcDbEntity
  8
0
  6
Continuous
 62
     7
100
AcDbCircle
 10
-23.24593428643806
 20
-56.55413149726435
 30
0.0
 40
0.29999999944
100
AcDbArc
 50
90.0
 51
179.5
  0
LINE
  5
1001
330
231
100
AcDbEntity
  8
0
  6
Continuous
 62
     7
100
AcDbLine
 10
-67.11859426509807
 20
61.18909774021566
 30
0.0
 11
-67.11859428795799
 21
59.68915485491561
 31
0.0
  0
LINE
  5
1002
330
231
100
AcDbEntity
  8
0
  6
Continuous
 62
     7
100
AcDbLine
 10
-67.11859426509807
 20
-23.56307063674436
 30
0.0
 11
-67.11859428795799
 21
-25.06301351950432
 31
0.0
  0
LINE
  5
1003
330
231
100
AcDbEntity
  8
0
  6
Continuous
 62
     7
100
AcDbLine
 10
-23.60267034969803
 20
28.56304211107565
 30
0.0
 11
-23.59830689639807
 21
28.06304185123565
 31
0.0
  0
LINE
  5
1004
330
231
100
AcDbEntity
  8
0
  6
Continuous
 62
     7
100
AcDbLine
 10
-23.60267034969803
 20
8.563042111155652
 30
0.0
 11
-23.59830689639807
 21
8.063041851315631
 31
0.0
  0
LINE
  5
1005
330
231
100
AcDbEntity
  8
0
  6
Continuous
 62
     7
100
AcDbLine
 10
-23.60267034969803
 20
10.56304210911565
 30
0.0
 11
-23.59830689639807
 21
10.06304184927566
 31
0.0
  0
LINE
  5
1006
330
231
100
AcDbEntity
  8
0
  6
Continuous
 62
     7
100
AcDbLine
 10
-23.60267034969803
 20
12.56304210961565
 30
0.0
 11
-23.59830689639807
 21
12.06304184977563
 31
0.0
  0
LINE
  5
1007
330
231
100
AcDbEntity
  8
0
  6
Continuous
 62
     7
100
AcDbLine
 10
-23.60267034969803
 20
14.56304211011567
 30
0.0
 11
-23.59830689639807
 21
14.06304185027565
 31
0.0
  0
LINE
  5
1008
330
231
100
AcDbEntity
  8
0
  6
Continuous
 62
     7
100
AcDbLine
 10
-23.60267034969803
 20
16.56304211061564
 30
0.0
 11
-23.59830689639807
 21
16.06304185077565
 31
0.0
  0
LINE
  5
1009
330
231
100
AcDbEntity
  8
0
  6
Continuous
 62
     7
100
AcDbLine
 10
-23.60267034969803
 20
18.56304211111566
 30
0.0
 11
-23.59830689639807
 21
18.06304185127564
 31
0.0
  0
LINE
  5
100A
330
231
100
AcDbEntity
  8
0
  6
Continuous
 62
     7
100
AcDbLine
 10
-23.60267034969803
 20
20.56304210907564
 30
0.0
 11
-23.59830689639807
 21
20.06304184923564
 31
0.0
  0
LINE
  5
100B
330
231
100
AcDbEntity
  8
0
  6
Continuous
 62
     7
100
AcDbLine
 10
-23.60267034969803
 20
22.56304210957566
 30
0.0
 11
-23.59830689639807
 21
22.06304184973567
 31
0.0
  0
LINE
  5
100C
330
231
100
AcDbEntity
  8
0
  6
Continuous
 62
     7
100
AcDbLine
 10
-23.60267034969803
 20
24.56304211007566
 30
0.0
 11
-23.59830689639807
 21
24.06304185023564
 31
0.0
  0
LINE
  5
100D
330
231
100
AcDbEntity
  8
0
  6
Continuous
 62
     7
100
AcDbLine
 10
-23.60267034969803
 20
26.56304211057568
 30
0.0
 11
-23.59830689639807
 21
26.06304185073563
 31
0.0
  0
LINE
  5
100E
330
231
100
AcDbEntity
  8
0
  6
Continuous
 62
     7
100
AcDbLine
 10
-23.59830689639807
 20
28.06304185123565
 30
0.0
 11
-23.60267034969803
 21
27.56304210955565
 31
0.0
  0
LINE
  5
100F
330
231
100
AcDbEntity
  8
0
  6
Continuous
 62
     7
100
AcDbLine
 10
-23.59830689639807
 20
8.063041851315631
 30
0.0
 11
-23.60267034969803
 21
7.563042109635659
 31
0.0
  0
LINE
  5
1010
330
231
100
AcDbEntity
  8
0
  6
Continuous
 62
     7
100
AcDbLine
 10
-23.59830689639807
 20
10.06304184927566
 30
0.0
 11
-23.60267034969803
 21
9.563042110135654
 31
0.0
  0
LINE
  5
1011
330
231
100
AcDbEntity
  8
0
  6
Continuous
 62
     7
100
AcDbLine
 10
-23.59830689639807
 20
12.06304184977563
 30
0.0
 11
-23.60267034969803
 21
11.56304211063565
 31
0.0
  0
LINE
  5
1012
330
231
100
AcDbEntity
  8
0
  6
Continuous
 62
     7
100
AcDbLine
 10
-23.59830689639807
 20
14.06304185027565
 30
0.0
 11
-23.60267034969803
 21
13.56304211113564
 31
0.0
  0
LINE
  5
1013
330
231
100
AcDbEntity
  8
0
  6
Continuous
 62
     7
100
AcDbLine
 10
-23.59830689639807
 20
16.06304185077565
 30
0.0
 11
-23.60267034969803
 21
15.56304210909567
 31
0.0
  0
LINE
  5
1014
330
231
100
AcDbEntity
  8
0
  6
Continuous
 62
     7
100
AcDbLine
 10
-23.59830689639807
 20
18.06304185127564
 30
0.0
 11
-23.60267034969803
 21
17.56304210959564
 31
0.0
  0
LINE
  5
1015
330
231
100
AcDbEntity
  8
0
  6
Continuous
 62
     7
100
AcDbLine
 10
-23.59830689639807
 20
20.06304184923564
 30
0.0
 11
-23.60267034969803
 21
19.56304211009566
 31
0.0
  0
LINE
  5
1016
330
231
100
AcDbEntity
  8
0
  6
Continuous
 62
     7
100
AcDbLine
 10
-23.59830689639807
 20
22.06304184973567
 30
0.0
 11
-23.60267034969803
 21
21.56304211059569
 31
0.0
  0
LINE
  5
1017
330
231
100
AcDbEntity
  8
0
  6
Continuous
 62
     7
100
AcDbLine
 10
-23.59830689639807
 20
24.06304185023564
 30
0.0
 11
-23.60267034969803
 21
23.56304211109563
 31
0.0
  0
LINE
  5
1018
330
231
100
AcDbEntity
  8
0
  6
Continuous
 62
     7
100
AcDbLine
 10
-23.59830689639807
 20
26.06304185073563
 30
0.0
 11
-23.60267034969803
 21
25.56304210905566
 31
0.0
  0
LINE
  5
1019
330
231
100
AcDbEntity
  8
0
  6
Continuous
 62
     7
100
AcDbLine
 10
-23.60703380299799
 20
24.06304185023564
 30
0.0
 11
-23.60267034969803
 21
24.56304211007566
 31
0.0
  0
LINE
  5
101A
330
231
100
AcDbEntity
  8
0
  6
Continuous
 62
     7
100
AcDbLine
 10
-23.60703380299799
 20
26.06304185073563
 30
0.0
 11
-23.60267034969803
 21
26.56304211057568
 31
0.0
  0
SPLINE
  5
101B
330
231
100
AcDbEntity
  8
0
  6
Continuous
 62
     7
100
AcDbSpline
210
0.0
220
0.0
230
1.0
 70
     8
 71
     3
 72
    11
 73
     7
 74
     0
 42
0.000000001
 43
0.0000001
 40
0.0
 40
0.0
 40
0.0
 40
0.0
 40
0.2501338867
 40
0.5001496408000001
 40
0.750005354
 40
1.0
 40
1.0
 40
1.0
 40
1.0
 10
-23.545922860958
 20
-23.56307063674436
 30
0.0
 10
-23.54590890873806
 20
-23.75825767080434
 30
0.0
 10
-23.46780689831809
 20
-24.15281993984436
 30
0.0
 10
-23.13385480777805
 20
-24.65128911308435
 30
0.0
 10
-22.635382909118
 20
-24.98499862346435
 30
0.0
 10
-22.24105835867806
 20
-25.06300405546435
 30
0.0
 10
-22.04597997819803
 20
-25.06301351950432
 30
0.0
  0
SPLINE
  5
101C
330
231
100
AcDbEntity
  8
0
  6
Continuous
 62
     7
100
AcDbSpline
210
0.0
220
0.0
230
1.0
 70
     8
 71
     3
 72
    11
 73
     7
 74
     0
 42
0.000000001
 43
0.0000001
 40
0.0
 40
0.0
 40
0.0
 40
0.0
 40
0.2501338867
 40
0.5001496408000001
 40
0.750005354
 40
1.0
 40
1.0
 40
1.0
 40
1.0
 10
-22.04597997819803
 20
61.18909774021566
 30
0.0
 10
-22.24116701225802
 20
61.18908378799563
 30
0.0
 10
-22.63572928129798
 20
61.11098177503563
 30
0.0
 10
-23.13419845453802
 20
60.77702968703565
 30
0.0
 10
-23.46790796491797
 20
60.27855778837562
 30
0.0
 10
-23.54591339691802
 20
59.88423323793566
 30
0.0
 10
-23.545922860958
 20
59.68915485491561
 30
0.0
  0
SPLINE
  5
101D
330
231
100
AcDbEntity
  8
0
  6
Continuous
 62
     7
100
AcDbSpline
210
0.0
220
0.0
230
1.0
 70
     8
 71
     3
 72
    11
 73
     7
 74
     0
 42
0.000000001
 43
0.0000001
 40
0.0
 40
0.0
 40
0.0
 40
0.0
 40
0.2501338867
 40
0.5001496408000001
 40
0.750005354
 40
1.0
 40
1.0
 40
1.0
 40
1.0
 10
62.70618839876198
 20
59.68915485491561
 30
0.0
 10
62.70617444654203
 20
59.88434189151567
 30
0.0
 10
62.62807243358202
 20
60.27890416055567
 30
0.0
 10
62.29412034304198
 20
60.77737333379563
 30
0.0
 10
61.79564844438198
 20
61.11108284417565
 30
0.0
 10
61.40132389648198
 20
61.18908827617565
 30
0.0
 10
61.20624551346196
 20
61.18909774021566
 30
0.0
  0
SPLINE
  5
101E
330
231
100
AcDbEntity
  8
0
  6
Continuous
 62
     7
100
AcDbSpline
210
0.0
220
0.0
230
1.0
 70
     8
 71
     3
 72
    11
 73
     7
 74
     0
 42
0.000000001
 43
0.0000001
 40
0.0
 40
0.0
 40
0.0
 40
0.0
 40
0.2501337619
 40
0.5001497735
 40
0.7500054071
 40
1.0
 40
1.0
 40
1.0
 40
1.0
 10
61.20624551346196
 20
-24.76302494498432
 30
0.0
 10
61.36239595046203
 20
-24.76300120614434
 30
0.0
 10
61.67804992164201
 20
-24.70054887994434
 30
0.0
 10
62.07682699556198
 20
-24.43337654154433
 30
0.0
 10
62.34380103362202
 20
-24.03459775058437
 30
0.0
 10
62.40618487380192
 20
-23.71913419304434
 30
0.0
 10
62.40619982170193
 20
-23.56307063674436
 30
0.0
  0
SPLINE
  5
101F
330
231
100
AcDbEntity
  8
0
  6
Continuous
 62
     7
100
AcDbSpline
210
0.0
220
0.0
230
1.0
 70
     8
 71
     3
 72
    11
 73
     7
 74
     0
 42
0.000000001
 43
0.0000001
 40
0.0
 40
0.0
 40
0.0
 40
0.0
 40
0.2501337619
 40
0.5001497735
 40
0.7500054071
 40
1.0
 40
1.0
 40
1.0
 40
1.0
 10
62.40619982170193
 20
59.68915485745566
 30
0.0
 10
62.40617608286197
 20
59.84530529191565
 30
0.0
 10
62.34372375920196
 20
60.16095926309566
 30
0.0
 10
62.07655142080193
 20
60.55973633955566
 30
0.0
 10
61.67777262984197
 20
60.82671037761565
 30
0.0
 10
61.36230907230197
 20
60.88909421525565
 30
0.0
 10
61.20624551346196
 20
60.88910916315566
 30
0.0
  0
SPLINE
  5
1020
330
231
100
AcDbEntity
  8
0
  6
Continuous
 62
     7
100
AcDbSpline
210
0.0
220
0.0
230
1.0
 70
     8
 71
     3
 72
    11
 73
     7
 74
     0
 42
0.000000001
 43
0.0000001
 40
0.0
 40
0.0
 40
0.0
 40
0.0
 40
0.2501337619
 40
0.5001497735
 40
0.7500054071
 40
1.0
 40
1.0
 40
1.0
 40
1.0
 10
-22.04597997819803
 20
60.88910916315566
 30
0.0
 10
-22.20213041265805
 20
60.88908542431565
 30
0.0
 10
-22.51778438383798
 20
60.82663310065567
 30
0.0
 10
-22.91656146029806
 20
60.55946076225564
 30
0.0
 10
-23.18353549835803
 20
60.16068197129564
 30
0.0
 10
-23.24591933599799
 20
59.84521841375564
 30
0.0
 10
-23.24593428643806
 20
59.68915485745566
 30
0.0
  0
SPLINE
  5
1021
330
231
100
AcDbEntity
  8
0
  6
Continuous
 62
     7
100
AcDbSpline
210
0.0
220
0.0
230
1.0
 70
     8
 71
     3
 72
    11
 73
     7
 74
     0
 42
0.000000001
 43
0.0000001
 40
0.0
 40
0.0
 40
0.0
 40
0.0
 40
0.2501337619
 40
0.5001497735
 40
0.7500054071
 40
1.0
 40
1.0
 40
1.0
 40
1.0
 10
-23.24593428643806
 20
-23.56307063674436
 30
0.0
 10
-23.24591054759804
 20
-23.71922107120434
 30
0.0
 10
-23.18345822139804
 20
-24.03487504238436
 30
0.0
 10
-22.91628588299801
 20
-24.43365211884435
 30
0.0
 10
-22.51750709203799
 20
-24.70062615690435
 30
0.0
 10
-22.20204353449799
 20
-24.76300999454435
 30
0.0
 10
-22.04597997819803
 20
-24.76302494498432
 30
0.0
  0
LINE
  5
1022
330
231
100
AcDbEntity
  8
0
  6
Continuous
 62
     7
100
AcDbLine
 10
-18.84935392797803
 20
-24.07124833260434
 30
0.0
 11
-18.170352042398
 21
-24.06989708308436
 31
0.0
  0
LINE
  5
1023
330
231
100
AcDbEntity
  8
0
  6
Continuous
 62
     7
100
AcDbLine
 10
57.33069695266204
 20
-24.06989714658437
 30
0.0
 11
58.00961947848202
 21
-24.07124833260434
 31
0.0
  0
LINE
  5
1024
330
231
100
AcDbEntity
  8
0
  6
Continuous
 62
     7
100
AcDbLine
 10
-23.60267034969803
 20
21.56304211059569
 30
0.0
 11
-23.60703380299799
 21
22.06304184973567
 31
0.0
  0
LINE
  5
1025
330
231
100
AcDbEntity
  8
0
  6
Continuous
 62
     7
100
AcDbLine
 10
-23.60267034969803
 20
11.56304211063565
 30
0.0
 11
-23.60703380299799
 21
12.06304184977563
 31
0.0
  0
LINE
  5
1026
330
231
100
AcDbEntity
  8
0
  6
Continuous
 62
     7
100
AcDbLine
 10
-23.60267034969803
 20
27.56304210955565
 30
0.0
 11
-23.60703380299799
 21
28.06304185123565
 31
0.0
  0
LINE
  5
1027
330
231
100
AcDbEntity
  8
0
  6
Continuous
 62
     7
100
AcDbLine
 10
-23.60267034969803
 20
9.563042110135654
 30
0.0
 11
-23.60703380299799
 21
10.06304184927566
 31
0.0
  0
LINE
  5
1028
330
231
100
AcDbEntity
  8
0
  6
Continuous
 62
     7
100
AcDbLine
 10
-23.60267034969803
 20
19.56304211009566
 30
0.0
 11
-23.60703380299799
 21
20.06304184923564
 31
0.0
  0
LINE
  5
1029
330
231
100
AcDbEntity
  8
0
  6
Continuous
 62
     7
100
AcDbLine
 10
-23.60267034969803
 20
23.56304211109563
 30
0.0
 11
-23.60703380299799
 21
24.06304185023564
 31
0.0
  0
LINE
  5
102A
330
231
100
AcDbEntity
  8
0
  6
Continuous
 62
     7
100
AcDbLine
 10
-23.60267034969803
 20
13.56304211113564
 30
0.0
 11
-23.60703380299799
 21
14.06304185027565
 31
0.0
  0
SPLINE
  5
102B
330
231
100
AcDbEntity
  8
0
  6
Continuous
 62
     7
100
AcDbSpline
210
0.0
220
0.0
230
1.0
 70
     8
 71
     3
 72
    11
 73
     7
 74
     0
 42
0.000000001
 43
0.0000001
 40
0.0
 40
0.0
 40
0.0
 40
0.0
 40
0.2501338867
 40
0.5001496408000001
 40
0.750005354
 40
1.0
 40
1.0
 40
1.0
 40
1.0
 10
61.20624551346196
 20
-25.06301351950432
 30
0.0
 10
61.40143255006194
 20
-25.06299956728435
 30
0.0
 10
61.79599481910196
 20
-24.98489755686435
 30
0.0
 10
62.29446399234195
 20
-24.65094546632434
 30
0.0
 10
62.62817350018202
 20
-24.15247356766434
 30
0.0
 10
62.706178934722
 20
-23.75814901722435
 30
0.0
 10
62.70618839876198
 20
-23.56307063674436
 30
0.0
  0
LINE
  5
102C
330
231
100
AcDbEntity
  8
0
  6
Continuous
 62
     7
100
AcDbLine
 10
-23.60703380299799
 20
28.06304185123565
 30
0.0
 11
-23.60267034969803
 21
28.56304211107565
 31
0.0
  0
LINE
  5
102D
330
231
100
AcDbEntity
  8
0
  6
Continuous
 62
     7
100
AcDbLine
 10
-23.60267034969803
 20
7.563042109635659
 30
0.0
 11
-23.60703380299799
 21
8.063041851315631
 31
0.0
  0
LINE
  5
102E
330
231
100
AcDbEntity
  8
0
  6
Continuous
 62
     7
100
AcDbLine
 10
-23.60703380299799
 20
8.063041851315631
 30
0.0
 11
-23.60267034969803
 21
8.563042111155652
 31
0.0
  0
LINE
  5
102F
330
231
100
AcDbEntity
  8
0
  6
Continuous
 62
     7
100
AcDbLine
 10
-23.60267034969803
 20
25.56304210905566
 30
0.0
 11
-23.60703380299799
 21
26.06304185073563
 31
0.0
  0
LINE
  5
1030
330
231
100
AcDbEntity
  8
0
  6
Continuous
 62
     7
100
AcDbLine
 10
-23.60267034969803
 20
17.56304210959564
 30
0.0
 11
-23.60703380299799
 21
18.06304185127564
 31
0.0
  0
LINE
  5
1031
330
231
100
AcDbEntity
  8
0
  6
Continuous
 62
     7
100
AcDbLine
 10
-23.60703380299799
 20
10.06304184927566
 30
0.0
 11
-23.60267034969803
 21
10.56304210911565
 31
0.0
  0
LINE
  5
1032
330
231
100
AcDbEntity
  8
0
  6
Continuous
 62
     7
100
AcDbLine
 10
-23.60703380299799
 20
12.06304184977563
 30
0.0
 11
-23.60267034969803
 21
12.56304210961565
 31
0.0
  0
LINE
  5
1033
330
231
100
AcDbEntity
  8
0
  6
Continuous
 62
     7
100
AcDbLine
 10
-23.60703380299799
 20
14.06304185027565
 30
0.0
 11
-23.60267034969803
 21
14.56304211011567
 31
0.0
  0
LINE
  5
1034
330
231
100
AcDbEntity
  8
0
  6
Continuous
 62
     7
100
AcDbLine
 10
-23.60267034969803
 20
15.56304210909567
 30
0.0
 11
-23.60703380299799
 21
16.06304185077565
 31
0.0
  0
LINE
  5
1035
330
231
100
AcDbEntity
  8
0
  6
Continuous
 62
     7
100
AcDbLine
 10
-23.60703380299799
 20
16.06304185077565
 30
0.0
 11
-23.60267034969803
 21
16.56304211061564
 31
0.0
  0
LINE
  5
1036
330
231
100
AcDbEntity
  8
0
  6
Continuous
 62
     7
100
AcDbLine
 10
-23.60703380299799
 20
18.06304185127564
 30
0.0
 11
-23.60267034969803
 21
18.56304211111566
 31
0.0
  0
LINE
  5
1037
330
231
100
AcDbEntity
  8
0
  6
Continuous
 62
     7
100
AcDbLine
 10
-23.60703380299799
 20
20.06304184923564
 30
0.0
 11
-23.60267034969803
 21
20.56304210907564
 31
0.0
  0
LINE
  5
1038
330
231
100
AcDbEntity
  8
0
  6
Continuous
 62
     7
100
AcDbLine
 10
-23.60703380299799
 20
22.06304184973567
 30
0.0
 11
-23.60267034969803
 21
22.56304210957566
 31
0.0
  0
LINE
  5
1039
330
231
100
AcDbEntity
  8
0
  6
Continuous
 62
     7
100
AcDbLine
 10
90.99475331250198
 20
0.0981716545956602
 30
0.0
 11
90.98998101318192
 21
0.0978818786956595
 31
0.0
  0
LINE
  5
103A
330
231
100
AcDbEntity
  8
0
  6
Continuous
 62
     7
100
AcDbLine
 10
90.994785659402
 20
5.947585078935645
 30
0.0
 11
90.98998101318192
 21
5.947881844915656
 31
0.0
  0
LINE
  5
103B
330
231
100
AcDbEntity
  8
0
  6
Continuous
 62
     7
100
AcDbLine
 10
90.99475332774199
 20
15.16304213693567
 30
0.0
 11
90.98998101318192
 21
15.16275250073565
 31
0.0
  0
LINE
  5
103C
330
231
100
AcDbEntity
  8
0
  6
Continuous
 62
     7
100
AcDbLine
 10
90.994785659402
 20
21.01245555365566
 30
0.0
 11
90.98998101318192
 21
21.01275246441563
 31
0.0
  0
SPLINE
  5
103D
330
231
100
AcDbEntity
  8
0
  6
Continuous
 62
     7
100
AcDbSpline
210
0.0
220
0.0
230
1.0
 70
     8
 71
     3
 72
     9
 73
     5
 74
     0
 42
0.000000001
 43
0.0000001
 40
0.0
 40
0.0
 40
0.0
 40
0.0
 40
0.5000208352000001
 40
1.0
 40
1.0
 40
1.0
 40
1.0
 10
90.93534415268198
 20
0.1279529564756672
 30
0.0
 10
90.93534415268198
 20
0.1013565275756605
 30
0.0
 10
90.94549749280195
 20
0.0477473180556558
 30
0.0
 10
90.97401013072198
 20
0.0013081475356671
 30
0.0
 10
90.99175564768193
 20
-0.0184996462243419
 30
0.0
  0
SPLINE
  5
103E
330
231
100
AcDbEntity
  8
0
  6
Continuous
 62
     7
100
AcDbSpline
210
0.0
220
0.0
230
1.0
 70
     8
 71
     3
 72
     9
 73
     5
 74
     0
 42
0.000000001
 43
0.0000001
 40
0.0
 40
0.0
 40
0.0
 40
0.0
 40
0.5000243264000001
 40
1.0
 40
1.0
 40
1.0
 40
1.0
 10
90.99153003218191
 20
6.06439670205566
 30
0.0
 10
90.97381957230197
 20
6.044577816115662
 30
0.0
 10
90.94544124196199
 20
5.998095069355628
 30
0.0
 10
90.93534415268198
 20
5.94452946909567
 30
0.0
 10
90.93534415268198
 20
5.917952953795662
 30
0.0
  0
SPLINE
  5
103F
330
231
100
AcDbEntity
  8
0
  6
Continuous
 62
     7
100
AcDbSpline
210
0.0
220
0.0
230
1.0
 70
     8
 71
     3
 72
     9
 73
     5
 74
     0
 42
0.000000001
 43
0.0000001
 40
0.0
 40
0.0
 40
0.0
 40
0.0
 40
0.5000237498
 40
1.0
 40
1.0
 40
1.0
 40
1.0
 10
91.61907169302196
 20
-0.0185910938443499
 30
0.0
 10
91.636808546042
 20
0.0012334105756509
 30
0.0
 10
91.66523028752198
 20
0.0477446739156449
 30
0.0
 10
91.67534415350194
 20
0.1013545997156484
 30
0.0
 10
91.67534415350194
 20
0.1279529564756672
 30
0.0
  0
SPLINE
  5
1040
330
231
100
AcDbEntity
  8
0
  6
Continuous
 62
     7
100
AcDbSpline
210
0.0
220
0.0
230
1.0
 70
     8
 71
     3
 72
     9
 73
     5
 74
     0
 42
0.000000001
 43
0.0000001
 40
0.0
 40
0.0
 40
0.0
 40
0.0
 40
0.4999756455
 40
1.0
 40
1.0
 40
1.0
 40
1.0
 10
91.67534415350194
 20
5.917952953795662
 30
0.0
 10
91.67534415350194
 20
5.94452946655565
 30
0.0
 10
91.66524702358197
 20
5.998095049035669
 30
0.0
 10
91.63686879230198
 20
6.044577854215646
 30
0.0
 10
91.61915834258195
 20
6.064396752855628
 30
0.0
  0
SPLINE
  5
1041
330
231
100
AcDbEntity
  8
0
  6
Continuous
 62
     7
100
AcDbSpline
210
0.0
220
0.0
230
1.0
 70
     8
 71
     3
 72
     9
 73
     5
 74
     0
 42
0.000000001
 43
0.0000001
 40
0.0
 40
0.0
 40
0.0
 40
0.0
 40
0.5000210547
 40
1.0
 40
1.0
 40
1.0
 40
1.0
 10
90.93534415268198
 20
15.19288039069565
 30
0.0
 10
90.93534415268198
 20
15.16627525721566
 30
0.0
 10
90.94550408664195
 20
15.11264820673565
 30
0.0
 10
90.97403501256195
 20
15.06619835043568
 30
0.0
 10
90.99179102734195
 20
15.04638830369566
 30
0.0
  0
SPLINE
  5
1042
330
231
100
AcDbEntity
  8
0
  6
Continuous
 62
     7
100
AcDbSpline
210
0.0
220
0.0
230
1.0
 70
     8
 71
     3
 72
     9
 73
     5
 74
     0
 42
0.000000001
 43
0.0000001
 40
0.0
 40
0.0
 40
0.0
 40
0.0
 40
0.5000245870000001
 40
1.0
 40
1.0
 40
1.0
 40
1.0
 10
90.99149465506201
 20
21.12928453005566
 30
0.0
 10
90.97379479968191
 20
21.10946782343567
 30
0.0
 10
90.94543459732198
 20
21.06299596565563
 30
0.0
 10
90.93534415268198
 20
21.00944817841563
 30
0.0
 10
90.93534415268198
 20
20.98288038039564
 30
0.0
  0
SPLINE
  5
1043
330
231
100
AcDbEntity
  8
0
  6
Continuous
 62
     7
100
AcDbSpline
210
0.0
220
0.0
230
1.0
 70
     8
 71
     3
 72
     9
 73
     5
 74
     0
 42
0.000000001
 43
0.0000001
 40
0.0
 40
0.0
 40
0.0
 40
0.0
 40
0.5000234844
 40
1.0
 40
1.0
 40
1.0
 40
1.0
 10
91.61903628796205
 20
15.04629677479565
 30
0.0
 10
91.63678375310196
 20
15.06612344329562
 30
0.0
 10
91.66522363780194
 20
15.11264558037564
 30
0.0
 10
91.67534415350194
 20
15.16627331665566
 30
0.0
 10
91.67534415350194
 20
15.19288038815566
 30
0.0
  0
SPLINE
  5
1044
330
231
100
AcDbEntity
  8
0
  6
Continuous
 62
     7
100
AcDbSpline
210
0.0
220
0.0
230
1.0
 70
     8
 71
     3
 72
     9
 73
     5
 74
     0
 42
0.000000001
 43
0.0000001
 40
0.0
 40
0.0
 40
0.0
 40
0.0
 40
0.4999753848
 40
1.0
 40
1.0
 40
1.0
 40
1.0
 10
91.67534415350194
 20
20.98288038039564
 30
0.0
 10
91.67534415350194
 20
21.00944817841563
 30
0.0
 10
91.66525366568192
 20
21.06299594533564
 30
0.0
 10
91.63689356492199
 20
21.10946786153565
 30
0.0
 10
91.61919371970203
 20
21.12928458085566
 30
0.0
  0
LINE
  5
1045
330
231
100
AcDbEntity
  8
0
  6
Continuous
 62
     7
100
AcDbLine
 10
83.33272373438195
 20
-25.06301351950432
 30
0.0
 11
83.33272375724197
 21
-23.56307063674436
 31
0.0
  0
LINE
  5
1046
330
231
100
AcDbEntity
  8
0
  6
Continuous
 62
     7
100
AcDbLine
 10
83.33272373438195
 20
59.68915485491561
 30
0.0
 11
83.33272375724197
 21
61.18909774021566
 31
0.0
  0
SPLINE
  5
1047
330
231
100
AcDbEntity
  8
0
  6
Continuous
 62
     7
100
AcDbSpline
210
0.0
220
0.0
230
1.0
 70
     8
 71
     3
 72
    15
 73
    11
 74
     0
 42
0.000000001
 43
0.0000001
 40
0.0
 40
0.0
 40
0.0
 40
0.0
 40
0.1873208783
 40
0.3449265236
 40
0.4753283294
 40
0.5796043339
 40
0.6742444531000001
 40
0.7736306890000001
 40
0.8820251681
 40
1.0
 40
1.0
 40
1.0
 40
1.0
 10
172.4869586031019
 20
49.40090195165564
 30
0.0
 10
172.486109928142
 20
49.40064571137566
 30
0.0
 10
172.484547208382
 20
49.40017388097564
 30
0.0
 10
172.4824601157819
 20
49.39932535333565
 30
0.0
 10
172.4808347901019
 20
49.39841436963567
 30
0.0
 10
172.479641853702
 20
49.39738920277566
 30
0.0
 10
172.478840691982
 20
49.39620940071563
 30
0.0
 10
172.4783082876619
 20
49.39487492027564
 30
0.0
 10
172.4779488090819
 20
49.39336621869566
 30
0.0
 10
172.4779252201019
 20
49.39229279437563
 30
0.0
 10
172.477912926502
 20
49.39173336953567
 30
0.0
  0
LINE
  5
1048
330
231
100
AcDbEntity
  8
0
  6
Continuous
 62
     7
100
AcDbLine
 10
172.477912926502
 20
49.39173336953567
 30
0.0
 11
172.4858033145818
 21
49.38246646655565
 31
0.0
  0
LINE
  5
1049
330
231
100
AcDbEntity
  8
0
  6
Continuous
 62
     7
100
AcDbLine
 10
172.4858033145818
 20
49.38246646655565
 30
0.0
 11
172.4912110584019
 21
49.38349885463566
 31
0.0
  0
SPLINE
  5
104A
330
231
100
AcDbEntity
  8
0
  6
Continuous
 62
     7
100
AcDbSpline
210
0.0
220
0.0
230
1.0
 70
     8
 71
     3
 72
    15
 73
    11
 74
     0
 42
0.000000001
 43
0.0000001
 40
0.0
 40
0.0
 40
0.0
 40
0.0
 40
0.1691023532
 40
0.3176580377
 40
0.4462387397
 40
0.5631178167000001
 40
0.6718277674
 40
0.7765464769000001
 40
0.8848583833999999
 40
1.0
 40
1.0
 40
1.0
 40
1.0
 10
172.488925068562
 20
49.32268633973563
 30
0.0
 10
172.4880297185619
 20
49.32266400805563
 30
0.0
 10
172.4863478067619
 20
49.32262205995565
 30
0.0
 10
172.4840186039021
 20
49.32216412335566
 30
0.0
 10
172.482065178802
 20
49.32140450333566
 30
0.0
 10
172.480495029542
 20
49.32034246837563
 30
0.0
 10
172.479356172282
 20
49.31899679415565
 30
0.0
 10
172.4785104691219
 20
49.31750906027563
 30
0.0
 10
172.4780093576019
 20
49.31582675477563
 30
0.0
 10
172.4779457280621
 20
49.31464360499564
 30
0.0
 10
172.4779129392019
 20
49.31403394911564
 30
0.0
  0
SPLINE
  5
104B
330
231
100
AcDbEntity
  8
0
  6
Continuous
 62
     7
100
AcDbSpline
210
0.0
220
0.0
230
1.0
 70
     8
 71
     3
 72
    15
 73
    11
 74
     0
 42
0.000000001
 43
0.0000001
 40
0.0
 40
0.0
 40
0.0
 40
0.0
 40
0.1150513945
 40
0.2232784305
 40
0.3292686672
 40
0.4378934356000001
 40
0.5546809291
 40
0.6825908712000001
 40
0.8310301512
 40
1.0
 40
1.0
 40
1.0
 40
1.0
 10
172.4779129392019
 20
49.31403394911564
 30
0.0
 10
172.4779453242019
 20
49.31342406463568
 30
0.0
 10
172.4780081714219
 20
49.31224047035565
 30
0.0
 10
172.4785169207221
 20
49.31055438533565
 30
0.0
 10
172.4793478055219
 20
49.30904968679564
 30
0.0
 10
172.480496731342
 20
49.30770309817567
 30
0.0
 10
172.482059527302
 20
49.30663328573562
 30
0.0
 10
172.4840252434619
 20
49.30591220767564
 30
0.0
 10
172.486346681542
 20
49.30544306459563
 30
0.0
 10
172.488029329942
 20
49.30540293005567
 30
0.0
 10
172.4889250711019
 20
49.30538156357565
 30
0.0
  0
SPLINE
  5
104C
330
231
100
AcDbEntity
  8
0
  6
Continuous
 62
     7
100
AcDbSpline
210
0.0
220
0.0
230
1.0
 70
     8
 71
     3
 72
    15
 73
    11
 74
     0
 42
0.000000001
 43
0.0000001
 40
0.0
 40
0.0
 40
0.0
 40
0.0
 40
0.1690117158
 40
0.3174877757
 40
0.4454294110000001
 40
0.5609770135000001
 40
0.6706497472999999
 40
0.7766662461000001
 40
0.8849200982999999
 40
1.0
 40
1.0
 40
1.0
 40
1.0
 10
172.5408393945018
 20
49.30538157373565
 30
0.0
 10
172.5417353210819
 20
49.30540270399564
 30
0.0
 10
172.543418317462
 20
49.30544239657564
 30
0.0
 10
172.5457374847819
 20
49.30591441747566
 30
0.0
 10
172.547703901982
 20
49.30662423825563
 30
0.0
 10
172.5492439446219
 20
49.30771991805565
 30
0.0
 10
172.5504192229419
 20
49.30903999669564
 30
0.0
 10
172.551246145342
 20
49.31055572645568
 30
0.0
 10
172.551756667562
 20
49.31224012237561
 30
0.0
 10
172.5518192658619
 20
49.31342395541562
 30
0.0
 10
172.5518515213219
 20
49.31403396181565
 30
0.0
  0
SPLINE
  5
104D
330
231
100
AcDbEntity
  8
0
  6
Continuous
 62
     7
100
AcDbSpline
210
0.0
220
0.0
230
1.0
 70
     8
 71
     3
 72
    15
 73
    11
 74
     0
 42
0.000000001
 43
0.0000001
 40
0.0
 40
0.0
 40
0.0
 40
0.0
 40
0.1151701685
 40
0.2235089333
 40
0.3282536101
 40
0.4380123695000001
 40
0.5536506056000001
 40
0.6822631920000001
 40
0.8308557141999999
 40
1.0
 40
1.0
 40
1.0
 40
1.0
 10
172.5518515213219
 20
49.31403396181565
 30
0.0
 10
172.5518188620019
 20
49.31464374215565
 30
0.0
 10
172.5517554813819
 20
49.31582712815566
 30
0.0
 10
172.5512526020219
 20
49.31750775217565
 30
0.0
 10
172.550410736802
 20
49.31900641059567
 30
0.0
 10
172.5492456311819
 20
49.32032567135564
 30
0.0
 10
172.5476983089021
 20
49.32141369305566
 30
0.0
 10
172.5457441192619
 20
49.32216193895564
 30
0.0
 10
172.5434171846219
 20
49.32262274575567
 30
0.0
 10
172.541734924842
 20
49.32266425189562
 30
0.0
 10
172.540839389422
 20
49.32268634735564
 30
0.0
  0
SPLINE
  5
104E
330
231
100
AcDbEntity
  8
0
  6
Continuous
 62
     7
100
AcDbSpline
210
0.0
220
0.0
230
1.0
 70
     8
 71
     3
 72
    27
 73
    23
 74
     0
 42
0.000000001
 43
0.0000001
 40
0.0
 40
0.0
 40
0.0
 40
0.0
 40
0.0498546206
 40
0.0995158562
 40
0.148481674
 40
0.1975802907
 40
0.2468039996
 40
0.2962681689
 40
0.3465174061
 40
0.3970466255
 40
0.4468257263
 40
0.4933596977000001
 40
0.5378005291
 40
0.5792074186000001
 40
0.6179738583
 40
0.6548326783000001
 40
0.6891713836
 40
0.7220879613
 40
0.7863922701999999
 40
0.8535183155
 40
0.9241863665
 40
1.0
 40
1.0
 40
1.0
 40
1.0
 10
172.4495960286019
 20
49.36616949381562
 30
0.0
 10
172.449576229302
 20
49.36724336263563
 30
0.0
 10
172.449536706902
 20
49.36938693467562
 30
0.0
 10
172.449246326482
 20
49.37257606215564
 30
0.0
 10
172.4487079430019
 20
49.37571375971564
 30
0.0
 10
172.448039323562
 20
49.37881712917564
 30
0.0
 10
172.447117651542
 20
49.38186741771565
 30
0.0
 10
172.446004687042
 20
49.38487770125565
 30
0.0
 10
172.4447112403019
 20
49.38784670979567
 30
0.0
 10
172.443212246602
 20
49.39072497937562
 30
0.0
 10
172.4416100400019
 20
49.39345282761564
 30
0.0
 10
172.4399841021819
 20
49.39601318317565
 30
0.0
 10
172.4383208720819
 20
49.39833068679565
 30
0.0
 10
172.4366555210819
 20
49.40043819845567
 30
0.0
 10
172.434941699262
 20
49.40228961969563
 30
0.0
 10
172.4332374862618
 20
49.40393648711562
 30
0.0
 10
172.4315023690818
 20
49.40536322797567
 30
0.0
 10
172.4291360415819
 20
49.40692837343568
 30
0.0
 10
172.425960170362
 20
49.40852894935563
 30
0.0
 10
172.4217934832419
 20
49.40983921597567
 30
0.0
 10
172.417245552282
 20
49.41063711125562
 30
0.0
 10
172.4140885939021
 20
49.41073348139565
 30
0.0
 10
172.4124546652418
 20
49.41078335683562
 30
0.0
  0
SPLINE
  5
104F
330
231
100
AcDbEntity
  8
0
  6
Continuous
 62
     7
100
AcDbSpline
210
0.0
220
0.0
230
1.0
 70
     8
 71
     3
 72
    23
 73
    19
 74
     0
 42
0.000000001
 43
0.0000001
 40
0.0
 40
0.0
 40
0.0
 40
0.0
 40
0.0669201792
 40
0.1308339255
 40
0.1925796046
 40
0.2527594853
 40
0.3126307928
 40
0.3734111247
 40
0.4363591774000001
 40
0.5018941881
 40
0.5682442088000001
 40
0.6324720854
 40
0.6955601552
 40
0.7571627661
 40
0.8185923056
 40
0.8788847728
 40
0.9392352670999999
 40
1.0
 40
1.0
 40
1.0
 40
1.0
 10
172.4124546652418
 20
49.41078335683562
 30
0.0
 10
172.4110177745419
 20
49.41074541177565
 30
0.0
 10
172.4082085472419
 20
49.41067122599566
 30
0.0
 10
172.404124501562
 20
49.40995782889564
 30
0.0
 10
172.4002904350619
 20
49.40883536225567
 30
0.0
 10
172.396709047762
 20
49.40725625187562
 30
0.0
 10
172.393414411222
 20
49.40518457961568
 30
0.0
 10
172.390362474222
 20
49.40267835653568
 30
0.0
 10
172.387574420362
 20
49.39970950547567
 30
0.0
 10
172.3851139960219
 20
49.39632097275566
 30
0.0
 10
172.3829136143419
 20
49.39273075895568
 30
0.0
 10
172.3809906286019
 20
49.38904465507565
 30
0.0
 10
172.379328843762
 20
49.38534361345566
 30
0.0
 10
172.378002717382
 20
49.38157326031563
 30
0.0
 10
172.3769359300819
 20
49.37778352443567
 30
0.0
 10
172.376202306962
 20
49.37394300887564
 30
0.0
 10
172.3757413325219
 20
49.37007276261565
 30
0.0
 10
172.3756854728419
 20
49.36747353743567
 30
0.0
 10
172.375657446482
 20
49.36616948111566
 30
0.0
  0
SPLINE
  5
1050
330
231
100
AcDbEntity
  8
0
  6
Continuous
 62
     7
100
AcDbSpline
210
0.0
220
0.0
230
1.0
 70
     8
 71
     3
 72
    27
 73
    23
 74
     0
 42
0.000000001
 43
0.0000001
 40
0.0
 40
0.0
 40
0.0
 40
0.0
 40
0.0498859558
 40
0.0988204148
 40
0.1481323873
 40
0.1968903664
 40
0.2460375336
 40
0.2951758563
 40
0.3453051738
 40
0.395692494
 40
0.4453120012
 40
0.4918752206000001
 40
0.5358130146
 40
0.5770092233
 40
0.6160809972
 40
0.6526889553000001
 40
0.6875847826000001
 40
0.7202060281999999
 40
0.7850620934000001
 40
0.8522303295
 40
0.9237586612000001
 40
1.0
 40
1.0
 40
1.0
 40
1.0
 10
172.375657451562
 20
49.34842225473568
 30
0.0
 10
172.375675627802
 20
49.34734815985564
 30
0.0
 10
172.3757116348419
 20
49.34522046027564
 30
0.0
 10
172.376023201402
 20
49.34204406073565
 30
0.0
 10
172.3765032868019
 20
49.33891423209567
 30
0.0
 10
172.377205284382
 20
49.33582207927566
 30
0.0
 10
172.3780710764021
 20
49.33277421643563
 30
0.0
 10
172.3792130146819
 20
49.32978810607565
 30
0.0
 10
172.3804645209419
 20
49.32681802819567
 30
0.0
 10
172.381945119962
 20
49.32394229099563
 30
0.0
 10
172.383517501882
 20
49.32120615473568
 30
0.0
 10
172.385141847122
 20
49.31866278161567
 30
0.0
 10
172.3867920317819
 20
49.31635688833563
 30
0.0
 10
172.3884319624619
 20
49.31424267615563
 30
0.0
 10
172.3901328810818
 20
49.31238626127566
 30
0.0
 10
172.3918291565819
 20
49.31071392019564
 30
0.0
 10
172.3935668188419
 20
49.30929204089565
 30
0.0
 10
172.395930979722
 20
49.30769645861565
 30
0.0
 10
172.399110767622
 20
49.30608882149565
 30
0.0
 10
172.4033057046219
 20
49.30477782843564
 30
0.0
 10
172.407874649002
 20
49.30394873179563
 30
0.0
 10
172.411058033542
 20
49.30385615387564
 30
0.0
 10
172.4127004915219
 20
49.30380838917566
 30
0.0
  0
SPLINE
  5
1051
330
231
100
AcDbEntity
  8
0
  6
Continuous
 62
     7
100
AcDbSpline
210
0.0
220
0.0
230
1.0
 70
     8
 71
     3
 72
    23
 73
    19
 74
     0
 42
0.000000001
 43
0.0000001
 40
0.0
 40
0.0
 40
0.0
 40
0.0
 40
0.0672173951
 40
0.1310511995
 40
0.1927196484
 40
0.2528242574
 40
0.3127446299
 40
0.3734489392
 40
0.4360411229
 40
0.5014941639
 40
0.5677611955
 40
0.6320865210000001
 40
0.6950956817
 40
0.7571087714
 40
0.8179925556999998
 40
0.8786573092000001
 40
0.9393112701999999
 40
1.0
 40
1.0
 40
1.0
 40
1.0
 10
172.4127004915219
 20
49.30380838917566
 30
0.0
 10
172.4141456550019
 20
49.30384584655564
 30
0.0
 10
172.4169632338219
 20
49.30391887409564
 30
0.0
 10
172.4210547090019
 20
49.30463476293567
 30
0.0
 10
172.424891191042
 20
49.30575337385565
 30
0.0
 10
172.4284662766019
 20
49.30734749309564
 30
0.0
 10
172.4317954215819
 20
49.30936931277563
 30
0.0
 10
172.4348314048419
 20
49.31189180455567
 30
0.0
 10
172.4376382826419
 20
49.31483272069565
 30
0.0
 10
172.4400909574419
 20
49.31822203319564
 30
0.0
 10
172.442285111042
 20
49.32181877987563
 30
0.0
 10
172.4442455643219
 20
49.32549025081562
 30
0.0
 10
172.445894791402
 20
49.32921200867562
 30
0.0
 10
172.4472582684821
 20
49.33297018505567
 30
0.0
 10
172.448282856222
 20
49.33678179287565
 30
0.0
 10
172.4490609928419
 20
49.34062062695568
 30
0.0
 10
172.4495086475219
 20
49.34451143959563
 30
0.0
 10
172.4495668973419
 20
49.34711840923566
 30
0.0
 10
172.449596031142
 20
49.34842226743566
 30
0.0
  0
LINE
  5
1052
330
231
100
AcDbEntity
  8
0
  6
Continuous
 62
     7
100
AcDbLine
 10
172.412577570762
 20
49.39347858321565
 30
0.0
 11
172.4247204116019
 21
49.38819374745569
 31
0.0
  0
LINE
  5
1053
330
231
100
AcDbEntity
  8
0
  6
Continuous
 62
     7
100
AcDbLine
 10
172.4247204116019
 20
49.38819374745569
 30
0.0
 11
172.432291254982
 21
49.36589910319563
 31
0.0
  0
LINE
  5
1054
330
231
100
AcDbEntity
  8
0
  6
Continuous
 62
     7
100
AcDbLine
 10
172.4322912575219
 20
49.34869265043565
 30
0.0
 11
172.425039971542
 21
49.32691419767564
 31
0.0
  0
LINE
  5
1055
330
231
100
AcDbEntity
  8
0
  6
Continuous
 62
     7
100
AcDbLine
 10
172.425039971542
 20
49.32691419767564
 30
0.0
 11
172.4127496481419
 21
49.32111316533564
 31
0.0
  0
LINE
  5
1056
330
231
100
AcDbEntity
  8
0
  6
Continuous
 62
     7
100
AcDbLine
 10
172.4127496481419
 20
49.32111316533564
 30
0.0
 11
172.4006068098419
 21
49.32639800109567
 31
0.0
  0
LINE
  5
1057
330
231
100
AcDbEntity
  8
0
  6
Continuous
 62
     7
100
AcDbLine
 10
172.4006068098419
 20
49.32639800109567
 30
0.0
 11
172.3929622251819
 21
49.34869264535567
 31
0.0
  0
LINE
  5
1058
330
231
100
AcDbEntity
  8
0
  6
Continuous
 62
     7
100
AcDbLine
 10
172.392962222642
 20
49.36589909557568
 30
0.0
 11
172.4002135086219
 21
49.38767754833566
 31
0.0
  0
LINE
  5
1059
330
231
100
AcDbEntity
  8
0
  6
Continuous
 62
     7
100
AcDbLine
 10
172.4002135086219
 20
49.38767754833566
 30
0.0
 11
172.412577570762
 21
49.39347858321565
 31
0.0
  0
SPLINE
  5
105A
330
231
100
AcDbEntity
  8
0
  6
Continuous
 62
     7
100
AcDbSpline
210
0.0
220
0.0
230
1.0
 70
     8
 71
     3
 72
    27
 73
    23
 74
     0
 42
0.000000001
 43
0.0000001
 40
0.0
 40
0.0
 40
0.0
 40
0.0
 40
0.0498546206
 40
0.0995158562
 40
0.148481674
 40
0.1975802907
 40
0.2468039996
 40
0.2962681689
 40
0.3465174061
 40
0.3970466255
 40
0.4468257263
 40
0.4933596977000001
 40
0.5378005291
 40
0.5792074186000001
 40
0.6179738583
 40
0.6548326783000001
 40
0.6891713836
 40
0.7220879613
 40
0.7863922701999999
 40
0.8535183155
 40
0.9241863665
 40
1.0
 40
1.0
 40
1.0
 40
1.0
 10
172.2450850609419
 20
49.36616945825566
 30
0.0
 10
172.245065261642
 20
49.36724332707567
 30
0.0
 10
172.2450257392419
 20
49.36938689911568
 30
0.0
 10
172.2447353588219
 20
49.37257602659565
 30
0.0
 10
172.2441969753418
 20
49.37571372415565
 30
0.0
 10
172.243528355902
 20
49.37881709361562
 30
0.0
 10
172.2426066838819
 20
49.38186738215566
 30
0.0
 10
172.241493719382
 20
49.38487766569562
 30
0.0
 10
172.240200272642
 20
49.38784667423565
 30
0.0
 10
172.2387012789419
 20
49.39072494381562
 30
0.0
 10
172.2370990723419
 20
49.39345279205562
 30
0.0
 10
172.2354731345219
 20
49.39601314761564
 30
0.0
 10
172.2338099044219
 20
49.39833065123562
 30
0.0
 10
172.232144550882
 20
49.40043816289563
 30
0.0
 10
172.2304307316019
 20
49.40228958413564
 30
0.0
 10
172.228726518602
 20
49.40393645155563
 30
0.0
 10
172.2269914014219
 20
49.40536319241565
 30
0.0
 10
172.2246250739219
 20
49.40692833787562
 30
0.0
 10
172.2214492027019
 20
49.40852891379563
 30
0.0
 10
172.2172825155819
 20
49.40983918041564
 30
0.0
 10
172.2127345846219
 20
49.41063707315567
 30
0.0
 10
172.209577626242
 20
49.41073344329564
 30
0.0
 10
172.207943697582
 20
49.41078332127563
 30
0.0
  0
SPLINE
  5
105B
330
231
100
AcDbEntity
  8
0
  6
Continuous
 62
     7
100
AcDbSpline
210
0.0
220
0.0
230
1.0
 70
     8
 71
     3
 72
    23
 73
    19
 74
     0
 42
0.000000001
 43
0.0000001
 40
0.0
 40
0.0
 40
0.0
 40
0.0
 40
0.0669201792
 40
0.1308339255
 40
0.1925796046
 40
0.2527594853
 40
0.3126307928
 40
0.3734111247
 40
0.4363591774000001
 40
0.5018941881
 40
0.5682442088000001
 40
0.6324720854
 40
0.6955601552
 40
0.7571627661
 40
0.8185923056
 40
0.8788847728
 40
0.9392352670999999
 40
1.0
 40
1.0
 40
1.0
 40
1.0
 10
172.207943697582
 20
49.41078332127563
 30
0.0
 10
172.206506806882
 20
49.41074537621566
 30
0.0
 10
172.2036975795819
 20
49.41067119043563
 30
0.0
 10
172.199613533902
 20
49.40995779333562
 30
0.0
 10
172.195779467402
 20
49.40883532669565
 30
0.0
 10
172.1921980801019
 20
49.40725621377564
 30
0.0
 10
172.188903443562
 20
49.40518454405566
 30
0.0
 10
172.185851506562
 20
49.40267832097567
 30
0.0
 10
172.1830634527019
 20
49.39970946991562
 30
0.0
 10
172.1806030283619
 20
49.39632093719566
 30
0.0
 10
172.178402646682
 20
49.39273072339563
 30
0.0
 10
172.1764796609419
 20
49.38904461951565
 30
0.0
 10
172.174817876102
 20
49.38534357789563
 30
0.0
 10
172.1734917497219
 20
49.38157322475564
 30
0.0
 10
172.1724249624219
 20
49.37778348887565
 30
0.0
 10
172.1716913367619
 20
49.37394297077563
 30
0.0
 10
172.171230364862
 20
49.37007272451566
 30
0.0
 10
172.171174505182
 20
49.36747350187565
 30
0.0
 10
172.1711464788219
 20
49.36616944555566
 30
0.0
  0
SPLINE
  5
105C
330
231
100
AcDbEntity
  8
0
  6
Continuous
 62
     7
100
AcDbSpline
210
0.0
220
0.0
230
1.0
 70
     8
 71
     3
 72
    27
 73
    23
 74
     0
 42
0.000000001
 43
0.0000001
 40
0.0
 40
0.0
 40
0.0
 40
0.0
 40
0.0498859558
 40
0.0988204148
 40
0.1481323873
 40
0.1968903664
 40
0.2460375336
 40
0.2951758563
 40
0.3453051738
 40
0.395692494
 40
0.4453120012
 40
0.4918752206000001
 40
0.5358130146
 40
0.5770092233
 40
0.6160809972
 40
0.6526889553000001
 40
0.6875847826000001
 40
0.7202060281999999
 40
0.7850620934000001
 40
0.8522303295
 40
0.9237586612000001
 40
1.0
 40
1.0
 40
1.0
 40
1.0
 10
172.171146483902
 20
49.34842221917566
 30
0.0
 10
172.1711646601419
 20
49.34734812429562
 30
0.0
 10
172.171200667182
 20
49.34522042471565
 30
0.0
 10
172.1715122337419
 20
49.34204402517565
 30
0.0
 10
172.1719923191419
 20
49.33891419653568
 30
0.0
 10
172.1726943167219
 20
49.33582204371567
 30
0.0
 10
172.1735601087418
 20
49.33277417833565
 30
0.0
 10
172.1747020470219
 20
49.32978807051563
 30
0.0
 10
172.1759535532819
 20
49.32681799263566
 30
0.0
 10
172.177434152302
 20
49.32394225543569
 30
0.0
 10
172.179006534222
 20
49.32120611917565
 30
0.0
 10
172.180630879462
 20
49.31866274605565
 30
0.0
 10
172.182281064122
 20
49.31635685277564
 30
0.0
 10
172.1839209948019
 20
49.31424264059566
 30
0.0
 10
172.185621913422
 20
49.31238622571567
 30
0.0
 10
172.1873181889219
 20
49.31071388209568
 30
0.0
 10
172.1890558511819
 20
49.30929200533566
 30
0.0
 10
172.1914200120619
 20
49.30769642305566
 30
0.0
 10
172.194599799962
 20
49.30608878593566
 30
0.0
 10
172.198794736962
 20
49.30477779287565
 30
0.0
 10
172.2033636813419
 20
49.30394869623563
 30
0.0
 10
172.206547065882
 20
49.30385611831565
 30
0.0
 10
172.2081895238619
 20
49.30380835361567
 30
0.0
  0
LINE
  5
105D
330
231
100
AcDbEntity
  8
0
  6
Continuous
 62
     7
100
AcDbLine
 10
172.337115003882
 20
49.32583263519567
 30
0.0
 11
172.331608939202
 21
49.32268631179562
 31
0.0
  0
SPLINE
  5
105E
330
231
100
AcDbEntity
  8
0
  6
Continuous
 62
     7
100
AcDbSpline
210
0.0
220
0.0
230
1.0
 70
     8
 71
     3
 72
    15
 73
    11
 74
     0
 42
0.000000001
 43
0.0000001
 40
0.0
 40
0.0
 40
0.0
 40
0.0
 40
0.1843999546
 40
0.3409395761
 40
0.473574231
 40
0.5868241346000001
 40
0.6900285033
 40
0.7891747075
 40
0.8904447125
 40
1.0
 40
1.0
 40
1.0
 40
1.0
 10
172.345767391962
 20
49.31324734667566
 30
0.0
 10
172.3457456140019
 20
49.31431487819565
 30
0.0
 10
172.3457053499219
 20
49.31628864869563
 30
0.0
 10
172.345259333542
 20
49.31899651475567
 30
0.0
 10
172.3445984103019
 20
49.32124492021566
 30
0.0
 10
172.343527604722
 20
49.32298343591563
 30
0.0
 10
172.3422156490019
 20
49.32427722555565
 30
0.0
 10
172.3406954056619
 20
49.32518176273564
 30
0.0
 10
172.3389737225419
 20
49.32575359293569
 30
0.0
 10
172.337750598242
 20
49.32580560705566
 30
0.0
 10
172.337115003882
 20
49.32583263519567
 30
0.0
  0
LINE
  5
105F
330
231
100
AcDbEntity
  8
0
  6
Continuous
 62
     7
100
AcDbLine
 10
172.3236939639218
 20
49.36924205307565
 30
0.0
 11
172.268682486442
 21
49.32425946079561
 31
0.0
  0
LINE
  5
1060
330
231
100
AcDbEntity
  8
0
  6
Continuous
 62
     7
100
AcDbLine
 10
172.328462605642
 20
49.37895140881565
 30
0.0
 11
172.3236939639218
 21
49.36924205307565
 31
0.0
  0
SPLINE
  5
1061
330
231
100
AcDbEntity
  8
0
  6
Continuous
 62
     7
100
AcDbSpline
210
0.0
220
0.0
230
1.0
 70
     8
 71
     3
 72
    15
 73
    11
 74
     0
 42
0.000000001
 43
0.0000001
 40
0.0
 40
0.0
 40
0.0
 40
0.0
 40
0.1563443599
 40
0.2993482283
 40
0.4327004303
 40
0.5610001433000001
 40
0.6822990333
 40
0.7918830746
 40
0.8961095416999999
 40
1.0
 40
1.0
 40
1.0
 40
1.0
 10
172.308970152882
 20
49.39347856543566
 30
0.0
 10
172.310376080982
 20
49.39343446341564
 30
0.0
 10
172.313067972982
 20
49.39335001857566
 30
0.0
 10
172.316882224942
 20
49.39249628139563
 30
0.0
 10
172.3202686850219
 20
49.39112479061563
 30
0.0
 10
172.3231450115019
 20
49.38919722779565
 30
0.0
 10
172.3254670744219
 20
49.38693530953566
 30
0.0
 10
172.3272178583219
 20
49.38446265763568
 30
0.0
 10
172.3282520828219
 20
49.38175657211565
 30
0.0
 10
172.328392506722
 20
49.37988545571565
 30
0.0
 10
172.328462605642
 20
49.37895140881565
 30
0.0
  0
LINE
  5
1062
330
231
100
AcDbEntity
  8
0
  6
Continuous
 62
     7
100
AcDbLine
 10
172.2940988618219
 20
49.38809540119567
 30
0.0
 11
172.308970152882
 21
49.39347856543566
 31
0.0
  0
LINE
  5
1063
330
231
100
AcDbEntity
  8
0
  6
Continuous
 62
     7
100
AcDbLine
 10
172.289133573302
 20
49.37959049821563
 30
0.0
 11
172.2940988618219
 21
49.38809540119567
 31
0.0
  0
LINE
  5
1064
330
231
100
AcDbEntity
  8
0
  6
Continuous
 62
     7
100
AcDbLine
 10
172.280653252442
 20
49.37302746333563
 30
0.0
 11
172.289133573302
 21
49.37959049821563
 31
0.0
  0
LINE
  5
1065
330
231
100
AcDbEntity
  8
0
  6
Continuous
 62
     7
100
AcDbLine
 10
172.271828799682
 20
49.38145862249567
 30
0.0
 11
172.280653252442
 21
49.37302746333563
 31
0.0
  0
SPLINE
  5
1066
330
231
100
AcDbEntity
  8
0
  6
Continuous
 62
     7
100
AcDbSpline
210
0.0
220
0.0
230
1.0
 70
     8
 71
     3
 72
    19
 73
    15
 74
     0
 42
0.000000001
 43
0.0000001
 40
0.0
 40
0.0
 40
0.0
 40
0.0
 40
0.0982862553
 40
0.193982527
 40
0.2890557319
 40
0.3843520125999999
 40
0.4774345165
 40
0.5661972840999999
 40
0.6523550076
 40
0.7379856236000001
 40
0.8181884028
 40
0.8874013771999999
 40
0.9480199783999999
 40
1.0
 40
1.0
 40
1.0
 40
1.0
 10
172.3090930533219
 20
49.41078333905569
 30
0.0
 10
172.3073936561619
 20
49.41072404529563
 30
0.0
 10
172.3040396420419
 20
49.41060701987561
 30
0.0
 10
172.299099819562
 20
49.40975302107566
 30
0.0
 10
172.294354939542
 20
49.40832056775565
 30
0.0
 10
172.289863477862
 20
49.40633565173567
 30
0.0
 10
172.2857168542019
 20
49.40391068325562
 30
0.0
 10
172.2820705368819
 20
49.40103113351566
 30
0.0
 10
172.2789213356619
 20
49.39778827487566
 30
0.0
 10
172.2764084908019
 20
49.39421293023563
 30
0.0
 10
172.274442106622
 20
49.39065026527561
 30
0.0
 10
172.272975744302
 20
49.38732742711565
 30
0.0
 10
172.2720432010819
 20
49.38430263763564
 30
0.0
 10
172.2718965160819
 20
49.38235686809566
 30
0.0
 10
172.271828799682
 20
49.38145862249567
 30
0.0
  0
SPLINE
  5
1067
330
231
100
AcDbEntity
  8
0
  6
Continuous
 62
     7
100
AcDbSpline
210
0.0
220
0.0
230
1.0
 70
     8
 71
     3
 72
    23
 73
    19
 74
     0
 42
0.000000001
 43
0.0000001
 40
0.0
 40
0.0
 40
0.0
 40
0.0
 40
0.0609808142
 40
0.1202558245
 40
0.1781480171
 40
0.2361146314
 40
0.2939929676
 40
0.3528640375
 40
0.4133578888000001
 40
0.4760556664
 40
0.5392963885000001
 40
0.6023958542
 40
0.6651160153
 40
0.7283250218
 40
0.7929194369000001
 40
0.8593171179
 40
0.9283023483
 40
1.0
 40
1.0
 40
1.0
 40
1.0
 10
172.345767381802
 20
49.37801734667565
 30
0.0
 10
172.345730503542
 20
49.37913304167565
 30
0.0
 10
172.3456577782619
 20
49.38133322523563
 30
0.0
 10
172.3451961408819
 20
49.38456885249568
 30
0.0
 10
172.344366929942
 20
49.38767036267563
 30
0.0
 10
172.343243063762
 20
49.39065052943565
 30
0.0
 10
172.341775052982
 20
49.39349793547567
 30
0.0
 10
172.339993987202
 20
49.39621500903564
 30
0.0
 10
172.337888919022
 20
49.39880360939565
 30
0.0
 10
172.335498537722
 20
49.40124443509566
 30
0.0
 10
172.332848172182
 20
49.40347449921564
 30
0.0
 10
172.3300015078218
 20
49.40545139137563
 30
0.0
 10
172.3269535687819
 20
49.40709836547566
 30
0.0
 10
172.323742162962
 20
49.4084715809156
 30
0.0
 10
172.320329634862
 20
49.40948258219567
 30
0.0
 10
172.3167507316819
 20
49.41026130301565
 30
0.0
 10
172.3129795555819
 20
49.41069998641563
 30
0.0
 10
172.3104050979419
 20
49.41075520093566
 30
0.0
 10
172.3090930533219
 20
49.41078333905569
 30
0.0
  0
SPLINE
  5
1068
330
231
100
AcDbEntity
  8
0
  6
Continuous
 62
     7
100
AcDbSpline
210
0.0
220
0.0
230
1.0
 70
     8
 71
     3
 72
    19
 73
    15
 74
     0
 42
0.000000001
 43
0.0000001
 40
0.0
 40
0.0
 40
0.0
 40
0.0
 40
0.1030023689
 40
0.1977284678
 40
0.2852791053
 40
0.3652350292
 40
0.4372242673
 40
0.5024457986000001
 40
0.5605449435000001
 40
0.6114464769
 40
0.7075762834999999
 40
0.8034902254
 40
0.9005320998
 40
1.0
 40
1.0
 40
1.0
 40
1.0
 10
172.329003386882
 20
49.34972502073563
 30
0.0
 10
172.3298844316019
 20
49.35049857011566
 30
0.0
 10
172.331575728702
 20
49.35198351507565
 30
0.0
 10
172.333946752662
 20
49.35420311947567
 30
0.0
 10
172.3360562683819
 20
49.35631528187562
 30
0.0
 10
172.3379296377619
 20
49.35829623803567
 30
0.0
 10
172.3395424869619
 20
49.36017134731566
 30
0.0
 10
172.340891201562
 20
49.36193920763566
 30
0.0
 10
172.3420165714219
 20
49.36357512765565
 30
0.0
 10
172.343130026142
 20
49.36563068107566
 30
0.0
 10
172.3442052818019
 20
49.36818630461565
 30
0.0
 10
172.3451172180018
 20
49.37135401481564
 30
0.0
 10
172.345677094962
 20
49.37464623581565
 30
0.0
 10
172.345737038962
 20
49.37688443301567
 30
0.0
 10
172.345767381802
 20
49.37801734667565
 30
0.0
  0
LINE
  5
1069
330
231
100
AcDbEntity
  8
0
  6
Continuous
 62
     7
100
AcDbLine
 10
172.2954262302619
 20
49.32268630417564
 30
0.0
 11
172.329003386882
 21
49.34972502073563
 31
0.0
  0
SPLINE
  5
106A
330
231
100
AcDbEntity
  8
0
  6
Continuous
 62
     7
100
AcDbSpline
210
0.0
220
0.0
230
1.0
 70
     8
 71
     3
 72
    23
 73
    19
 74
     0
 42
0.000000001
 43
0.0000001
 40
0.0
 40
0.0
 40
0.0
 40
0.0
 40
0.0672173951
 40
0.1310511995
 40
0.1927196484
 40
0.2528242574
 40
0.3127446299
 40
0.3734489392
 40
0.4360411229
 40
0.5014941639
 40
0.5677611955
 40
0.6320865210000001
 40
0.6950956817
 40
0.7571087714
 40
0.8179925556999998
 40
0.8786573092000001
 40
0.9393112701999999
 40
1.0
 40
1.0
 40
1.0
 40
1.0
 10
172.2081895238619
 20
49.30380835361567
 30
0.0
 10
172.2096346873419
 20
49.30384581099565
 30
0.0
 10
172.2124522661619
 20
49.30391883853565
 30
0.0
 10
172.2165437413418
 20
49.30463472737563
 30
0.0
 10
172.220380223382
 20
49.30575333829563
 30
0.0
 10
172.223955308942
 20
49.30734745753565
 30
0.0
 10
172.2272844539219
 20
49.30936927721564
 30
0.0
 10
172.2303204371819
 20
49.31189176899568
 30
0.0
 10
172.2331273149821
 20
49.31483268513563
 30
0.0
 10
172.2355799897819
 20
49.31822199763565
 30
0.0
 10
172.237774143382
 20
49.32181874431563
 30
0.0
 10
172.2397345966618
 20
49.32549021525563
 30
0.0
 10
172.2413838237419
 20
49.32921197311566
 30
0.0
 10
172.2427473008218
 20
49.33297014949565
 30
0.0
 10
172.243771888562
 20
49.33678175731566
 30
0.0
 10
172.2445500251818
 20
49.34062059139563
 30
0.0
 10
172.2449976798619
 20
49.34451140403567
 30
0.0
 10
172.2450559296819
 20
49.34711837367567
 30
0.0
 10
172.2450850634819
 20
49.34842223187562
 30
0.0
  0
LINE
  5
106B
330
231
100
AcDbEntity
  8
0
  6
Continuous
 62
     7
100
AcDbLine
 10
172.2080666031019
 20
49.39347854765563
 30
0.0
 11
172.220209443942
 21
49.38819371189564
 31
0.0
  0
LINE
  5
106C
330
231
100
AcDbEntity
  8
0
  6
Continuous
 62
     7
100
AcDbLine
 10
172.220209443942
 20
49.38819371189564
 30
0.0
 11
172.2277802873219
 21
49.36589906763567
 31
0.0
  0
LINE
  5
106D
330
231
100
AcDbEntity
  8
0
  6
Continuous
 62
     7
100
AcDbLine
 10
172.2277802898619
 20
49.34869261487566
 30
0.0
 11
172.220529003882
 21
49.32691416211563
 31
0.0
  0
LINE
  5
106E
330
231
100
AcDbEntity
  8
0
  6
Continuous
 62
     7
100
AcDbLine
 10
172.220529003882
 20
49.32691416211563
 30
0.0
 11
172.208238680482
 21
49.32111312723563
 31
0.0
  0
LINE
  5
106F
330
231
100
AcDbEntity
  8
0
  6
Continuous
 62
     7
100
AcDbLine
 10
172.208238680482
 20
49.32111312723563
 30
0.0
 11
172.1960958421818
 21
49.32639796553565
 31
0.0
  0
LINE
  5
1070
330
231
100
AcDbEntity
  8
0
  6
Continuous
 62
     7
100
AcDbLine
 10
172.1960958421818
 20
49.32639796553565
 30
0.0
 11
172.1884512575219
 21
49.34869260979565
 31
0.0
  0
LINE
  5
1071
330
231
100
AcDbEntity
  8
0
  6
Continuous
 62
     7
100
AcDbLine
 10
172.1884512549819
 20
49.36589906001566
 30
0.0
 11
172.1957025409619
 21
49.38767751277564
 31
0.0
  0
LINE
  5
1072
330
231
100
AcDbEntity
  8
0
  6
Continuous
 62
     7
100
AcDbLine
 10
172.1957025409619
 20
49.38767751277564
 30
0.0
 11
172.2080666031019
 21
49.39347854765563
 31
0.0
  0
SPLINE
  5
1073
330
231
100
AcDbEntity
  8
0
  6
Continuous
 62
     7
100
AcDbSpline
210
0.0
220
0.0
230
1.0
 70
     8
 71
     3
 72
    23
 73
    19
 74
     0
 42
0.000000001
 43
0.0000001
 40
0.0
 40
0.0
 40
0.0
 40
0.0
 40
0.0680265258
 40
0.133504868
 40
0.1969498973
 40
0.2602700376
 40
0.3227413832999999
 40
0.3849824572
 40
0.4484651954000001
 40
0.5134241736
 40
0.5782242583000001
 40
0.6400111525
 40
0.7000941689
 40
0.7600667835
 40
0.8190115031999999
 40
0.8778780943999999
 40
0.9380345993
 40
1.0
 40
1.0
 40
1.0
 40
1.0
 10
172.380720611362
 20
46.88538168679565
 30
0.0
 10
172.379597428442
 20
46.88541147845564
 30
0.0
 10
172.3773931377019
 20
46.88546994163565
 30
0.0
 10
172.3741649653419
 20
46.88590204897567
 30
0.0
 10
172.3710627617419
 20
46.88659027213563
 30
0.0
 10
172.368095096862
 20
46.88758350357566
 30
0.0
 10
172.365256235382
 20
46.88884965293564
 30
0.0
 10
172.3625540868619
 20
46.89039418629564
 30
0.0
 10
172.360000048282
 20
46.89224236141564
 30
0.0
 10
172.357582412782
 20
46.89432869709565
 30
0.0
 10
172.355381642482
 20
46.89660669609563
 30
0.0
 10
172.3534792104219
 20
46.89903622387563
 30
0.0
 10
172.351830351642
 20
46.90154925669562
 30
0.0
 10
172.350475777262
 20
46.90418264233563
 30
0.0
 10
172.3494495512219
 20
46.90693958373566
 30
0.0
 10
172.348733388062
 20
46.90979236187565
 30
0.0
 10
172.3482594850219
 20
46.91274974991566
 30
0.0
 10
172.3482057894219
 20
46.91476685027564
 30
0.0
 10
172.3481785428418
 20
46.91579033819564
 30
0.0
  0
SPLINE
  5
1074
330
231
100
AcDbEntity
  8
0
  6
Continuous
 62
     7
100
AcDbSpline
210
0.0
220
0.0
230
1.0
 70
     8
 71
     3
 72
    19
 73
    15
 74
     0
 42
0.000000001
 43
0.0000001
 40
0.0
 40
0.0
 40
0.0
 40
0.0
 40
0.0880144152
 40
0.1749759744
 40
0.2637995474
 40
0.3554429955
 40
0.406413059
 40
0.4655189607
 40
0.5330755306000001
 40
0.6093526789000001
 40
0.6938986902
 40
0.7871707976000001
 40
0.8891973562
 40
1.0
 40
1.0
 40
1.0
 40
1.0
 10
172.3481785428418
 20
46.91579033819564
 30
0.0
 10
172.3482411640019
 20
46.91741797527564
 30
0.0
 10
172.348365654482
 20
46.92065377525563
 30
0.0
 10
172.349403434982
 20
46.92544208673567
 30
0.0
 10
172.351105392462
 20
46.93009353031564
 30
0.0
 10
172.353085990482
 20
46.93389977365566
 30
0.0
 10
172.355130936862
 20
46.93701722741565
 30
0.0
 10
172.357015174902
 20
46.93970670387566
 30
0.0
 10
172.3593668415219
 20
46.94262933455568
 30
0.0
 10
172.3620168489219
 20
46.94591354693566
 30
0.0
 10
172.3651033096019
 20
46.94945296835564
 30
0.0
 10
172.3685592640819
 20
46.95329937925566
 30
0.0
 10
172.3724070897619
 20
46.95744550507567
 30
0.0
 10
172.375127584702
 20
46.96028540033566
 30
0.0
 10
172.376543921722
 20
46.96176389877561
 30
0.0
  0
SPLINE
  5
1075
330
231
100
AcDbEntity
  8
0
  6
Continuous
 62
     7
100
AcDbSpline
210
0.0
220
0.0
230
1.0
 70
     8
 71
     3
 72
    19
 73
    15
 74
     0
 42
0.000000001
 43
0.0000001
 40
0.0
 40
0.0
 40
0.0
 40
0.0
 40
0.099530462
 40
0.1920788773
 40
0.2777124947
 40
0.3574542469
 40
0.429647662
 40
0.4957712246
 40
0.5555375593000001
 40
0.6086574562
 40
0.7075775735
 40
0.8043276911999999
 40
0.9012978036999999
 40
1.0
 40
1.0
 40
1.0
 40
1.0
 10
172.3650655575819
 20
46.96840452303564
 30
0.0
 10
172.363629652402
 20
46.96686541765564
 30
0.0
 10
172.360858575902
 20
46.96389517721565
 30
0.0
 10
172.356910425302
 20
46.95954638733565
 30
0.0
 10
172.3533523348819
 20
46.95541110985565
 30
0.0
 10
172.350158924962
 20
46.95153207265565
 30
0.0
 10
172.3473012751019
 20
46.94791161507566
 30
0.0
 10
172.3448384987221
 20
46.94452138055564
 30
0.0
 10
172.342734748802
 20
46.94137272035564
 30
0.0
 10
172.3404002144819
 20
46.93754842777565
 30
0.0
 10
172.3380860433419
 20
46.93280254191566
 30
0.0
 10
172.3361640507419
 20
46.92690568299565
 30
0.0
 10
172.3349334359819
 20
46.92081932991564
 30
0.0
 10
172.334789572922
 20
46.91667760845564
 30
0.0
 10
172.3347170025819
 20
46.91458841527563
 30
0.0
  0
SPLINE
  5
1076
330
231
100
AcDbEntity
  8
0
  6
Continuous
 62
     7
100
AcDbSpline
210
0.0
220
0.0
230
1.0
 70
     8
 71
     3
 72
    23
 73
    19
 74
     0
 42
0.000000001
 43
0.0000001
 40
0.0
 40
0.0
 40
0.0
 40
0.0
 40
0.0627103576
 40
0.1233468291
 40
0.1834014715
 40
0.2428279116
 40
0.3020973941
 40
0.3624198997
 40
0.4237247845
 40
0.4870321805
 40
0.5504907811999999
 40
0.6127093078
 40
0.674264977
 40
0.7361703271
 40
0.7992111764000001
 40
0.8634832023999999
 40
0.9305245397
 40
1.0
 40
1.0
 40
1.0
 40
1.0
 10
172.3347170025819
 20
46.91458841527563
 30
0.0
 10
172.3347615719619
 20
46.91310445075564
 30
0.0
 10
172.3348492324419
 20
46.91018559705566
 30
0.0
 10
172.3354204073218
 20
46.90587310631562
 30
0.0
 10
172.3364309031419
 20
46.90172679761565
 30
0.0
 10
172.3377618809219
 20
46.89770375257566
 30
0.0
 10
172.3395699240419
 20
46.89386254613563
 30
0.0
 10
172.3417390611819
 20
46.89016700361563
 30
0.0
 10
172.344272015222
 20
46.88658895133565
 30
0.0
 10
172.347208074882
 20
46.88323742133564
 30
0.0
 10
172.3504055081619
 20
46.88009797117564
 30
0.0
 10
172.353957543222
 20
46.87743140805565
 30
0.0
 10
172.3577042464219
 20
46.87512579925564
 30
0.0
 10
172.3616902201619
 20
46.87320646857566
 30
0.0
 10
172.3659454110419
 20
46.87177866345564
 30
0.0
 10
172.3704358668819
 20
46.87076099721565
 30
0.0
 10
172.3751528094419
 20
46.87011123981565
 30
0.0
 10
172.3783847333819
 20
46.87003557829564
 30
0.0
 10
172.3800295078419
 20
46.86999707189565
 30
0.0
  0
SPLINE
  5
1077
330
231
100
AcDbEntity
  8
0
  6
Continuous
 62
     7
100
AcDbSpline
210
0.0
220
0.0
230
1.0
 70
     8
 71
     3
 72
    23
 73
    19
 74
     0
 42
0.000000001
 43
0.0000001
 40
0.0
 40
0.0
 40
0.0
 40
0.0
 40
0.0644500571
 40
0.1267249151
 40
0.1874207338
 40
0.2474168372
 40
0.3067488371
 40
0.3665948243
 40
0.4277494312
 40
0.4902352233
 40
0.5530307613000001
 40
0.6148046220000002
 40
0.6765050306
 40
0.7380957001999999
 40
0.8010213257
 40
0.8648967106
 40
0.9312092055999999
 40
1.0
 40
1.0
 40
1.0
 40
1.0
 10
172.3800295078419
 20
46.86999707189565
 30
0.0
 10
172.3817043432019
 20
46.87003403397568
 30
0.0
 10
172.384997486222
 20
46.87010671099566
 30
0.0
 10
172.389830877622
 20
46.87078284121565
 30
0.0
 10
172.394454429462
 20
46.87190662611564
 30
0.0
 10
172.3988884515819
 20
46.87342119001565
 30
0.0
 10
172.4030927129218
 20
46.87543895839562
 30
0.0
 10
172.407114642902
 20
46.87785257307567
 30
0.0
 10
172.410942039362
 20
46.88070922725564
 30
0.0
 10
172.4144892662019
 20
46.88401726737561
 30
0.0
 10
172.4177552693219
 20
46.88762321647565
 30
0.0
 10
172.420635004482
 20
46.89152284037564
 30
0.0
 10
172.4230662924821
 20
46.89567998217566
 30
0.0
 10
172.425093702702
 20
46.90007878973566
 30
0.0
 10
172.426726193722
 20
46.90470178531564
 30
0.0
 10
172.4278808015219
 20
46.90958984767568
 30
0.0
 10
172.4286877290419
 20
46.91470373127566
 30
0.0
 10
172.428860037562
 20
46.91821118171566
 30
0.0
 10
172.428947771702
 20
46.91999707603565
 30
0.0
  0
SPLINE
  5
1078
330
231
100
AcDbEntity
  8
0
  6
Continuous
 62
     7
100
AcDbSpline
210
0.0
220
0.0
230
1.0
 70
     8
 71
     3
 72
    23
 73
    19
 74
     0
 42
0.000000001
 43
0.0000001
 40
0.0
 40
0.0
 40
0.0
 40
0.0
 40
0.0736479718
 40
0.1436862429
 40
0.2109616061
 40
0.2755574941
 40
0.3380642102
 40
0.3993109017
 40
0.4593997250000001
 40
0.5193397167000001
 40
0.5790240672
 40
0.6378087819
 40
0.6959591153
 40
0.7541224644
 40
0.8131128465999999
 40
0.8734530887
 40
0.9355613284
 40
1.0
 40
1.0
 40
1.0
 40
1.0
 10
172.415486233982
 20
46.91999707603565
 30
0.0
 10
172.415358639622
 20
46.91866181581562
 30
0.0
 10
172.4151097018419
 20
46.91605674101566
 30
0.0
 10
172.4143645522019
 20
46.91228439397568
 30
0.0
 10
172.413422847202
 20
46.90872863527565
 30
0.0
 10
172.412190459522
 20
46.90540490303564
 30
0.0
 10
172.4106729212819
 20
46.90232499301564
 30
0.0
 10
172.408933608022
 20
46.89946096013565
 30
0.0
 10
172.4069430278021
 20
46.89682053361565
 30
0.0
 10
172.404677426542
 20
46.89445192265566
 30
0.0
 10
172.4022184347619
 20
46.89232446945564
 30
0.0
 10
172.3996014524419
 20
46.89044803429564
 30
0.0
 10
172.396821564682
 20
46.88887553045566
 30
0.0
 10
172.393885012262
 20
46.88761302091566
 30
0.0
 10
172.390806072522
 20
46.88661973359564
 30
0.0
 10
172.3875795410018
 20
46.88589348409564
 30
0.0
 10
172.3841972973218
 20
46.88547251211566
 30
0.0
 10
172.3818936468619
 20
46.88541233189562
 30
0.0
 10
172.380720611362
 20
46.88538168679565
 30
0.0
  0
SPLINE
  5
1079
330
231
100
AcDbEntity
  8
0
  6
Continuous
 62
     7
100
AcDbSpline
210
0.0
220
0.0
230
1.0
 70
     8
 71
     3
 72
    27
 73
    23
 74
     0
 42
0.000000001
 43
0.0000001
 40
0.0
 40
0.0
 40
0.0
 40
0.0
 40
0.0733021356
 40
0.1422863278
 40
0.2062532954
 40
0.2660167794
 40
0.3216117904
 40
0.37253246
 40
0.4194969816
 40
0.4623979521
 40
0.5028252779
 40
0.5414888117000001
 40
0.5790338028000001
 40
0.6151434189
 40
0.6502976045000001
 40
0.6849123758
 40
0.7187009
 40
0.7521889702
 40
0.8172453814
 40
0.8791167513999999
 40
0.9396133806999998
 40
1.0
 40
1.0
 40
1.0
 40
1.0
 10
172.5366400785419
 20
46.94884323881564
 30
0.0
 10
172.5366352550819
 20
46.94682966651564
 30
0.0
 10
172.5366258926419
 20
46.94292112975563
 30
0.0
 10
172.5363631245619
 20
46.93726122997566
 30
0.0
 10
172.5360253528218
 20
46.93197791567564
 30
0.0
 10
172.5354997633219
 20
46.92708010733565
 30
0.0
 10
172.5349085376818
 20
46.92254927311566
 30
0.0
 10
172.5340733780619
 20
46.91841519197566
 30
0.0
 10
172.5331693514218
 20
46.91465366279561
 30
0.0
 10
172.532073376982
 20
46.91124304985564
 30
0.0
 10
172.530826897382
 20
46.90813091739565
 30
0.0
 10
172.529476153322
 20
46.90522385945564
 30
0.0
 10
172.5279769691219
 20
46.90252433983562
 30
0.0
 10
172.5263445695419
 20
46.90001868063563
 30
0.0
 10
172.524601669802
 20
46.89768717145565
 30
0.0
 10
172.5227096898419
 20
46.89555947441562
 30
0.0
 10
172.520691860502
 20
46.89361433987563
 30
0.0
 10
172.5178262706019
 20
46.89137126841564
 30
0.0
 10
172.514087286462
 20
46.88901616771565
 30
0.0
 10
172.5093856702619
 20
46.88687275315564
 30
0.0
 10
172.5044807575419
 20
46.88564304263562
 30
0.0
 10
172.5011596846819
 20
46.88546876053564
 30
0.0
 10
172.4995006608219
 20
46.88538169695568
 30
0.0
  0
SPLINE
  5
107A
330
231
100
AcDbEntity
  8
0
  6
Continuous
 62
     7
100
AcDbSpline
210
0.0
220
0.0
230
1.0
 70
     8
 71
     3
 72
    27
 73
    23
 74
     0
 42
0.000000001
 43
0.0000001
 40
0.0
 40
0.0
 40
0.0
 40
0.0
 40
0.0596886662
 40
0.1195065384
 40
0.181074584
 40
0.246162337
 40
0.2798942139
 40
0.3144679584
 40
0.3504028636
 40
0.3874736883
 40
0.4261472450000001
 40
0.4666236557000001
 40
0.5087454666
 40
0.5533282564000001
 40
0.6000583195
 40
0.649177064
 40
0.7005515755000001
 40
0.7548938693000001
 40
0.8118248697
 40
0.8715135357999999
 40
0.9343188020000001
 40
1.0
 40
1.0
 40
1.0
 40
1.0
 10
172.4995006608219
 20
46.88538169695568
 30
0.0
 10
172.4978615734219
 20
46.88546864115562
 30
0.0
 10
172.4945798553218
 20
46.88564271243564
 30
0.0
 10
172.489725399702
 20
46.88687735309565
 30
0.0
 10
172.485060585562
 20
46.88902731323563
 30
0.0
 10
172.4813116878019
 20
46.89136352903562
 30
0.0
 10
172.4784480918021
 20
46.89365478175562
 30
0.0
 10
172.476403620402
 20
46.89566208025562
 30
0.0
 10
172.474442580382
 20
46.89787499175563
 30
0.0
 10
172.472642766862
 20
46.90036209879562
 30
0.0
 10
172.470956669142
 20
46.90307353863565
 30
0.0
 10
172.4694043075019
 20
46.90602145755562
 30
0.0
 10
172.4679507772618
 20
46.90919776057566
 30
0.0
 10
172.4666303303219
 20
46.91261778929566
 30
0.0
 10
172.465476626762
 20
46.91629748475565
 30
0.0
 10
172.464396573042
 20
46.92019504363566
 30
0.0
 10
172.4635926681219
 20
46.92437148435565
 30
0.0
 10
172.4628470714419
 20
46.92877506965567
 30
0.0
 10
172.462341395542
 20
46.93344266255564
 30
0.0
 10
172.4618860980019
 20
46.93834842363566
 30
0.0
 10
172.461709783902
 20
46.94351348823565
 30
0.0
 10
172.4616636575019
 20
46.94704033665567
 30
0.0
 10
172.4616400786819
 20
46.94884323373563
 30
0.0
  0
LINE
  5
107B
330
231
100
AcDbEntity
  8
0
  6
Continuous
 62
     7
100
AcDbLine
 10
172.4616400786819
 20
46.94884323373563
 30
0.0
 11
172.4673191605419
 21
46.98655356979566
 31
0.0
  0
SPLINE
  5
107C
330
231
100
AcDbEntity
  8
0
  6
Continuous
 62
     7
100
AcDbSpline
210
0.0
220
0.0
230
1.0
 70
     8
 71
     3
 72
    19
 73
    15
 74
     0
 42
0.000000001
 43
0.0000001
 40
0.0
 40
0.0
 40
0.0
 40
0.0
 40
0.0759493073
 40
0.1485490724
 40
0.2189955451
 40
0.2861189619
 40
0.3518258552
 40
0.4160741613
 40
0.4782648099000001
 40
0.5403245898
 40
0.6604051854000001
 40
0.7746061161
 40
0.8871865993
 40
1.0
 40
1.0
 40
1.0
 40
1.0
 10
172.4673191605419
 20
46.98655356979566
 30
0.0
 10
172.4677071963419
 20
46.98760028855568
 30
0.0
 10
172.468466155962
 20
46.98964756411564
 30
0.0
 10
172.4697982996019
 20
46.99258024303563
 30
0.0
 10
172.4712581468219
 20
46.99530435239561
 30
0.0
 10
172.472863536042
 20
46.99782745885565
 30
0.0
 10
172.4746139110019
 20
47.00013742883564
 30
0.0
 10
172.4764594267419
 20
47.00227839483566
 30
0.0
 10
172.4784701542419
 20
47.00419045095569
 30
0.0
 10
172.481276549442
 20
47.00643309569565
 30
0.0
 10
172.484965345722
 20
47.00878798811564
 30
0.0
 10
172.489672359422
 20
47.01077954115564
 30
0.0
 10
172.4945209501819
 20
47.01209948771565
 30
0.0
 10
172.497839604962
 20
47.01223629973566
 30
0.0
 10
172.4995006481219
 20
47.01230477559562
 30
0.0
  0
SPLINE
  5
107D
330
231
100
AcDbEntity
  8
0
  6
Continuous
 62
     7
100
AcDbSpline
210
0.0
220
0.0
230
1.0
 70
     8
 71
     3
 72
    27
 73
    23
 74
     0
 42
0.000000001
 43
0.0000001
 40
0.0
 40
0.0
 40
0.0
 40
0.0
 40
0.0600344403
 40
0.1202779236
 40
0.1823475614
 40
0.2479191354
 40
0.2816410472
 40
0.3157005398999999
 40
0.3503217567
 40
0.3857031347999999
 40
0.4218194747
 40
0.4591956847
 40
0.4978664179
 40
0.5383012714000001
 40
0.5812102303
 40
0.6281834969000001
 40
0.6794027673000001
 40
0.7346986428
 40
0.7940735398000001
 40
0.8584163057999999
 40
0.9270489340999999
 40
1.0
 40
1.0
 40
1.0
 40
1.0
 10
172.4995006481219
 20
47.01230477559562
 30
0.0
 10
172.5011510156619
 20
47.01222212399565
 30
0.0
 10
172.504457498762
 20
47.01205653377562
 30
0.0
 10
172.509329005402
 20
47.01075443071561
 30
0.0
 10
172.5140698798419
 20
47.00868245619566
 30
0.0
 10
172.5178325875819
 20
47.00630306293567
 30
0.0
 10
172.5206827469819
 20
47.00400048435565
 30
0.0
 10
172.5227430019419
 20
47.00208061519563
 30
0.0
 10
172.5246275701819
 20
46.99992777977564
 30
0.0
 10
172.5264067868419
 20
46.99761751515566
 30
0.0
 10
172.5280404665819
 20
46.99510893241563
 30
0.0
 10
172.5295002096619
 20
46.99239385021565
 30
0.0
 10
172.530859033462
 20
46.98949665509565
 30
0.0
 10
172.5321035674219
 20
46.98638312309566
 30
0.0
 10
172.5331962119219
 20
46.98297221551567
 30
0.0
 10
172.5341197000419
 20
46.97920604829564
 30
0.0
 10
172.534878563142
 20
46.97505877693569
 30
0.0
 10
172.5355558338219
 20
46.97055234957566
 30
0.0
 10
172.536011888282
 20
46.96565576805568
 30
0.0
 10
172.5363654715219
 20
46.96038561095565
 30
0.0
 10
172.5366250239619
 20
46.95473518537565
 30
0.0
 10
172.536634957902
 20
46.95084675525563
 30
0.0
 10
172.5366400785419
 20
46.94884323881564
 30
0.0
  0
SPLINE
  5
107E
330
231
100
AcDbEntity
  8
0
  6
Continuous
 62
     7
100
AcDbSpline
210
0.0
220
0.0
230
1.0
 70
     8
 71
     3
 72
    31
 73
    27
 74
     0
 42
0.000000001
 43
0.0000001
 40
0.0
 40
0.0
 40
0.0
 40
0.0
 40
0.0338241166
 40
0.0672980875
 40
0.1002802585
 40
0.1330193053
 40
0.1657361603
 40
0.1987916522
 40
0.2323715309
 40
0.2664085107
 40
0.3010156639
 40
0.3361963659
 40
0.3719718801
 40
0.4085735936
 40
0.4463941065000001
 40
0.4852253094
 40
0.5253715674000001
 40
0.5672243359
 40
0.6110807138000001
 40
0.6577496272
 40
0.7070202040000001
 40
0.7592353208000001
 40
0.8144842368
 40
0.8732268335
 40
0.9349367104
 40
1.0
 40
1.0
 40
1.0
 40
1.0
 10
172.4999513685819
 20
47.02768939049565
 30
0.0
 10
172.498758015622
 20
47.02767201943567
 30
0.0
 10
172.496383661722
 20
47.02763745511563
 30
0.0
 10
172.492871253202
 20
47.02718437499564
 30
0.0
 10
172.489432121142
 20
47.02653835393568
 30
0.0
 10
172.486083763602
 20
47.02560404795565
 30
0.0
 10
172.4828303512619
 20
47.02438111669567
 30
0.0
 10
172.4796253487819
 20
47.02295685741563
 30
0.0
 10
172.4765413900019
 20
47.02119054903568
 30
0.0
 10
172.473523750622
 20
47.01921548567563
 30
0.0
 10
172.470634647942
 20
47.01695898777564
 30
0.0
 10
172.4679059081619
 20
47.01442310257568
 30
0.0
 10
172.465303718802
 20
47.01165891709567
 30
0.0
 10
172.462901429982
 20
47.00859983253567
 30
0.0
 10
172.460647627022
 20
47.00529984421564
 30
0.0
 10
172.4585789189419
 20
47.00173557397564
 30
0.0
 10
172.4566479830018
 20
46.99793555363567
 30
0.0
 10
172.4548732392819
 20
46.99386619169565
 30
0.0
 10
172.4532517490018
 20
46.98948470185564
 30
0.0
 10
172.4519381626019
 20
46.98472995393564
 30
0.0
 10
172.4507550839419
 20
46.97964090645567
 30
0.0
 10
172.4497929014619
 20
46.97419558079565
 30
0.0
 10
172.4490981886019
 20
46.96837513269565
 30
0.0
 10
172.4485428176019
 20
46.96220378613566
 30
0.0
 10
172.448260875062
 20
46.95566674561567
 30
0.0
 10
172.4482064631819
 20
46.95119720921565
 30
0.0
 10
172.4481785384219
 20
46.94890332759564
 30
0.0
  0
SPLINE
  5
107F
330
231
100
AcDbEntity
  8
0
  6
Continuous
 62
     7
100
AcDbSpline
210
0.0
220
0.0
230
1.0
 70
     8
 71
     3
 72
    31
 73
    27
 74
     0
 42
0.000000001
 43
0.0000001
 40
0.0
 40
0.0
 40
0.0
 40
0.0
 40
0.0652777705
 40
0.127205441
 40
0.1861682171
 40
0.2416754997
 40
0.2941145051
 40
0.3436091886
 40
0.3903870759000001
 40
0.4344634104
 40
0.4766455534000001
 40
0.5170022931
 40
0.5559361803
 40
0.5937164393
 40
0.6300571765000001
 40
0.6656014335
 40
0.7007446912000001
 40
0.7349167217
 40
0.7686809964
 40
0.8020868125999999
 40
0.8348488267
 40
0.8674333879
 40
0.9001375891
 40
0.9328060675999999
 40
0.9662118837999999
 40
1.0
 40
1.0
 40
1.0
 40
1.0
 10
172.4481785384219
 20
46.94890332759564
 30
0.0
 10
172.448206178702
 20
46.94659939773564
 30
0.0
 10
172.4482600368619
 20
46.94210977501566
 30
0.0
 10
172.4485460281619
 20
46.93554318667563
 30
0.0
 10
172.449087426622
 20
46.92933891663566
 30
0.0
 10
172.449830780482
 20
46.92349288057565
 30
0.0
 10
172.450790321362
 20
46.91801761339561
 30
0.0
 10
172.451942277402
 20
46.91289300591563
 30
0.0
 10
172.4533679743219
 20
46.90814594403568
 30
0.0
 10
172.4549488449219
 20
46.90372035979564
 30
0.0
 10
172.4567803297019
 20
46.89964119599568
 30
0.0
 10
172.4586819896019
 20
46.89579558773568
 30
0.0
 10
172.460806564982
 20
46.89224769795567
 30
0.0
 10
172.463037520642
 20
46.88893548207565
 30
0.0
 10
172.4654664616819
 20
46.88591654475565
 30
0.0
 10
172.4680244804419
 20
46.88313298415562
 30
0.0
 10
172.470743679982
 20
46.88061458431562
 30
0.0
 10
172.4736243066819
 20
46.87838677317566
 30
0.0
 10
172.4765956037619
 20
46.87638860851564
 30
0.0
 10
172.4796901924419
 20
46.87468808613568
 30
0.0
 10
172.4828588957818
 20
46.87322720767565
 30
0.0
 10
172.4861213962419
 20
46.87206168041564
 30
0.0
 10
172.4894521744419
 20
46.87112221061565
 30
0.0
 10
172.4928785887219
 20
46.87045916139561
 30
0.0
 10
172.4963860340818
 20
46.87005956605569
 30
0.0
 10
172.498758434722
 20
46.87001798879566
 30
0.0
 10
172.4999513838219
 20
46.86999708205564
 30
0.0
  0
SPLINE
  5
1080
330
231
100
AcDbEntity
  8
0
  6
Continuous
 62
     7
100
AcDbSpline
210
0.0
220
0.0
230
1.0
 70
     8
 71
     3
 72
    31
 73
    27
 74
     0
 42
0.000000001
 43
0.0000001
 40
0.0
 40
0.0
 40
0.0
 40
0.0
 40
0.0337424247
 40
0.0665334754
 40
0.0991534618
 40
0.1315397542
 40
0.1640870483
 40
0.196562745
 40
0.2297068306
 40
0.2633146465
 40
0.2975043287
 40
0.3316856488
 40
0.3664815111
 40
0.4020997606
 40
0.4389576273
 40
0.4767476992000001
 40
0.5159851314
 40
0.5565892451
 40
0.5995194112
 40
0.6457650933
 40
0.6954865607
 40
0.7487207769
 40
0.8056874134999999
 40
0.8667539576000001
 40
0.9314053776999999
 40
1.0
 40
1.0
 40
1.0
 40
1.0
 10
172.4999513838219
 20
46.86999708205564
 30
0.0
 10
172.501134449782
 20
46.87001694231563
 30
0.0
 10
172.503467223882
 20
46.87005609895564
 30
0.0
 10
172.5069232825019
 20
46.87046568157566
 30
0.0
 10
172.510292158162
 20
46.87111663531564
 30
0.0
 10
172.5135794109219
 20
46.87206853079564
 30
0.0
 10
172.5167965317418
 20
46.87322097705563
 30
0.0
 10
172.519914607802
 20
46.87468668659565
 30
0.0
 10
172.522942150642
 20
46.87640237531565
 30
0.0
 10
172.525899998422
 20
46.87835020987563
 30
0.0
 10
172.5287038409219
 20
46.88057219425561
 30
0.0
 10
172.531379065442
 20
46.88301122671567
 30
0.0
 10
172.5338347272819
 20
46.88573877015565
 30
0.0
 10
172.5361666733419
 20
46.88869178685561
 30
0.0
 10
172.5383085410419
 20
46.89191197599567
 30
0.0
 10
172.5403470307419
 20
46.89534663003565
 30
0.0
 10
172.542165642802
 20
46.89905056979563
 30
0.0
 10
172.5438365462419
 20
46.90301818441563
 30
0.0
 10
172.5453173662419
 20
46.90732284433565
 30
0.0
 10
172.5465950573619
 20
46.91202254029562
 30
0.0
 10
172.5477185781019
 20
46.91713260373567
 30
0.0
 10
172.548560204562
 20
46.92267667951566
 30
0.0
 10
172.5492518059219
 20
46.92863995181562
 30
0.0
 10
172.5497564632819
 20
46.93502396495569
 30
0.0
 10
172.5500602523619
 20
46.94182902119564
 30
0.0
 10
172.5500875573619
 20
46.94649916425563
 30
0.0
 10
172.5501016162619
 20
46.94890333775563
 30
0.0
  0
SPLINE
  5
1081
330
231
100
AcDbEntity
  8
0
  6
Continuous
 62
     7
100
AcDbSpline
210
0.0
220
0.0
230
1.0
 70
     8
 71
     3
 72
    31
 73
    27
 74
     0
 42
0.000000001
 43
0.0000001
 40
0.0
 40
0.0
 40
0.0
 40
0.0
 40
0.0681132467
 40
0.1325644684
 40
0.193426693
 40
0.2502184822
 40
0.3035685555
 40
0.3535758443999999
 40
0.4002351701000001
 40
0.4435864585
 40
0.4846193084000001
 40
0.5242924706000001
 40
0.5623796179000001
 40
0.5990492627
 40
0.6349401741
 40
0.6697821543
 40
0.7040087777
 40
0.7378419441
 40
0.7710977456999999
 40
0.8038960729999999
 40
0.8364148123999999
 40
0.8686388350000001
 40
0.9007151219
 40
0.9333783422999999
 40
0.9662128537
 40
1.0
 40
1.0
 40
1.0
 40
1.0
 10
172.5501016162619
 20
46.94890333775563
 30
0.0
 10
172.5500876310219
 20
46.95128749351565
 30
0.0
 10
172.5500604149218
 20
46.95592762647564
 30
0.0
 10
172.5497543576219
 20
46.96269242117566
 30
0.0
 10
172.5492591719219
 20
46.96904838509564
 30
0.0
 10
172.5485338393619
 20
46.97499155329563
 30
0.0
 10
172.547634570142
 20
46.98052515411563
 30
0.0
 10
172.546583962642
 20
46.98567296703567
 30
0.0
 10
172.5452533455419
 20
46.99039364593565
 30
0.0
 10
172.543746973142
 20
46.99472885697566
 30
0.0
 10
172.542047967142
 20
46.99872819619566
 30
0.0
 10
172.5401892154619
 20
47.00245002263566
 30
0.0
 10
172.5381796716019
 20
47.00591837993565
 30
0.0
 10
172.535995065862
 20
47.00911951907568
 30
0.0
 10
172.5336964623821
 20
47.01209714329564
 30
0.0
 10
172.5312268178419
 20
47.01482386123567
 30
0.0
 10
172.5285654490219
 20
47.01725661735562
 30
0.0
 10
172.525779213802
 20
47.01945611765563
 30
0.0
 10
172.5228524327618
 20
47.02137592077562
 30
0.0
 10
172.519840104522
 20
47.02306166543567
 30
0.0
 10
172.5167502631019
 20
47.02452539377566
 30
0.0
 10
172.5135485550018
 20
47.02564888657565
 30
0.0
 10
172.510278607262
 20
47.02656674097568
 30
0.0
 10
172.5069236457219
 20
47.02722226417563
 30
0.0
 10
172.5034671146619
 20
47.02762999513566
 30
0.0
 10
172.501134401522
 20
47.02766940323562
 30
0.0
 10
172.4999513685819
 20
47.02768939049565
 30
0.0
  0
SPLINE
  5
1082
330
231
100
AcDbEntity
  8
0
  6
Continuous
 62
     7
100
AcDbSpline
210
0.0
220
0.0
230
1.0
 70
     8
 71
     3
 72
    27
 73
    23
 74
     0
 42
0.000000001
 43
0.0000001
 40
0.0
 40
0.0
 40
0.0
 40
0.0
 40
0.0733021356
 40
0.1422863278
 40
0.2062532954
 40
0.2660167794
 40
0.3216117904
 40
0.37253246
 40
0.4194969816
 40
0.4623979521
 40
0.5028252779
 40
0.5414888117000001
 40
0.5790338028000001
 40
0.6151434189
 40
0.6502976045000001
 40
0.6849123759
 40
0.7187009
 40
0.7521889702
 40
0.8172453814
 40
0.8791167513999999
 40
0.9396133806999998
 40
1.0
 40
1.0
 40
1.0
 40
1.0
 10
172.3058708474219
 20
46.94884321849568
 30
0.0
 10
172.305866023962
 20
46.94682964619565
 30
0.0
 10
172.3058566615219
 20
46.94292110943567
 30
0.0
 10
172.3055938934419
 20
46.93726120965567
 30
0.0
 10
172.3052561217019
 20
46.93197789535562
 30
0.0
 10
172.304730532202
 20
46.92708008955565
 30
0.0
 10
172.304139306562
 20
46.92254925279562
 30
0.0
 10
172.303304149482
 20
46.91841517165565
 30
0.0
 10
172.3024001228419
 20
46.91465364247565
 30
0.0
 10
172.301304145862
 20
46.91124302953565
 30
0.0
 10
172.3000576662619
 20
46.90813089707563
 30
0.0
 10
172.2987069222019
 20
46.90522383913566
 30
0.0
 10
172.2972077380019
 20
46.90252431951566
 30
0.0
 10
172.2955753384219
 20
46.90001866285564
 30
0.0
 10
172.293832438682
 20
46.89768715113567
 30
0.0
 10
172.291940458722
 20
46.89555945409566
 30
0.0
 10
172.289922629382
 20
46.89361431955567
 30
0.0
 10
172.2870570394821
 20
46.89137125063564
 30
0.0
 10
172.2833180553419
 20
46.88901614739561
 30
0.0
 10
172.2786164391419
 20
46.88687273537562
 30
0.0
 10
172.2737115289619
 20
46.88564302231563
 30
0.0
 10
172.2703904535619
 20
46.88546874021565
 30
0.0
 10
172.268731429702
 20
46.88538167663566
 30
0.0
  0
SPLINE
  5
1083
330
231
100
AcDbEntity
  8
0
  6
Continuous
 62
     7
100
AcDbSpline
210
0.0
220
0.0
230
1.0
 70
     8
 71
     3
 72
    27
 73
    23
 74
     0
 42
0.000000001
 43
0.0000001
 40
0.0
 40
0.0
 40
0.0
 40
0.0
 40
0.0596886662
 40
0.1195065384
 40
0.181074584
 40
0.246162337
 40
0.2798942139
 40
0.3144679584
 40
0.3504028636
 40
0.3874736883
 40
0.4261472450000001
 40
0.4666236557000001
 40
0.5087454666
 40
0.5533282564000001
 40
0.6000583195
 40
0.649177064
 40
0.7005515755000001
 40
0.7548938693000001
 40
0.8118248697
 40
0.8715135357999999
 40
0.9343188020000001
 40
1.0
 40
1.0
 40
1.0
 40
1.0
 10
172.268731429702
 20
46.88538167663566
 30
0.0
 10
172.267092344842
 20
46.88546862083564
 30
0.0
 10
172.2638106242019
 20
46.88564269211565
 30
0.0
 10
172.2589561685819
 20
46.88687733277563
 30
0.0
 10
172.254291354442
 20
46.88902729291564
 30
0.0
 10
172.2505424566819
 20
46.89136350871564
 30
0.0
 10
172.2476788632219
 20
46.89365476143566
 30
0.0
 10
172.245634389282
 20
46.89566205993568
 30
0.0
 10
172.2436733518019
 20
46.89787497143567
 30
0.0
 10
172.2418735357419
 20
46.90036207847566
 30
0.0
 10
172.240187440562
 20
46.90307352085563
 30
0.0
 10
172.2386350789219
 20
46.90602143723563
 30
0.0
 10
172.237181546142
 20
46.90919774025568
 30
0.0
 10
172.235861099202
 20
46.91261776897564
 30
0.0
 10
172.2347073956419
 20
46.91629746443564
 30
0.0
 10
172.233627341922
 20
46.92019502331567
 30
0.0
 10
172.2328234370019
 20
46.92437146403565
 30
0.0
 10
172.2320778403218
 20
46.92877504933562
 30
0.0
 10
172.231572164422
 20
46.93344264223563
 30
0.0
 10
172.2311168668819
 20
46.93834840331564
 30
0.0
 10
172.2309405527819
 20
46.94351346791563
 30
0.0
 10
172.230894426382
 20
46.94704031633563
 30
0.0
 10
172.2308708475619
 20
46.94884321341561
 30
0.0
  0
LINE
  5
1084
330
231
100
AcDbEntity
  8
0
  6
Continuous
 62
     7
100
AcDbLine
 10
172.2308708475619
 20
46.94884321341561
 30
0.0
 11
172.2365499294219
 21
46.98655354947564
 31
0.0
  0
SPLINE
  5
1085
330
231
100
AcDbEntity
  8
0
  6
Continuous
 62
     7
100
AcDbSpline
210
0.0
220
0.0
230
1.0
 70
     8
 71
     3
 72
    19
 73
    15
 74
     0
 42
0.000000001
 43
0.0000001
 40
0.0
 40
0.0
 40
0.0
 40
0.0
 40
0.0759493073
 40
0.1485490724
 40
0.2189955451
 40
0.2861189619
 40
0.3518258552
 40
0.4160741613
 40
0.4782648099000001
 40
0.5403245898
 40
0.6604051854000001
 40
0.7746061161
 40
0.8871865993
 40
1.0
 40
1.0
 40
1.0
 40
1.0
 10
172.2365499294219
 20
46.98655354947564
 30
0.0
 10
172.2369379652221
 20
46.98760026823561
 30
0.0
 10
172.2376969248419
 20
46.98964754379562
 30
0.0
 10
172.239029068482
 20
46.99258022271564
 30
0.0
 10
172.2404889157019
 20
46.99530433207565
 30
0.0
 10
172.2420943049219
 20
46.99782743853567
 30
0.0
 10
172.2438446798819
 20
47.00013740851566
 30
0.0
 10
172.2456901956219
 20
47.00227837451566
 30
0.0
 10
172.247700923122
 20
47.00419043317563
 30
0.0
 10
172.2505073183218
 20
47.00643307537567
 30
0.0
 10
172.2541961171421
 20
47.00878796779562
 30
0.0
 10
172.258903128302
 20
47.01077952083562
 30
0.0
 10
172.263751719062
 20
47.01209946739561
 30
0.0
 10
172.267070376382
 20
47.01223627941565
 30
0.0
 10
172.2687314195419
 20
47.01230475527563
 30
0.0
  0
SPLINE
  5
1086
330
231
100
AcDbEntity
  8
0
  6
Continuous
 62
     7
100
AcDbSpline
210
0.0
220
0.0
230
1.0
 70
     8
 71
     3
 72
    27
 73
    23
 74
     0
 42
0.000000001
 43
0.0000001
 40
0.0
 40
0.0
 40
0.0
 40
0.0
 40
0.0600344403
 40
0.1202779236
 40
0.1823475614
 40
0.2479191354
 40
0.2816410472
 40
0.3157005398999999
 40
0.3503217567
 40
0.3857031347999999
 40
0.4218194747
 40
0.4591956847
 40
0.4978664179
 40
0.5383012714000001
 40
0.5812102303
 40
0.6281834969000001
 40
0.6794027673000001
 40
0.7346986428
 40
0.7940735398000001
 40
0.8584163057999999
 40
0.9270489340999999
 40
1.0
 40
1.0
 40
1.0
 40
1.0
 10
172.2687314195419
 20
47.01230475527563
 30
0.0
 10
172.2703817870818
 20
47.01222210367567
 30
0.0
 10
172.273688267642
 20
47.01205651599567
 30
0.0
 10
172.278559774282
 20
47.01075441039563
 30
0.0
 10
172.2833006512619
 20
47.00868243587564
 30
0.0
 10
172.287063356462
 20
47.00630304515565
 30
0.0
 10
172.2899135158619
 20
47.00400046403567
 30
0.0
 10
172.2919737708219
 20
47.00208059487562
 30
0.0
 10
172.293858339062
 20
46.99992775945569
 30
0.0
 10
172.295637555722
 20
46.99761749483565
 30
0.0
 10
172.297271235462
 20
46.99510891209564
 30
0.0
 10
172.2987309810819
 20
46.99239382989563
 30
0.0
 10
172.3000898023419
 20
46.98949663477566
 30
0.0
 10
172.3013343363019
 20
46.98638310277561
 30
0.0
 10
172.302426980802
 20
46.98297219773562
 30
0.0
 10
172.3033504689218
 20
46.97920603051565
 30
0.0
 10
172.3041093320219
 20
46.97505875661562
 30
0.0
 10
172.304786602702
 20
46.97055232925563
 30
0.0
 10
172.3052426571619
 20
46.9656557477356
 30
0.0
 10
172.305596240402
 20
46.96038559063564
 30
0.0
 10
172.3058557928419
 20
46.95473516505566
 30
0.0
 10
172.3058657267819
 20
46.95084673493568
 30
0.0
 10
172.3058708474219
 20
46.94884321849568
 30
0.0
  0
SPLINE
  5
1087
330
231
100
AcDbEntity
  8
0
  6
Continuous
 62
     7
100
AcDbSpline
210
0.0
220
0.0
230
1.0
 70
     8
 71
     3
 72
    31
 73
    27
 74
     0
 42
0.000000001
 43
0.0000001
 40
0.0
 40
0.0
 40
0.0
 40
0.0
 40
0.0681132467
 40
0.1325644684
 40
0.193426693
 40
0.2502184822
 40
0.3035685555
 40
0.3535758443999999
 40
0.4002351701000001
 40
0.4435864585
 40
0.4846193084000001
 40
0.5242924706000001
 40
0.5623796179000001
 40
0.5990492627
 40
0.6349401741
 40
0.6697821543
 40
0.7040087777
 40
0.7378419441
 40
0.7710977456999999
 40
0.8038960729999999
 40
0.8364148123999999
 40
0.8686388350000001
 40
0.9007151219
 40
0.9333783422999999
 40
0.9662128537
 40
1.0
 40
1.0
 40
1.0
 40
1.0
 10
172.319332385142
 20
46.94890331743567
 30
0.0
 10
172.319318399902
 20
46.95128747319563
 30
0.0
 10
172.3192911838019
 20
46.95592760615565
 30
0.0
 10
172.3189851265018
 20
46.96269240085567
 30
0.0
 10
172.318489940802
 20
46.96904836477563
 30
0.0
 10
172.3177646082419
 20
46.97499153297568
 30
0.0
 10
172.3168653390219
 20
46.98052513379565
 30
0.0
 10
172.315814731522
 20
46.98567294671565
 30
0.0
 10
172.3144841144219
 20
46.99039362561563
 30
0.0
 10
172.312977744562
 20
46.99472883665563
 30
0.0
 10
172.311278736022
 20
46.99872817587563
 30
0.0
 10
172.3094199843419
 20
47.00245000231563
 30
0.0
 10
172.307410440482
 20
47.00591835961566
 30
0.0
 10
172.3052258372819
 20
47.00911949875563
 30
0.0
 10
172.3029272312619
 20
47.01209712297566
 30
0.0
 10
172.300457586722
 20
47.01482384091562
 30
0.0
 10
172.297796217902
 20
47.01725659703567
 30
0.0
 10
172.2950099826819
 20
47.01945609733565
 30
0.0
 10
172.2920832016419
 20
47.02137590045566
 30
0.0
 10
172.289070873402
 20
47.02306164511563
 30
0.0
 10
172.285981031982
 20
47.02452537599564
 30
0.0
 10
172.282779323882
 20
47.02564886879565
 30
0.0
 10
172.279509376142
 20
47.02656672065566
 30
0.0
 10
172.2761544146019
 20
47.02722224385562
 30
0.0
 10
172.272697883542
 20
47.02762997481565
 30
0.0
 10
172.270365170402
 20
47.02766938291563
 30
0.0
 10
172.269182137462
 20
47.02768937017566
 30
0.0
  0
SPLINE
  5
1088
330
231
100
AcDbEntity
  8
0
  6
Continuous
 62
     7
100
AcDbSpline
210
0.0
220
0.0
230
1.0
 70
     8
 71
     3
 72
    31
 73
    27
 74
     0
 42
0.000000001
 43
0.0000001
 40
0.0
 40
0.0
 40
0.0
 40
0.0
 40
0.0337424247
 40
0.0665334754
 40
0.0991534618
 40
0.1315397542
 40
0.1640870483
 40
0.196562745
 40
0.2297068306
 40
0.2633146465
 40
0.2975043287
 40
0.3316856488
 40
0.3664815111
 40
0.4020997606
 40
0.4389576273
 40
0.4767476992000001
 40
0.5159851314
 40
0.5565892451
 40
0.5995194112
 40
0.6457650933
 40
0.6954865607
 40
0.7487207769
 40
0.8056874134999999
 40
0.8667539576000001
 40
0.9314053776999999
 40
1.0
 40
1.0
 40
1.0
 40
1.0
 10
172.2691821527019
 20
46.86999706173563
 30
0.0
 10
172.2703652186619
 20
46.87001692199567
 30
0.0
 10
172.272697992762
 20
46.87005607863565
 30
0.0
 10
172.276154051382
 20
46.87046566125565
 30
0.0
 10
172.2795229270419
 20
46.87111661499566
 30
0.0
 10
172.282810179802
 20
46.87206851047569
 30
0.0
 10
172.286027300622
 20
46.87322095673565
 30
0.0
 10
172.289145376682
 20
46.87468666627563
 30
0.0
 10
172.2921729195219
 20
46.87640235499566
 30
0.0
 10
172.295130767302
 20
46.87835018955564
 30
0.0
 10
172.297934609802
 20
46.88057217393569
 30
0.0
 10
172.3006098343219
 20
46.88301120639562
 30
0.0
 10
172.3030654961619
 20
46.88573874983567
 30
0.0
 10
172.305397442222
 20
46.88869176653565
 30
0.0
 10
172.3075393099219
 20
46.89191195567562
 30
0.0
 10
172.309577799622
 20
46.89534661225565
 30
0.0
 10
172.3113964116819
 20
46.89905054947567
 30
0.0
 10
172.313067315122
 20
46.90301816409567
 30
0.0
 10
172.314548135122
 20
46.90732282401566
 30
0.0
 10
172.3158258262418
 20
46.91202252251568
 30
0.0
 10
172.316949346982
 20
46.91713258341562
 30
0.0
 10
172.3177909734419
 20
46.92267665919565
 30
0.0
 10
172.3184825748019
 20
46.92863993149567
 30
0.0
 10
172.3189872321619
 20
46.93502394463564
 30
0.0
 10
172.3192910212418
 20
46.94182900087563
 30
0.0
 10
172.3193183287819
 20
46.94649914393565
 30
0.0
 10
172.319332385142
 20
46.94890331743567
 30
0.0
  0
SPLINE
  5
1089
330
231
100
AcDbEntity
  8
0
  6
Continuous
 62
     7
100
AcDbSpline
210
0.0
220
0.0
230
1.0
 70
     8
 71
     3
 72
    31
 73
    27
 74
     0
 42
0.000000001
 43
0.0000001
 40
0.0
 40
0.0
 40
0.0
 40
0.0
 40
0.0652777705
 40
0.127205441
 40
0.1861682171
 40
0.2416754997
 40
0.2941145051
 40
0.3436091886
 40
0.3903870759000001
 40
0.4344634104
 40
0.4766455534000001
 40
0.5170022931
 40
0.5559361803
 40
0.5937164393
 40
0.6300571765000001
 40
0.6656014335
 40
0.7007446912000001
 40
0.7349167217
 40
0.7686809964
 40
0.8020868125999999
 40
0.8348488267
 40
0.8674333879
 40
0.9001375891
 40
0.9328060675999999
 40
0.9662118837999999
 40
1.0
 40
1.0
 40
1.0
 40
1.0
 10
172.217409307302
 20
46.94890330727562
 30
0.0
 10
172.2174369475818
 20
46.94659937741564
 30
0.0
 10
172.2174908057419
 20
46.94210975469562
 30
0.0
 10
172.217776797042
 20
46.93554316635564
 30
0.0
 10
172.2183181955018
 20
46.92933889631561
 30
0.0
 10
172.219061549362
 20
46.92349286025563
 30
0.0
 10
172.2200210902418
 20
46.91801759307566
 30
0.0
 10
172.221173046282
 20
46.91289298559564
 30
0.0
 10
172.2225987432019
 20
46.90814592371563
 30
0.0
 10
172.224179613802
 20
46.90372033947565
 30
0.0
 10
172.226011101122
 20
46.89964117821562
 30
0.0
 10
172.2279127584819
 20
46.89579556741563
 30
0.0
 10
172.2300373338619
 20
46.89224767763565
 30
0.0
 10
172.2322682895219
 20
46.88893546175566
 30
0.0
 10
172.234697230562
 20
46.88591652443565
 30
0.0
 10
172.2372552493219
 20
46.88313296383563
 30
0.0
 10
172.2399744488619
 20
46.88061456399566
 30
0.0
 10
172.242855075562
 20
46.87838675285564
 30
0.0
 10
172.245826372642
 20
46.87638858819562
 30
0.0
 10
172.2489209613219
 20
46.87468806581565
 30
0.0
 10
172.2520896646619
 20
46.8732271873556
 30
0.0
 10
172.2553521651219
 20
46.87206166009565
 30
0.0
 10
172.2586829433219
 20
46.87112219029566
 30
0.0
 10
172.2621093576019
 20
46.87045914107565
 30
0.0
 10
172.265616802962
 20
46.87005954573561
 30
0.0
 10
172.2679892036019
 20
46.87001796847565
 30
0.0
 10
172.2691821527019
 20
46.86999706173563
 30
0.0
  0
SPLINE
  5
108A
330
231
100
AcDbEntity
  8
0
  6
Continuous
 62
     7
100
AcDbSpline
210
0.0
220
0.0
230
1.0
 70
     8
 71
     3
 72
    31
 73
    27
 74
     0
 42
0.000000001
 43
0.0000001
 40
0.0
 40
0.0
 40
0.0
 40
0.0
 40
0.0338241166
 40
0.0672980875
 40
0.1002802585
 40
0.1330193053
 40
0.1657361603
 40
0.1987916522
 40
0.2323715309
 40
0.2664085107
 40
0.3010156639
 40
0.3361963659
 40
0.3719718801
 40
0.4085735936
 40
0.4463941065000001
 40
0.4852253094
 40
0.5253715674000001
 40
0.5672243359
 40
0.6110807138000001
 40
0.6577496272
 40
0.7070202040000001
 40
0.7592353208000001
 40
0.8144842368
 40
0.8732268335
 40
0.9349367104
 40
1.0
 40
1.0
 40
1.0
 40
1.0
 10
172.269182137462
 20
47.02768937017566
 30
0.0
 10
172.2679887845019
 20
47.02767199911565
 30
0.0
 10
172.265614433142
 20
47.02763743479565
 30
0.0
 10
172.2621020220818
 20
47.02718435467565
 30
0.0
 10
172.2586628900219
 20
47.02653833361566
 30
0.0
 10
172.2553145324821
 20
47.02560402763563
 30
0.0
 10
172.252061120142
 20
47.02438109637563
 30
0.0
 10
172.2488561176619
 20
47.02295683709567
 30
0.0
 10
172.245772158882
 20
47.02119052871563
 30
0.0
 10
172.2427545195019
 20
47.01921546535564
 30
0.0
 10
172.2398654168219
 20
47.01695896745568
 30
0.0
 10
172.237136677042
 20
47.01442308225566
 30
0.0
 10
172.2345344876819
 20
47.01165889677565
 30
0.0
 10
172.232132198862
 20
47.00859981221563
 30
0.0
 10
172.229878395902
 20
47.00529982389565
 30
0.0
 10
172.2278096878218
 20
47.00173555365563
 30
0.0
 10
172.225878751882
 20
46.99793553331566
 30
0.0
 10
172.2241040081619
 20
46.99386617137565
 30
0.0
 10
172.222482517882
 20
46.98948468153566
 30
0.0
 10
172.221168931482
 20
46.98472993361565
 30
0.0
 10
172.2199858528218
 20
46.97964088613568
 30
0.0
 10
172.2190236703419
 20
46.97419556047563
 30
0.0
 10
172.2183289574821
 20
46.96837511237567
 30
0.0
 10
172.2177735890219
 20
46.96220376581564
 30
0.0
 10
172.2174916439419
 20
46.95566672529563
 30
0.0
 10
172.217437232062
 20
46.9511971888956
 30
0.0
 10
172.217409307302
 20
46.94890330727562
 30
0.0
  0
SPLINE
  5
108B
330
231
100
AcDbEntity
  8
0
  6
Continuous
 62
     7
100
AcDbSpline
210
0.0
220
0.0
230
1.0
 70
     8
 71
     3
 72
    23
 73
    19
 74
     0
 42
0.000000001
 43
0.0000001
 40
0.0
 40
0.0
 40
0.0
 40
0.0
 40
0.0680265258
 40
0.133504868
 40
0.1969498973
 40
0.2602700376
 40
0.3227413832999999
 40
0.3849824572
 40
0.4484651954000001
 40
0.5134241736
 40
0.5782242583000001
 40
0.6400111525
 40
0.7000941689
 40
0.7600667835
 40
0.8190115031999999
 40
0.8778780943999999
 40
0.9380345993
 40
1.0
 40
1.0
 40
1.0
 40
1.0
 10
172.311375515102
 20
47.82273431297568
 30
0.0
 10
172.3124986980219
 20
47.82270452131564
 30
0.0
 10
172.3147029913019
 20
47.82264605813566
 30
0.0
 10
172.3179311636619
 20
47.82221395333562
 30
0.0
 10
172.321033367262
 20
47.82152572763567
 30
0.0
 10
172.3240010296019
 20
47.82053249873564
 30
0.0
 10
172.326839893622
 20
47.81926634937565
 30
0.0
 10
172.329542042142
 20
47.81772181601565
 30
0.0
 10
172.3320960807219
 20
47.81587364089562
 30
0.0
 10
172.3345137162219
 20
47.81378730267564
 30
0.0
 10
172.3367144865219
 20
47.81150930621566
 30
0.0
 10
172.3386169185819
 20
47.80907977843566
 30
0.0
 10
172.340265777362
 20
47.80656674561567
 30
0.0
 10
172.3416203517419
 20
47.80393335997567
 30
0.0
 10
172.342646577782
 20
47.80117641857564
 30
0.0
 10
172.343362743482
 20
47.79832364043565
 30
0.0
 10
172.3438366465219
 20
47.79536625239564
 30
0.0
 10
172.343890342122
 20
47.79334915203565
 30
0.0
 10
172.343917588702
 20
47.79232566411565
 30
0.0
  0
SPLINE
  5
108C
330
231
100
AcDbEntity
  8
0
  6
Continuous
 62
     7
100
AcDbSpline
210
0.0
220
0.0
230
1.0
 70
     8
 71
     3
 72
    19
 73
    15
 74
     0
 42
0.000000001
 43
0.0000001
 40
0.0
 40
0.0
 40
0.0
 40
0.0
 40
0.0880144152
 40
0.1749759744
 40
0.2637995474
 40
0.3554429955
 40
0.406413059
 40
0.4655189607
 40
0.5330755306000001
 40
0.6093526789000001
 40
0.6938986902
 40
0.7871707976000001
 40
0.8891973562
 40
1.0
 40
1.0
 40
1.0
 40
1.0
 10
172.343917588702
 20
47.79232566411565
 30
0.0
 10
172.343854967542
 20
47.79069802703566
 30
0.0
 10
172.3437304770619
 20
47.78746222705566
 30
0.0
 10
172.342692696562
 20
47.78267391557562
 30
0.0
 10
172.3409907390819
 20
47.77802247199566
 30
0.0
 10
172.339010141062
 20
47.77421622865566
 30
0.0
 10
172.3369651972219
 20
47.77109877235566
 30
0.0
 10
172.3350809566419
 20
47.76840929589565
 30
0.0
 10
172.332729290022
 20
47.76548666521563
 30
0.0
 10
172.330079285162
 20
47.76220245537564
 30
0.0
 10
172.3269928244821
 20
47.75866303141564
 30
0.0
 10
172.3235368700019
 20
47.75481662305563
 30
0.0
 10
172.3196890443219
 20
47.75067049469564
 30
0.0
 10
172.3169685493819
 20
47.74783059943565
 30
0.0
 10
172.3155522123619
 20
47.74635210099567
 30
0.0
  0
SPLINE
  5
108D
330
231
100
AcDbEntity
  8
0
  6
Continuous
 62
     7
100
AcDbSpline
210
0.0
220
0.0
230
1.0
 70
     8
 71
     3
 72
    19
 73
    15
 74
     0
 42
0.000000001
 43
0.0000001
 40
0.0
 40
0.0
 40
0.0
 40
0.0
 40
0.099530462
 40
0.1920788773
 40
0.2777124947
 40
0.3574542469
 40
0.429647662
 40
0.4957712246
 40
0.5555375593000001
 40
0.6086574562
 40
0.7075775735
 40
0.8043276911999999
 40
0.9012978036999999
 40
1.0
 40
1.0
 40
1.0
 40
1.0
 10
172.327030579042
 20
47.73971147927565
 30
0.0
 10
172.328466481682
 20
47.74125058211566
 30
0.0
 10
172.331237560722
 20
47.74422082255566
 30
0.0
 10
172.335185708782
 20
47.74856961497564
 30
0.0
 10
172.3387438017419
 20
47.75270489245565
 30
0.0
 10
172.3419372091219
 20
47.75658392965564
 30
0.0
 10
172.344794858982
 20
47.76020438977565
 30
0.0
 10
172.347257635362
 20
47.76359462429565
 30
0.0
 10
172.3493613852819
 20
47.76674328195565
 30
0.0
 10
172.351695917062
 20
47.77056757453564
 30
0.0
 10
172.354010088202
 20
47.77531346039566
 30
0.0
 10
172.3559320808019
 20
47.78121032185564
 30
0.0
 10
172.357162695562
 20
47.78729667239566
 30
0.0
 10
172.357306558622
 20
47.79143839639565
 30
0.0
 10
172.3573791264219
 20
47.79352758957566
 30
0.0
  0
SPLINE
  5
108E
330
231
100
AcDbEntity
  8
0
  6
Continuous
 62
     7
100
AcDbSpline
210
0.0
220
0.0
230
1.0
 70
     8
 71
     3
 72
    23
 73
    19
 74
     0
 42
0.000000001
 43
0.0000001
 40
0.0
 40
0.0
 40
0.0
 40
0.0
 40
0.0627103576
 40
0.1233468291
 40
0.1834014715
 40
0.2428279116
 40
0.3020973941
 40
0.3624198997
 40
0.4237247845
 40
0.4870321805
 40
0.5504907811999999
 40
0.6127093078
 40
0.674264977
 40
0.7361703271
 40
0.7992111764000001
 40
0.8634832023999999
 40
0.9305245397
 40
1.0
 40
1.0
 40
1.0
 40
1.0
 10
172.3573791264219
 20
47.79352758957566
 30
0.0
 10
172.357334559582
 20
47.79501155409568
 30
0.0
 10
172.3572468991019
 20
47.79793040525567
 30
0.0
 10
172.3566757216819
 20
47.80224289853566
 30
0.0
 10
172.355665225862
 20
47.80638920723563
 30
0.0
 10
172.3543342480819
 20
47.81041224973563
 30
0.0
 10
172.352526204962
 20
47.81425345871562
 30
0.0
 10
172.3503570678218
 20
47.81794899869566
 30
0.0
 10
172.3478241137819
 20
47.82152705097565
 30
0.0
 10
172.3448880541219
 20
47.82487858097565
 30
0.0
 10
172.341690618302
 20
47.82801803113565
 30
0.0
 10
172.338138583242
 20
47.83068459425564
 30
0.0
 10
172.3343918825819
 20
47.83299020305565
 30
0.0
 10
172.3304059063019
 20
47.83490953373564
 30
0.0
 10
172.3261507154219
 20
47.83633733631567
 30
0.0
 10
172.321660262122
 20
47.83735500509567
 30
0.0
 10
172.3169433170219
 20
47.83800476249564
 30
0.0
 10
172.3137113930819
 20
47.83808042147566
 30
0.0
 10
172.312066618622
 20
47.83811892787565
 30
0.0
  0
SPLINE
  5
108F
330
231
100
AcDbEntity
  8
0
  6
Continuous
 62
     7
100
AcDbSpline
210
0.0
220
0.0
230
1.0
 70
     8
 71
     3
 72
    23
 73
    19
 74
     0
 42
0.000000001
 43
0.0000001
 40
0.0
 40
0.0
 40
0.0
 40
0.0
 40
0.0644500571
 40
0.1267249151
 40
0.1874207338
 40
0.2474168372
 40
0.3067488371
 40
0.3665948243
 40
0.4277494312
 40
0.4902352233
 40
0.5530307613000001
 40
0.6148046220000002
 40
0.6765050306
 40
0.7380957001999999
 40
0.8010213257
 40
0.8648967106
 40
0.9312092055999999
 40
1.0
 40
1.0
 40
1.0
 40
1.0
 10
172.312066618622
 20
47.83811892787565
 30
0.0
 10
172.310391785802
 20
47.83808196579562
 30
0.0
 10
172.3070986402419
 20
47.83800928877565
 30
0.0
 10
172.3022652488419
 20
47.83733315855565
 30
0.0
 10
172.2976416995419
 20
47.83620937365566
 30
0.0
 10
172.2932076748819
 20
47.83469480721564
 30
0.0
 10
172.2890034160818
 20
47.83267703883564
 30
0.0
 10
172.2849814861019
 20
47.83026342415564
 30
0.0
 10
172.281154089642
 20
47.82740676997565
 30
0.0
 10
172.277606862802
 20
47.82409872985565
 30
0.0
 10
172.2743408596819
 20
47.82049278075567
 30
0.0
 10
172.2714611245219
 20
47.81659315685565
 30
0.0
 10
172.2690298365219
 20
47.81243601251569
 30
0.0
 10
172.2670024263019
 20
47.80803720749566
 30
0.0
 10
172.2653699378219
 20
47.80341420937562
 30
0.0
 10
172.264215327482
 20
47.79852614701567
 30
0.0
 10
172.2634084025019
 20
47.79341226595565
 30
0.0
 10
172.2632360939821
 20
47.78990481551566
 30
0.0
 10
172.2631483598419
 20
47.78811891865564
 30
0.0
  0
SPLINE
  5
1090
330
231
100
AcDbEntity
  8
0
  6
Continuous
 62
     7
100
AcDbSpline
210
0.0
220
0.0
230
1.0
 70
     8
 71
     3
 72
    23
 73
    19
 74
     0
 42
0.000000001
 43
0.0000001
 40
0.0
 40
0.0
 40
0.0
 40
0.0
 40
0.0736479718
 40
0.1436862429
 40
0.2109616061
 40
0.2755574941
 40
0.3380642102
 40
0.3993109017
 40
0.4593997250000001
 40
0.5193397167000001
 40
0.5790240672
 40
0.6378087819
 40
0.6959591153
 40
0.7541224644
 40
0.8131128465999999
 40
0.8734530887
 40
0.9355613284
 40
1.0
 40
1.0
 40
1.0
 40
1.0
 10
172.276609897562
 20
47.78811892119563
 30
0.0
 10
172.2767374919219
 20
47.78945418141563
 30
0.0
 10
172.276986429702
 20
47.79205925621562
 30
0.0
 10
172.2777315793419
 20
47.79583160071567
 30
0.0
 10
172.2786732843419
 20
47.79938735941565
 30
0.0
 10
172.279905669482
 20
47.80271109419564
 30
0.0
 10
172.281423207722
 20
47.80579100421564
 30
0.0
 10
172.2831625235219
 20
47.80865503709565
 30
0.0
 10
172.2851531037419
 20
47.81129546361566
 30
0.0
 10
172.287418702462
 20
47.81366407457563
 30
0.0
 10
172.2898776942419
 20
47.81579152777564
 30
0.0
 10
172.292494676562
 20
47.81766796293564
 30
0.0
 10
172.295274561782
 20
47.81924046677562
 30
0.0
 10
172.2982111167418
 20
47.82050297885564
 30
0.0
 10
172.3012900539419
 20
47.82149626363568
 30
0.0
 10
172.3045165880019
 20
47.82222251567566
 30
0.0
 10
172.3078988316819
 20
47.82264348765565
 30
0.0
 10
172.3102024796019
 20
47.82270366787563
 30
0.0
 10
172.311375515102
 20
47.82273431297568
 30
0.0
  0
SPLINE
  5
1091
330
231
100
AcDbEntity
  8
0
  6
Continuous
 62
     7
100
AcDbSpline
210
0.0
220
0.0
230
1.0
 70
     8
 71
     3
 72
    27
 73
    23
 74
     0
 42
0.000000001
 43
0.0000001
 40
0.0
 40
0.0
 40
0.0
 40
0.0
 40
0.0733021356
 40
0.1422863278
 40
0.2062532954
 40
0.2660167794
 40
0.3216117904
 40
0.37253246
 40
0.4194969816
 40
0.4623979521
 40
0.5028252779
 40
0.5414888117000001
 40
0.5790338028000001
 40
0.6151434189
 40
0.6502976045000001
 40
0.6849123759
 40
0.7187009
 40
0.7521889702
 40
0.8172453814
 40
0.8791167513999999
 40
0.9396133806999998
 40
1.0
 40
1.0
 40
1.0
 40
1.0
 10
172.155456055542
 20
47.75927274571563
 30
0.0
 10
172.1554608790019
 20
47.76128632055566
 30
0.0
 10
172.155470241442
 20
47.76519485477561
 30
0.0
 10
172.155733009522
 20
47.77085475709563
 30
0.0
 10
172.156070778722
 20
47.77613807139561
 30
0.0
 10
172.156596368222
 20
47.78103587719565
 30
0.0
 10
172.157187593862
 20
47.78556671395569
 30
0.0
 10
172.158022750942
 20
47.78970079509562
 30
0.0
 10
172.1589267775819
 20
47.79346232427562
 30
0.0
 10
172.1600227545619
 20
47.79687293467566
 30
0.0
 10
172.1612692341618
 20
47.79998506967564
 30
0.0
 10
172.162619975682
 20
47.80289212761565
 30
0.0
 10
172.164119162422
 20
47.80559164723562
 30
0.0
 10
172.1657515594619
 20
47.80809730643565
 30
0.0
 10
172.1674944617419
 20
47.81042881561563
 30
0.0
 10
172.1693864391619
 20
47.81255651265564
 30
0.0
 10
172.171404268502
 20
47.81450164719564
 30
0.0
 10
172.174269858402
 20
47.81674471865565
 30
0.0
 10
172.178008842542
 20
47.81909981935564
 30
0.0
 10
172.1827104587419
 20
47.82124323391562
 30
0.0
 10
172.1876153689219
 20
47.82247294697566
 30
0.0
 10
172.1909364417819
 20
47.82264722907564
 30
0.0
 10
172.1925954681819
 20
47.82273429265564
 30
0.0
  0
SPLINE
  5
1092
330
231
100
AcDbEntity
  8
0
  6
Continuous
 62
     7
100
AcDbSpline
210
0.0
220
0.0
230
1.0
 70
     8
 71
     3
 72
    27
 73
    23
 74
     0
 42
0.000000001
 43
0.0000001
 40
0.0
 40
0.0
 40
0.0
 40
0.0
 40
0.0596886662
 40
0.1195065384
 40
0.181074584
 40
0.246162337
 40
0.2798942139
 40
0.3144679584
 40
0.3504028636
 40
0.3874736883
 40
0.4261472450000001
 40
0.4666236557000001
 40
0.5087454666
 40
0.5533282564000001
 40
0.6000583195
 40
0.649177064
 40
0.7005515755000001
 40
0.7548938693000001
 40
0.8118248697
 40
0.8715135357999999
 40
0.9343188020000001
 40
1.0
 40
1.0
 40
1.0
 40
1.0
 10
172.1925954681819
 20
47.82273429265564
 30
0.0
 10
172.1942345530419
 20
47.82264734845566
 30
0.0
 10
172.1975162736819
 20
47.82247327717564
 30
0.0
 10
172.2023707293019
 20
47.82123863651565
 30
0.0
 10
172.207035543442
 20
47.81908867637563
 30
0.0
 10
172.210784441202
 20
47.81675246311564
 30
0.0
 10
172.2136480372019
 20
47.81446121039562
 30
0.0
 10
172.2156925086019
 20
47.81245391189563
 30
0.0
 10
172.2176535486219
 20
47.81024100039561
 30
0.0
 10
172.2194533646819
 20
47.80775389335562
 30
0.0
 10
172.221139459862
 20
47.80504245097566
 30
0.0
 10
172.2226918215019
 20
47.80209453459568
 30
0.0
 10
172.2241453542819
 20
47.79891823157564
 30
0.0
 10
172.2254657986819
 20
47.79549820285564
 30
0.0
 10
172.2266195047819
 20
47.79181850739564
 30
0.0
 10
172.2276995585018
 20
47.78792094851564
 30
0.0
 10
172.2285034634219
 20
47.78374450779566
 30
0.0
 10
172.229249060102
 20
47.77934092249568
 30
0.0
 10
172.229754738542
 20
47.77467333213564
 30
0.0
 10
172.230210033542
 20
47.76976757105564
 30
0.0
 10
172.2303863501819
 20
47.76460250645567
 30
0.0
 10
172.230432476582
 20
47.76107565549568
 30
0.0
 10
172.2304560554021
 20
47.75927275841562
 30
0.0
  0
LINE
  5
1093
330
231
100
AcDbEntity
  8
0
  6
Continuous
 62
     7
100
AcDbLine
 10
172.2304560554021
 20
47.75927275841562
 30
0.0
 11
172.224776976082
 21
47.72156242235564
 31
0.0
  0
SPLINE
  5
1094
330
231
100
AcDbEntity
  8
0
  6
Continuous
 62
     7
100
AcDbSpline
210
0.0
220
0.0
230
1.0
 70
     8
 71
     3
 72
    19
 73
    15
 74
     0
 42
0.000000001
 43
0.0000001
 40
0.0
 40
0.0
 40
0.0
 40
0.0
 40
0.0759493073
 40
0.1485490724
 40
0.2189955451
 40
0.2861189619
 40
0.3518258552
 40
0.4160741613
 40
0.4782648099000001
 40
0.5403245898
 40
0.6604051854000001
 40
0.7746061161
 40
0.8871865993
 40
1.0
 40
1.0
 40
1.0
 40
1.0
 10
172.224776976082
 20
47.72156242235564
 30
0.0
 10
172.224388940282
 20
47.72051570359567
 30
0.0
 10
172.2236299806619
 20
47.71846842803566
 30
0.0
 10
172.2222978395621
 20
47.71553574911567
 30
0.0
 10
172.220837989802
 20
47.71281163975564
 30
0.0
 10
172.2192326005819
 20
47.71028853075563
 30
0.0
 10
172.2174822281619
 20
47.70797856077564
 30
0.0
 10
172.2156367124219
 20
47.70583759477562
 30
0.0
 10
172.2136259849219
 20
47.70392553865568
 30
0.0
 10
172.2108195897219
 20
47.70168289645565
 30
0.0
 10
172.2071307934419
 20
47.69932800149567
 30
0.0
 10
172.2024237822819
 20
47.69733644845567
 30
0.0
 10
172.197575188982
 20
47.69601650189563
 30
0.0
 10
172.1942565342019
 20
47.69587968987565
 30
0.0
 10
172.1925954910419
 20
47.69581121401566
 30
0.0
  0
SPLINE
  5
1095
330
231
100
AcDbEntity
  8
0
  6
Continuous
 62
     7
100
AcDbSpline
210
0.0
220
0.0
230
1.0
 70
     8
 71
     3
 72
    27
 73
    23
 74
     0
 42
0.000000001
 43
0.0000001
 40
0.0
 40
0.0
 40
0.0
 40
0.0
 40
0.0600344403
 40
0.1202779236
 40
0.1823475614
 40
0.2479191354
 40
0.2816410472
 40
0.3157005398999999
 40
0.3503217567
 40
0.3857031347999999
 40
0.4218194747
 40
0.4591956847
 40
0.4978664179
 40
0.5383012714000001
 40
0.5812102303
 40
0.6281834969000001
 40
0.6794027673000001
 40
0.7346986428
 40
0.7940735398000001
 40
0.8584163057999999
 40
0.9270489340999999
 40
1.0
 40
1.0
 40
1.0
 40
1.0
 10
172.1925954910419
 20
47.69581121401566
 30
0.0
 10
172.1909451235019
 20
47.69589386561565
 30
0.0
 10
172.187638640402
 20
47.69605945329561
 30
0.0
 10
172.182767136302
 20
47.6973615588956
 30
0.0
 10
172.1780262593219
 20
47.69943353341566
 30
0.0
 10
172.1742635515819
 20
47.70181292413565
 30
0.0
 10
172.171413392182
 20
47.70411550271563
 30
0.0
 10
172.1693531372219
 20
47.70603537187563
 30
0.0
 10
172.167468568982
 20
47.70818820729561
 30
0.0
 10
172.1656893497819
 20
47.71049847191565
 30
0.0
 10
172.164055672582
 20
47.71300705465566
 30
0.0
 10
172.1625959269619
 20
47.71572213685565
 30
0.0
 10
172.1612371031618
 20
47.71861933197564
 30
0.0
 10
172.1599925692019
 20
47.72173286397569
 30
0.0
 10
172.1588999272419
 20
47.72514376901568
 30
0.0
 10
172.1579764365819
 20
47.72890993623565
 30
0.0
 10
172.157217573482
 20
47.73305721013565
 30
0.0
 10
172.156540302802
 20
47.73756363749567
 30
0.0
 10
172.156084245802
 20
47.74246021901567
 30
0.0
 10
172.1557306651019
 20
47.74773037611564
 30
0.0
 10
172.155471112662
 20
47.75338079915565
 30
0.0
 10
172.1554611761819
 20
47.75726923181562
 30
0.0
 10
172.155456055542
 20
47.75927274571563
 30
0.0
  0
SPLINE
  5
1096
330
231
100
AcDbEntity
  8
0
  6
Continuous
 62
     7
100
AcDbSpline
210
0.0
220
0.0
230
1.0
 70
     8
 71
     3
 72
    31
 73
    27
 74
     0
 42
0.000000001
 43
0.0000001
 40
0.0
 40
0.0
 40
0.0
 40
0.0
 40
0.0338241166
 40
0.0672980875
 40
0.1002802585
 40
0.1330193053
 40
0.1657361603
 40
0.1987916522
 40
0.2323715309
 40
0.2664085107
 40
0.3010156639
 40
0.3361963659
 40
0.3719718801
 40
0.4085735936
 40
0.4463941065000001
 40
0.4852253094
 40
0.5253715674000001
 40
0.5672243359
 40
0.6110807138000001
 40
0.6577496272
 40
0.7070202040000001
 40
0.7592353208000001
 40
0.8144842368
 40
0.8732268335
 40
0.9349367104
 40
1.0
 40
1.0
 40
1.0
 40
1.0
 10
172.192144773122
 20
47.68042659911563
 30
0.0
 10
172.1933381260819
 20
47.68044397017564
 30
0.0
 10
172.1957124774419
 20
47.68047853449565
 30
0.0
 10
172.1992248885019
 20
47.68093161461564
 30
0.0
 10
172.202664018022
 20
47.68157763821562
 30
0.0
 10
172.2060123781019
 20
47.68251194419565
 30
0.0
 10
172.2092657904419
 20
47.68373487291563
 30
0.0
 10
172.212470790382
 20
47.68515913219562
 30
0.0
 10
172.215554751702
 20
47.68692544057566
 30
0.0
 10
172.218572388542
 20
47.68890050393565
 30
0.0
 10
172.221461491222
 20
47.69115700437561
 30
0.0
 10
172.224190231002
 20
47.69369288957562
 30
0.0
 10
172.2267924203619
 20
47.69645707505563
 30
0.0
 10
172.229194709182
 20
47.69951615961568
 30
0.0
 10
172.231448512142
 20
47.70281615047565
 30
0.0
 10
172.2335172202219
 20
47.70638042071564
 30
0.0
 10
172.2354481561618
 20
47.71018044105562
 30
0.0
 10
172.237222899882
 20
47.71424980045566
 30
0.0
 10
172.2388443901619
 20
47.71863129283565
 30
0.0
 10
172.2401579740219
 20
47.72338603821566
 30
0.0
 10
172.2413410526819
 20
47.72847508823562
 30
0.0
 10
172.2423032351619
 20
47.73392041389562
 30
0.0
 10
172.242997948022
 20
47.73974086199564
 30
0.0
 10
172.243553316482
 20
47.74591220601564
 30
0.0
 10
172.2438352590219
 20
47.75244924907568
 30
0.0
 10
172.243889670902
 20
47.75691878293568
 30
0.0
 10
172.2439175956619
 20
47.75921266455566
 30
0.0
  0
SPLINE
  5
1097
330
231
100
AcDbEntity
  8
0
  6
Continuous
 62
     7
100
AcDbSpline
210
0.0
220
0.0
230
1.0
 70
     8
 71
     3
 72
    31
 73
    27
 74
     0
 42
0.000000001
 43
0.0000001
 40
0.0
 40
0.0
 40
0.0
 40
0.0
 40
0.0652777705
 40
0.127205441
 40
0.1861682171
 40
0.2416754997
 40
0.2941145051
 40
0.3436091886
 40
0.3903870759000001
 40
0.4344634104
 40
0.4766455534000001
 40
0.5170022931
 40
0.5559361803
 40
0.5937164393
 40
0.6300571765000001
 40
0.6656014335
 40
0.7007446912000001
 40
0.7349167217
 40
0.7686809964
 40
0.8020868125999999
 40
0.8348488267
 40
0.8674333879
 40
0.9001375891
 40
0.9328060675999999
 40
0.9662118837999999
 40
1.0
 40
1.0
 40
1.0
 40
1.0
 10
172.2439175956619
 20
47.75921266455566
 30
0.0
 10
172.243889955382
 20
47.76151659695566
 30
0.0
 10
172.243836097222
 20
47.76600621967566
 30
0.0
 10
172.2435501059219
 20
47.77257280547567
 30
0.0
 10
172.2430087049219
 20
47.77877707805564
 30
0.0
 10
172.2422653510619
 20
47.78462311157565
 30
0.0
 10
172.2413058101819
 20
47.79009837875562
 30
0.0
 10
172.240153854142
 20
47.79522298623567
 30
0.0
 10
172.238728157222
 20
47.79997004811568
 30
0.0
 10
172.2371472866219
 20
47.80439563235566
 30
0.0
 10
172.235315799302
 20
47.80847479615562
 30
0.0
 10
172.233414139402
 20
47.81232040441563
 30
0.0
 10
172.2312895640219
 20
47.81586829419564
 30
0.0
 10
172.2290586083619
 20
47.81918051261564
 30
0.0
 10
172.2266296673219
 20
47.82219944739563
 30
0.0
 10
172.224071648562
 20
47.82498300799568
 30
0.0
 10
172.2213524490219
 20
47.82750140783562
 30
0.0
 10
172.2184718223219
 20
47.82972921897564
 30
0.0
 10
172.215500522702
 20
47.83172738363567
 30
0.0
 10
172.2124059340219
 20
47.83342790601563
 30
0.0
 10
172.2092372306819
 20
47.83488878193568
 30
0.0
 10
172.205974730222
 20
47.83605431173566
 30
0.0
 10
172.2026439545619
 20
47.83699378153565
 30
0.0
 10
172.1992175377419
 20
47.83765682821564
 30
0.0
 10
172.1957100949218
 20
47.83805642355568
 30
0.0
 10
172.1933376942819
 20
47.83809800081565
 30
0.0
 10
172.1921447451819
 20
47.83811890755567
 30
0.0
  0
SPLINE
  5
1098
330
231
100
AcDbEntity
  8
0
  6
Continuous
 62
     7
100
AcDbSpline
210
0.0
220
0.0
230
1.0
 70
     8
 71
     3
 72
    31
 73
    27
 74
     0
 42
0.000000001
 43
0.0000001
 40
0.0
 40
0.0
 40
0.0
 40
0.0
 40
0.0337424247
 40
0.0665334754
 40
0.0991534618
 40
0.1315397542
 40
0.1640870483
 40
0.196562745
 40
0.2297068306
 40
0.2633146465
 40
0.2975043287
 40
0.3316856488
 40
0.3664815111
 40
0.4020997606
 40
0.4389576273
 40
0.4767476992000001
 40
0.5159851314
 40
0.5565892451
 40
0.5995194112
 40
0.6457650933
 40
0.6954865607
 40
0.7487207769
 40
0.8056874134999999
 40
0.8667539576000001
 40
0.9314053776999999
 40
1.0
 40
1.0
 40
1.0
 40
1.0
 10
172.1921447451819
 20
47.83811890755567
 30
0.0
 10
172.1909616792219
 20
47.83809904729563
 30
0.0
 10
172.1886289025818
 20
47.83805989065564
 30
0.0
 10
172.185172843962
 20
47.83765030803564
 30
0.0
 10
172.181803970842
 20
47.83699935175564
 30
0.0
 10
172.1785167180819
 20
47.83604745881561
 30
0.0
 10
172.175299594722
 20
47.83489501001565
 30
0.0
 10
172.1721815186619
 20
47.83342930047567
 30
0.0
 10
172.1691539783619
 20
47.83171361175564
 30
0.0
 10
172.1661961280419
 20
47.82976577719566
 30
0.0
 10
172.163392285542
 20
47.82754379281562
 30
0.0
 10
172.1607170635619
 20
47.82510476035563
 30
0.0
 10
172.158261401722
 20
47.82237721691564
 30
0.0
 10
172.155929455662
 20
47.81942420021562
 30
0.0
 10
172.153787587962
 20
47.81620400853566
 30
0.0
 10
172.1517490982619
 20
47.81276935449565
 30
0.0
 10
172.1499304887419
 20
47.80906541727563
 30
0.0
 10
172.1482595827619
 20
47.80509780011565
 30
0.0
 10
172.1467787653019
 20
47.80079314273564
 30
0.0
 10
172.145501074182
 20
47.79609344423562
 30
0.0
 10
172.144377553442
 20
47.79098338333563
 30
0.0
 10
172.1435359269819
 20
47.78543930755563
 30
0.0
 10
172.1428443281619
 20
47.77947603271567
 30
0.0
 10
172.1423396708019
 20
47.77309201957566
 30
0.0
 10
172.142035881722
 20
47.76628696333566
 30
0.0
 10
172.142008574182
 20
47.76161682281565
 30
0.0
 10
172.1419945178219
 20
47.75921264677566
 30
0.0
  0
SPLINE
  5
1099
330
231
100
AcDbEntity
  8
0
  6
Continuous
 62
     7
100
AcDbSpline
210
0.0
220
0.0
230
1.0
 70
     8
 71
     3
 72
    31
 73
    27
 74
     0
 42
0.000000001
 43
0.0000001
 40
0.0
 40
0.0
 40
0.0
 40
0.0
 40
0.0681132467
 40
0.1325644684
 40
0.193426693
 40
0.2502184822
 40
0.3035685555
 40
0.3535758443999999
 40
0.4002351701000001
 40
0.4435864585
 40
0.4846193084000001
 40
0.5242924706000001
 40
0.5623796179000001
 40
0.5990492627
 40
0.6349401741
 40
0.6697821543
 40
0.7040087777
 40
0.7378419441
 40
0.7710977456999999
 40
0.8038960729999999
 40
0.8364148123999999
 40
0.8686388350000001
 40
0.9007151219
 40
0.9333783422999999
 40
0.9662128537
 40
1.0
 40
1.0
 40
1.0
 40
1.0
 10
172.1419945178219
 20
47.75921264677566
 30
0.0
 10
172.142008503062
 20
47.75682849101565
 30
0.0
 10
172.1420357217019
 20
47.75218835805566
 30
0.0
 10
172.142341779002
 20
47.74542356335564
 30
0.0
 10
172.142836964702
 20
47.73906760197564
 30
0.0
 10
172.1435622972619
 20
47.73312443377562
 30
0.0
 10
172.144461566482
 20
47.72759083041566
 30
0.0
 10
172.1455121739819
 20
47.72244301749563
 30
0.0
 10
172.1468427910819
 20
47.71772233859564
 30
0.0
 10
172.148349163482
 20
47.71338713009567
 30
0.0
 10
172.150048172022
 20
47.70938779087567
 30
0.0
 10
172.1519069237019
 20
47.70566596443564
 30
0.0
 10
172.153916467562
 20
47.70219760459562
 30
0.0
 10
172.156101073302
 20
47.69899646799567
 30
0.0
 10
172.158399676782
 20
47.69601884123566
 30
0.0
 10
172.1608693213219
 20
47.69329212583565
 30
0.0
 10
172.163530690142
 20
47.69085936971563
 30
0.0
 10
172.1663169253619
 20
47.68865986941565
 30
0.0
 10
172.1692437064019
 20
47.68674006629564
 30
0.0
 10
172.1722560371819
 20
47.68505432163567
 30
0.0
 10
172.1753458786019
 20
47.68359059329566
 30
0.0
 10
172.178547586702
 20
47.68246710049564
 30
0.0
 10
172.1818175319021
 20
47.68154924609564
 30
0.0
 10
172.1851724959821
 20
47.68089372543568
 30
0.0
 10
172.1886290270419
 20
47.68048599447564
 30
0.0
 10
172.190961737642
 20
47.68044658637563
 30
0.0
 10
172.192144773122
 20
47.68042659911563
 30
0.0
  0
SPLINE
  5
109A
330
231
100
AcDbEntity
  8
0
  6
Continuous
 62
     7
100
AcDbSpline
210
0.0
220
0.0
230
1.0
 70
     8
 71
     3
 72
    27
 73
    23
 74
     0
 42
0.000000001
 43
0.0000001
 40
0.0
 40
0.0
 40
0.0
 40
0.0
 40
0.0733021356
 40
0.1422863278
 40
0.2062532954
 40
0.2660167794
 40
0.3216117904
 40
0.37253246
 40
0.4194969816
 40
0.4623979521
 40
0.5028252779
 40
0.5414888117000001
 40
0.5790338028000001
 40
0.6151434189
 40
0.6502976045000001
 40
0.6849123758
 40
0.7187009
 40
0.7521889702
 40
0.8172453814
 40
0.8791167513999999
 40
0.9396133806999998
 40
1.0
 40
1.0
 40
1.0
 40
1.0
 10
172.386225286662
 20
47.75927278635563
 30
0.0
 10
172.3862301101219
 20
47.76128636119565
 30
0.0
 10
172.386239472562
 20
47.76519489541562
 30
0.0
 10
172.386502240642
 20
47.77085479773563
 30
0.0
 10
172.386840009842
 20
47.77613811203565
 30
0.0
 10
172.3873655993419
 20
47.78103591783565
 30
0.0
 10
172.3879568249819
 20
47.78556675459563
 30
0.0
 10
172.388791982062
 20
47.78970083573563
 30
0.0
 10
172.389696008702
 20
47.79346236491562
 30
0.0
 10
172.3907919856819
 20
47.79687297531566
 30
0.0
 10
172.392038465282
 20
47.79998511031564
 30
0.0
 10
172.393389206802
 20
47.80289216825565
 30
0.0
 10
172.394888393542
 20
47.80559168787561
 30
0.0
 10
172.3965207905819
 20
47.80809734453566
 30
0.0
 10
172.3982636903218
 20
47.81042885625564
 30
0.0
 10
172.4001556702819
 20
47.81255655329565
 30
0.0
 10
172.402173499622
 20
47.81450168783564
 30
0.0
 10
172.405039089522
 20
47.81674475929565
 30
0.0
 10
172.4087780736619
 20
47.81909985999564
 30
0.0
 10
172.4134796873219
 20
47.82124327455568
 30
0.0
 10
172.418384600042
 20
47.82247298507567
 30
0.0
 10
172.421705672902
 20
47.82264726971564
 30
0.0
 10
172.4233646993019
 20
47.82273433075565
 30
0.0
  0
SPLINE
  5
109B
330
231
100
AcDbEntity
  8
0
  6
Continuous
 62
     7
100
AcDbSpline
210
0.0
220
0.0
230
1.0
 70
     8
 71
     3
 72
    27
 73
    23
 74
     0
 42
0.000000001
 43
0.0000001
 40
0.0
 40
0.0
 40
0.0
 40
0.0
 40
0.0596886662
 40
0.1195065384
 40
0.181074584
 40
0.246162337
 40
0.2798942139
 40
0.3144679584
 40
0.3504028636
 40
0.3874736883
 40
0.4261472450000001
 40
0.4666236557000001
 40
0.5087454666
 40
0.5533282564000001
 40
0.6000583195
 40
0.649177064
 40
0.7005515755000001
 40
0.7548938693000001
 40
0.8118248697
 40
0.8715135357999999
 40
0.9343188020000001
 40
1.0
 40
1.0
 40
1.0
 40
1.0
 10
172.4233646993019
 20
47.82273433075565
 30
0.0
 10
172.4250037841619
 20
47.82264738909566
 30
0.0
 10
172.428285504802
 20
47.82247331781564
 30
0.0
 10
172.4331399604218
 20
47.82123867715566
 30
0.0
 10
172.437804774562
 20
47.81908871701566
 30
0.0
 10
172.4415536723219
 20
47.81675250375565
 30
0.0
 10
172.4444172683219
 20
47.81446125103568
 30
0.0
 10
172.446461739722
 20
47.81245395253566
 30
0.0
 10
172.4484227797419
 20
47.81024104103567
 30
0.0
 10
172.4502225932618
 20
47.80775393145569
 30
0.0
 10
172.451908690982
 20
47.80504249161566
 30
0.0
 10
172.453461052622
 20
47.80209457523563
 30
0.0
 10
172.4549145854021
 20
47.79891827221564
 30
0.0
 10
172.456235029802
 20
47.79549824349564
 30
0.0
 10
172.4573887359021
 20
47.79181854803565
 30
0.0
 10
172.458468789622
 20
47.78792098915565
 30
0.0
 10
172.4592726945419
 20
47.78374454843566
 30
0.0
 10
172.460018291222
 20
47.77934096313564
 30
0.0
 10
172.4605239696619
 20
47.77467337277565
 30
0.0
 10
172.4609792646619
 20
47.76976761169564
 30
0.0
 10
172.4611555787619
 20
47.76460254455566
 30
0.0
 10
172.461201707702
 20
47.76107569613563
 30
0.0
 10
172.461225286522
 20
47.75927279905568
 30
0.0
  0
LINE
  5
109C
330
231
100
AcDbEntity
  8
0
  6
Continuous
 62
     7
100
AcDbLine
 10
172.461225286522
 20
47.75927279905568
 30
0.0
 11
172.455546207202
 21
47.72156246299565
 31
0.0
  0
SPLINE
  5
109D
330
231
100
AcDbEntity
  8
0
  6
Continuous
 62
     7
100
AcDbSpline
210
0.0
220
0.0
230
1.0
 70
     8
 71
     3
 72
    19
 73
    15
 74
     0
 42
0.000000001
 43
0.0000001
 40
0.0
 40
0.0
 40
0.0
 40
0.0
 40
0.0759493073
 40
0.1485490724
 40
0.2189955451
 40
0.2861189619
 40
0.3518258552
 40
0.4160741613
 40
0.4782648099000001
 40
0.5403245898
 40
0.6604051854000001
 40
0.7746061161
 40
0.8871865993
 40
1.0
 40
1.0
 40
1.0
 40
1.0
 10
172.455546207202
 20
47.72156246299565
 30
0.0
 10
172.455158171402
 20
47.72051574423563
 30
0.0
 10
172.4543992117819
 20
47.71846846867567
 30
0.0
 10
172.453067068142
 20
47.71553578975562
 30
0.0
 10
172.4516072209219
 20
47.71281167785565
 30
0.0
 10
172.4500018317019
 20
47.71028857139564
 30
0.0
 10
172.448251459282
 20
47.70797860141565
 30
0.0
 10
172.4464059435419
 20
47.70583763541563
 30
0.0
 10
172.4443952135019
 20
47.70392557929563
 30
0.0
 10
172.4415888208419
 20
47.70168293709565
 30
0.0
 10
172.4379000220219
 20
47.69932804213567
 30
0.0
 10
172.4331930108619
 20
47.69733648909567
 30
0.0
 10
172.428344420102
 20
47.69601654253563
 30
0.0
 10
172.4250257653219
 20
47.69587973051566
 30
0.0
 10
172.423364722162
 20
47.69581125465566
 30
0.0
  0
SPLINE
  5
109E
330
231
100
AcDbEntity
  8
0
  6
Continuous
 62
     7
100
AcDbSpline
210
0.0
220
0.0
230
1.0
 70
     8
 71
     3
 72
    27
 73
    23
 74
     0
 42
0.000000001
 43
0.0000001
 40
0.0
 40
0.0
 40
0.0
 40
0.0
 40
0.0600344403
 40
0.1202779236
 40
0.1823475614
 40
0.2479191354
 40
0.2816410472
 40
0.3157005398999999
 40
0.3503217567
 40
0.3857031347999999
 40
0.4218194747
 40
0.4591956847
 40
0.4978664179
 40
0.5383012714000001
 40
0.5812102303
 40
0.6281834969000001
 40
0.6794027673000001
 40
0.7346986428
 40
0.7940735398000001
 40
0.8584163057999999
 40
0.9270489340999999
 40
1.0
 40
1.0
 40
1.0
 40
1.0
 10
172.423364722162
 20
47.69581125465566
 30
0.0
 10
172.4217143546219
 20
47.69589390625566
 30
0.0
 10
172.4184078715219
 20
47.69605949393567
 30
0.0
 10
172.413536364882
 20
47.69736159953566
 30
0.0
 10
172.408795487902
 20
47.69943357405566
 30
0.0
 10
172.405032782702
 20
47.70181296477562
 30
0.0
 10
172.4021826207619
 20
47.70411554335564
 30
0.0
 10
172.4001223683418
 20
47.70603541251566
 30
0.0
 10
172.398237800102
 20
47.70818824793567
 30
0.0
 10
172.396458580902
 20
47.71049851255566
 30
0.0
 10
172.394824903702
 20
47.71300709529566
 30
0.0
 10
172.3933651580819
 20
47.71572217749564
 30
0.0
 10
172.3920063342819
 20
47.71861937261564
 30
0.0
 10
172.3907618003219
 20
47.72173290461563
 30
0.0
 10
172.3896691558219
 20
47.72514380965563
 30
0.0
 10
172.388745667702
 20
47.72890997687565
 30
0.0
 10
172.3879868046019
 20
47.73305724823567
 30
0.0
 10
172.3873095339219
 20
47.73756367813567
 30
0.0
 10
172.3868534769219
 20
47.74246025711562
 30
0.0
 10
172.386499896222
 20
47.74773041421565
 30
0.0
 10
172.386240343782
 20
47.75338083979565
 30
0.0
 10
172.386230407302
 20
47.75726926991564
 30
0.0
 10
172.386225286662
 20
47.75927278635563
 30
0.0
  0
SPLINE
  5
109F
330
231
100
AcDbEntity
  8
0
  6
Continuous
 62
     7
100
AcDbSpline
210
0.0
220
0.0
230
1.0
 70
     8
 71
     3
 72
    31
 73
    27
 74
     0
 42
0.000000001
 43
0.0000001
 40
0.0
 40
0.0
 40
0.0
 40
0.0
 40
0.0681132467
 40
0.1325644684
 40
0.193426693
 40
0.2502184822
 40
0.3035685555
 40
0.3535758443999999
 40
0.4002351701000001
 40
0.4435864585
 40
0.4846193084000001
 40
0.5242924706000001
 40
0.5623796179000001
 40
0.5990492627
 40
0.6349401741
 40
0.6697821543
 40
0.7040087777
 40
0.7378419441
 40
0.7710977456999999
 40
0.8038960729999999
 40
0.8364148123999999
 40
0.8686388350000001
 40
0.9007151219
 40
0.9333783422999999
 40
0.9662128537
 40
1.0
 40
1.0
 40
1.0
 40
1.0
 10
172.3727637489419
 20
47.75921268741561
 30
0.0
 10
172.3727777341819
 20
47.75682853165565
 30
0.0
 10
172.372804952822
 20
47.75218839869566
 30
0.0
 10
172.373111010122
 20
47.74542360399564
 30
0.0
 10
172.3736061958219
 20
47.73906764261565
 30
0.0
 10
172.3743315283819
 20
47.73312447187564
 30
0.0
 10
172.3752307976019
 20
47.72759087105566
 30
0.0
 10
172.3762814051019
 20
47.72244305813564
 30
0.0
 10
172.3776120222019
 20
47.71772237923565
 30
0.0
 10
172.3791183946019
 20
47.71338716819565
 30
0.0
 10
172.380817403142
 20
47.70938783151566
 30
0.0
 10
172.382676152282
 20
47.70566600507564
 30
0.0
 10
172.3846856986819
 20
47.70219764523562
 30
0.0
 10
172.3868703018819
 20
47.69899650863561
 30
0.0
 10
172.3891689079021
 20
47.69601888187565
 30
0.0
 10
172.3916385524419
 20
47.69329216647565
 30
0.0
 10
172.3942999212619
 20
47.69085941035564
 30
0.0
 10
172.397086156482
 20
47.68865991005566
 30
0.0
 10
172.400012937522
 20
47.68674010693567
 30
0.0
 10
172.403025268302
 20
47.68505436227568
 30
0.0
 10
172.406115109722
 20
47.68359063393567
 30
0.0
 10
172.4093168178219
 20
47.68246714113565
 30
0.0
 10
172.412586763022
 20
47.68154928673564
 30
0.0
 10
172.415941724562
 20
47.68089376607568
 30
0.0
 10
172.4193982581619
 20
47.68048603511565
 30
0.0
 10
172.4217309687619
 20
47.68044662701567
 30
0.0
 10
172.422914001702
 20
47.68042663975563
 30
0.0
  0
SPLINE
  5
10A0
330
231
100
AcDbEntity
  8
0
  6
Continuous
 62
     7
100
AcDbSpline
210
0.0
220
0.0
230
1.0
 70
     8
 71
     3
 72
    31
 73
    27
 74
     0
 42
0.000000001
 43
0.0000001
 40
0.0
 40
0.0
 40
0.0
 40
0.0
 40
0.0337424247
 40
0.0665334754
 40
0.0991534618
 40
0.1315397542
 40
0.1640870483
 40
0.196562745
 40
0.2297068306
 40
0.2633146465
 40
0.2975043287
 40
0.3316856488
 40
0.3664815111
 40
0.4020997606
 40
0.4389576273
 40
0.4767476992000001
 40
0.5159851314
 40
0.5565892451
 40
0.5995194112
 40
0.6457650933
 40
0.6954865607
 40
0.7487207769
 40
0.8056874134999999
 40
0.8667539576000001
 40
0.9314053776999999
 40
1.0
 40
1.0
 40
1.0
 40
1.0
 10
172.422913976302
 20
47.83811894819566
 30
0.0
 10
172.421730907802
 20
47.83809908793569
 30
0.0
 10
172.4193981337019
 20
47.83805993129564
 30
0.0
 10
172.4159420750819
 20
47.83765034867565
 30
0.0
 10
172.4125731994219
 20
47.83699939239565
 30
0.0
 10
172.4092859492019
 20
47.83604749945567
 30
0.0
 10
172.406068825842
 20
47.83489505065566
 30
0.0
 10
172.402950749782
 20
47.83342934111567
 30
0.0
 10
172.3999232069419
 20
47.83171365239565
 30
0.0
 10
172.3969653591618
 20
47.82976581783566
 30
0.0
 10
172.3941615166619
 20
47.82754383345568
 30
0.0
 10
172.3914862946819
 20
47.82510480099563
 30
0.0
 10
172.3890306328419
 20
47.82237725755564
 30
0.0
 10
172.386698686782
 20
47.81942424085563
 30
0.0
 10
172.3845568190819
 20
47.81620404917563
 30
0.0
 10
172.3825183293819
 20
47.81276939513566
 30
0.0
 10
172.3806997198619
 20
47.80906545791563
 30
0.0
 10
172.379028813882
 20
47.80509784075564
 30
0.0
 10
172.377547996422
 20
47.80079318083565
 30
0.0
 10
172.376270305302
 20
47.79609348487563
 30
0.0
 10
172.375146784562
 20
47.79098342397563
 30
0.0
 10
172.3743051581019
 20
47.78543934819563
 30
0.0
 10
172.3736135567419
 20
47.77947607335562
 30
0.0
 10
172.3731089019219
 20
47.77309206021562
 30
0.0
 10
172.3728051128419
 20
47.76628700397566
 30
0.0
 10
172.372777805302
 20
47.76161686091566
 30
0.0
 10
172.3727637489419
 20
47.75921268741561
 30
0.0
  0
SPLINE
  5
10A1
330
231
100
AcDbEntity
  8
0
  6
Continuous
 62
     7
100
AcDbSpline
210
0.0
220
0.0
230
1.0
 70
     8
 71
     3
 72
    31
 73
    27
 74
     0
 42
0.000000001
 43
0.0000001
 40
0.0
 40
0.0
 40
0.0
 40
0.0
 40
0.0652777705
 40
0.127205441
 40
0.1861682171
 40
0.2416754997
 40
0.2941145051
 40
0.3436091886
 40
0.3903870759000001
 40
0.4344634104
 40
0.4766455534000001
 40
0.5170022931
 40
0.5559361803
 40
0.5937164393
 40
0.6300571765000001
 40
0.6656014335
 40
0.7007446912000001
 40
0.7349167217
 40
0.7686809964
 40
0.8020868125999999
 40
0.8348488267
 40
0.8674333879
 40
0.9001375891
 40
0.9328060675999999
 40
0.9662118837999999
 40
1.0
 40
1.0
 40
1.0
 40
1.0
 10
172.4746868267819
 20
47.75921270519567
 30
0.0
 10
172.4746591865018
 20
47.76151663759566
 30
0.0
 10
172.4746053283419
 20
47.76600625777561
 30
0.0
 10
172.4743193370419
 20
47.77257284611567
 30
0.0
 10
172.473777936042
 20
47.77877711869564
 30
0.0
 10
172.473034582182
 20
47.78462315221566
 30
0.0
 10
172.472075041302
 20
47.79009841939563
 30
0.0
 10
172.4709230852619
 20
47.79522302687562
 30
0.0
 10
172.4694973883419
 20
47.79997008875563
 30
0.0
 10
172.467916515202
 20
47.80439567299566
 30
0.0
 10
172.4660850304219
 20
47.80847483679562
 30
0.0
 10
172.4641833705219
 20
47.81232044505563
 30
0.0
 10
172.462058795142
 20
47.81586833483564
 30
0.0
 10
172.459827839482
 20
47.81918055325564
 30
0.0
 10
172.4573988959019
 20
47.82219948803564
 30
0.0
 10
172.454840879682
 20
47.82498304863568
 30
0.0
 10
172.452121680142
 20
47.82750144847568
 30
0.0
 10
172.4492410534419
 20
47.82972925961565
 30
0.0
 10
172.4462697538218
 20
47.83172742427561
 30
0.0
 10
172.4431751651419
 20
47.83342794665563
 30
0.0
 10
172.440006461802
 20
47.83488882257564
 30
0.0
 10
172.4367439613419
 20
47.83605434983565
 30
0.0
 10
172.4334131856819
 20
47.83699381963564
 30
0.0
 10
172.4299867688619
 20
47.83765686885565
 30
0.0
 10
172.426479323502
 20
47.83805646419563
 30
0.0
 10
172.4241069254019
 20
47.83809804145565
 30
0.0
 10
172.422913976302
 20
47.83811894819566
 30
0.0
  0
SPLINE
  5
10A2
330
231
100
AcDbEntity
  8
0
  6
Continuous
 62
     7
100
AcDbSpline
210
0.0
220
0.0
230
1.0
 70
     8
 71
     3
 72
    31
 73
    27
 74
     0
 42
0.000000001
 43
0.0000001
 40
0.0
 40
0.0
 40
0.0
 40
0.0
 40
0.0338241166
 40
0.0672980875
 40
0.1002802585
 40
0.1330193053
 40
0.1657361603
 40
0.1987916522
 40
0.2323715308
 40
0.2664085107
 40
0.3010156639
 40
0.3361963659
 40
0.3719718801
 40
0.4085735936
 40
0.4463941065000001
 40
0.4852253094
 40
0.5253715674000001
 40
0.5672243359
 40
0.6110807138000001
 40
0.6577496272
 40
0.7070202040000001
 40
0.7592353208000001
 40
0.8144842368
 40
0.8732268335
 40
0.9349367104
 40
1.0
 40
1.0
 40
1.0
 40
1.0
 10
172.422914001702
 20
47.68042663975563
 30
0.0
 10
172.4241073546618
 20
47.68044401081565
 30
0.0
 10
172.426481708562
 20
47.68047857513565
 30
0.0
 10
172.4299941196219
 20
47.68093165525565
 30
0.0
 10
172.433433249142
 20
47.68157767885563
 30
0.0
 10
172.4367816092219
 20
47.68251198229566
 30
0.0
 10
172.4400350190219
 20
47.68373491355563
 30
0.0
 10
172.443240021502
 20
47.68515917283562
 30
0.0
 10
172.4463239828219
 20
47.68692548121563
 30
0.0
 10
172.4493416196619
 20
47.68890054457566
 30
0.0
 10
172.4522307223419
 20
47.69115704501567
 30
0.0
 10
172.454959462122
 20
47.69369293021563
 30
0.0
 10
172.457561651482
 20
47.69645711569563
 30
0.0
 10
172.4599639403019
 20
47.69951620025563
 30
0.0
 10
172.4622177432619
 20
47.70281619111566
 30
0.0
 10
172.464286448802
 20
47.70638046135561
 30
0.0
 10
172.466217387282
 20
47.71018048169563
 30
0.0
 10
172.4679921310019
 20
47.71424984109566
 30
0.0
 10
172.4696136212819
 20
47.71863133347565
 30
0.0
 10
172.4709272051419
 20
47.7233860788556
 30
0.0
 10
172.472110283802
 20
47.72847512633563
 30
0.0
 10
172.4730724662819
 20
47.73392045453568
 30
0.0
 10
172.473767179142
 20
47.73974090263564
 30
0.0
 10
172.474322547602
 20
47.74591224665565
 30
0.0
 10
172.4746044901419
 20
47.75244928971562
 30
0.0
 10
172.4746589020219
 20
47.75691882357563
 30
0.0
 10
172.4746868267819
 20
47.75921270519567
 30
0.0
  0
SPLINE
  5
10A3
330
231
100
AcDbEntity
  8
0
  6
Continuous
 62
     7
100
AcDbSpline
210
0.0
220
0.0
230
1.0
 70
     8
 71
     3
 72
    23
 73
    19
 74
     0
 42
0.000000001
 43
0.0000001
 40
0.0
 40
0.0
 40
0.0
 40
0.0
 40
0.0680265258
 40
0.133504868
 40
0.1969498973
 40
0.2602700376
 40
0.3227413832999999
 40
0.3849824572
 40
0.4484651954000001
 40
0.5134241736
 40
0.5782242583000001
 40
0.6400111525
 40
0.7000941689
 40
0.7600667835
 40
0.8190115031999999
 40
0.8778780943999999
 40
0.9380345993
 40
1.0
 40
1.0
 40
1.0
 40
1.0
 10
172.311375515102
 20
48.62272210593568
 30
0.0
 10
172.3124986980219
 20
48.62269231427564
 30
0.0
 10
172.3147029913019
 20
48.62263385109563
 30
0.0
 10
172.3179311636619
 20
48.62220174629562
 30
0.0
 10
172.321033367262
 20
48.62151352059567
 30
0.0
 10
172.3240010296019
 20
48.62052029169564
 30
0.0
 10
172.326839893622
 20
48.61925414233565
 30
0.0
 10
172.329542042142
 20
48.61770960897567
 30
0.0
 10
172.3320960807219
 20
48.61586143385562
 30
0.0
 10
172.3345137162219
 20
48.61377509817564
 30
0.0
 10
172.3367144865219
 20
48.61149709917566
 30
0.0
 10
172.3386169185819
 20
48.60906757139566
 30
0.0
 10
172.340265777362
 20
48.60655453857567
 30
0.0
 10
172.3416203517419
 20
48.60392115293567
 30
0.0
 10
172.342646577782
 20
48.60116421153569
 30
0.0
 10
172.343362743482
 20
48.59831143339562
 30
0.0
 10
172.3438366465219
 20
48.59535404535563
 30
0.0
 10
172.343890342122
 20
48.59333694499565
 30
0.0
 10
172.343917588702
 20
48.59231345707565
 30
0.0
  0
SPLINE
  5
10A4
330
231
100
AcDbEntity
  8
0
  6
Continuous
 62
     7
100
AcDbSpline
210
0.0
220
0.0
230
1.0
 70
     8
 71
     3
 72
    19
 73
    15
 74
     0
 42
0.000000001
 43
0.0000001
 40
0.0
 40
0.0
 40
0.0
 40
0.0
 40
0.0880144152
 40
0.1749759744
 40
0.2637995474
 40
0.3554429955
 40
0.406413059
 40
0.4655189607
 40
0.5330755306000001
 40
0.6093526789000001
 40
0.6938986902
 40
0.7871707976000001
 40
0.8891973562
 40
1.0
 40
1.0
 40
1.0
 40
1.0
 10
172.343917588702
 20
48.59231345707565
 30
0.0
 10
172.343854967542
 20
48.59068581999565
 30
0.0
 10
172.3437304770619
 20
48.58745002001566
 30
0.0
 10
172.342692696562
 20
48.58266170853568
 30
0.0
 10
172.3409907390819
 20
48.57801026495565
 30
0.0
 10
172.339010141062
 20
48.57420402161565
 30
0.0
 10
172.3369651972219
 20
48.57108656531565
 30
0.0
 10
172.3350809566419
 20
48.56839708885565
 30
0.0
 10
172.332729290022
 20
48.56547445817563
 30
0.0
 10
172.330079285162
 20
48.56219024833563
 30
0.0
 10
172.3269928244821
 20
48.55865082437563
 30
0.0
 10
172.3235368700019
 20
48.55480441601563
 30
0.0
 10
172.3196890443219
 20
48.55065828765564
 30
0.0
 10
172.3169685493819
 20
48.54781839239564
 30
0.0
 10
172.3155522123619
 20
48.54633989395566
 30
0.0
  0
SPLINE
  5
10A5
330
231
100
AcDbEntity
  8
0
  6
Continuous
 62
     7
100
AcDbSpline
210
0.0
220
0.0
230
1.0
 70
     8
 71
     3
 72
    19
 73
    15
 74
     0
 42
0.000000001
 43
0.0000001
 40
0.0
 40
0.0
 40
0.0
 40
0.0
 40
0.099530462
 40
0.1920788773
 40
0.2777124947
 40
0.3574542469
 40
0.429647662
 40
0.4957712246
 40
0.5555375593000001
 40
0.6086574562
 40
0.7075775735
 40
0.8043276911999999
 40
0.9012978036999999
 40
1.0
 40
1.0
 40
1.0
 40
1.0
 10
172.327030579042
 20
48.53969927223565
 30
0.0
 10
172.328466481682
 20
48.54123837507566
 30
0.0
 10
172.331237560722
 20
48.54420861551566
 30
0.0
 10
172.335185708782
 20
48.54855740793564
 30
0.0
 10
172.3387438017419
 20
48.55269268541562
 30
0.0
 10
172.3419372091219
 20
48.55657172261564
 30
0.0
 10
172.344794858982
 20
48.56019218273565
 30
0.0
 10
172.347257635362
 20
48.56358241725565
 30
0.0
 10
172.3493613852819
 20
48.56673107491565
 30
0.0
 10
172.351695917062
 20
48.57055536749564
 30
0.0
 10
172.354010088202
 20
48.57530125335566
 30
0.0
 10
172.3559320808019
 20
48.58119811481564
 30
0.0
 10
172.357162695562
 20
48.58728446535565
 30
0.0
 10
172.357306558622
 20
48.59142618935564
 30
0.0
 10
172.3573791264219
 20
48.59351538253566
 30
0.0
  0
SPLINE
  5
10A6
330
231
100
AcDbEntity
  8
0
  6
Continuous
 62
     7
100
AcDbSpline
210
0.0
220
0.0
230
1.0
 70
     8
 71
     3
 72
    23
 73
    19
 74
     0
 42
0.000000001
 43
0.0000001
 40
0.0
 40
0.0
 40
0.0
 40
0.0
 40
0.0627103576
 40
0.1233468291
 40
0.1834014715
 40
0.2428279116
 40
0.3020973941
 40
0.3624198997
 40
0.4237247845
 40
0.4870321805
 40
0.5504907811999999
 40
0.6127093078
 40
0.674264977
 40
0.7361703271
 40
0.7992111764000001
 40
0.8634832023999999
 40
0.9305245397
 40
1.0
 40
1.0
 40
1.0
 40
1.0
 10
172.3573791264219
 20
48.59351538253566
 30
0.0
 10
172.357334559582
 20
48.59499934705567
 30
0.0
 10
172.3572468991019
 20
48.59791819821566
 30
0.0
 10
172.3566757216819
 20
48.60223069149566
 30
0.0
 10
172.355665225862
 20
48.60637700019563
 30
0.0
 10
172.3543342480819
 20
48.61040004269566
 30
0.0
 10
172.352526204962
 20
48.61424125167568
 30
0.0
 10
172.3503570678218
 20
48.61793679165566
 30
0.0
 10
172.3478241137819
 20
48.6215148439357
 30
0.0
 10
172.3448880541219
 20
48.62486637393565
 30
0.0
 10
172.341690618302
 20
48.62800582409565
 30
0.0
 10
172.338138583242
 20
48.63067238721564
 30
0.0
 10
172.3343918825819
 20
48.63297799601565
 30
0.0
 10
172.3304059063019
 20
48.63489732669563
 30
0.0
 10
172.3261507154219
 20
48.63632512927566
 30
0.0
 10
172.321660262122
 20
48.63734279805567
 30
0.0
 10
172.3169433170219
 20
48.63799255545569
 30
0.0
 10
172.3137113930819
 20
48.63806821443566
 30
0.0
 10
172.312066618622
 20
48.63810672083565
 30
0.0
  0
SPLINE
  5
10A7
330
231
100
AcDbEntity
  8
0
  6
Continuous
 62
     7
100
AcDbSpline
210
0.0
220
0.0
230
1.0
 70
     8
 71
     3
 72
    23
 73
    19
 74
     0
 42
0.000000001
 43
0.0000001
 40
0.0
 40
0.0
 40
0.0
 40
0.0
 40
0.0644500571
 40
0.1267249151
 40
0.1874207338
 40
0.2474168372
 40
0.3067488371
 40
0.3665948243
 40
0.4277494312
 40
0.4902352233
 40
0.5530307613000001
 40
0.6148046220000002
 40
0.6765050306
 40
0.7380957001999999
 40
0.8010213257
 40
0.8648967106
 40
0.9312092055999999
 40
1.0
 40
1.0
 40
1.0
 40
1.0
 10
172.312066618622
 20
48.63810672083565
 30
0.0
 10
172.310391785802
 20
48.63806975875568
 30
0.0
 10
172.3070986402419
 20
48.63799708173565
 30
0.0
 10
172.3022652488419
 20
48.63732095151565
 30
0.0
 10
172.2976416995419
 20
48.63619716661566
 30
0.0
 10
172.2932076748819
 20
48.63468260017564
 30
0.0
 10
172.2890034160818
 20
48.63266483179564
 30
0.0
 10
172.2849814861019
 20
48.63025121711564
 30
0.0
 10
172.281154089642
 20
48.62739456293565
 30
0.0
 10
172.277606862802
 20
48.62408652281565
 30
0.0
 10
172.2743408596819
 20
48.62048057371566
 30
0.0
 10
172.2714611245219
 20
48.61658094981564
 30
0.0
 10
172.2690298365219
 20
48.61242380547569
 30
0.0
 10
172.2670024263019
 20
48.60802500045565
 30
0.0
 10
172.2653699378219
 20
48.60340200233562
 30
0.0
 10
172.264215327482
 20
48.59851393997567
 30
0.0
 10
172.2634084025019
 20
48.59340005891565
 30
0.0
 10
172.2632360939821
 20
48.58989260847568
 30
0.0
 10
172.2631483598419
 20
48.58810671161563
 30
0.0
  0
SPLINE
  5
10A8
330
231
100
AcDbEntity
  8
0
  6
Continuous
 62
     7
100
AcDbSpline
210
0.0
220
0.0
230
1.0
 70
     8
 71
     3
 72
    23
 73
    19
 74
     0
 42
0.000000001
 43
0.0000001
 40
0.0
 40
0.0
 40
0.0
 40
0.0
 40
0.0736479718
 40
0.1436862429
 40
0.2109616061
 40
0.2755574941
 40
0.3380642102
 40
0.3993109017
 40
0.4593997250000001
 40
0.5193397167000001
 40
0.5790240672
 40
0.6378087819
 40
0.6959591153
 40
0.7541224644
 40
0.8131128465999999
 40
0.8734530887
 40
0.9355613284
 40
1.0
 40
1.0
 40
1.0
 40
1.0
 10
172.276609897562
 20
48.58810671415563
 30
0.0
 10
172.2767374919219
 20
48.58944197437563
 30
0.0
 10
172.276986429702
 20
48.59204704917562
 30
0.0
 10
172.2777315793419
 20
48.59581939367567
 30
0.0
 10
172.2786732843419
 20
48.59937515237565
 30
0.0
 10
172.279905669482
 20
48.60269888715563
 30
0.0
 10
172.281423207722
 20
48.60577879717564
 30
0.0
 10
172.2831625235219
 20
48.60864283005565
 30
0.0
 10
172.2851531037419
 20
48.61128325657566
 30
0.0
 10
172.287418702462
 20
48.61365186753568
 30
0.0
 10
172.2898776942419
 20
48.61577932073564
 30
0.0
 10
172.292494676562
 20
48.61765575589564
 30
0.0
 10
172.295274561782
 20
48.61922825973562
 30
0.0
 10
172.2982111167418
 20
48.62049077181564
 30
0.0
 10
172.3012900539419
 20
48.62148405659567
 30
0.0
 10
172.3045165880019
 20
48.62221030863565
 30
0.0
 10
172.3078988316819
 20
48.62263128061565
 30
0.0
 10
172.3102024796019
 20
48.62269146083562
 30
0.0
 10
172.311375515102
 20
48.62272210593568
 30
0.0
  0
SPLINE
  5
10A9
330
231
100
AcDbEntity
  8
0
  6
Continuous
 62
     7
100
AcDbSpline
210
0.0
220
0.0
230
1.0
 70
     8
 71
     3
 72
    27
 73
    23
 74
     0
 42
0.000000001
 43
0.0000001
 40
0.0
 40
0.0
 40
0.0
 40
0.0
 40
0.0733021356
 40
0.1422863278
 40
0.2062532954
 40
0.2660167794
 40
0.3216117904
 40
0.37253246
 40
0.4194969816
 40
0.4623979521
 40
0.5028252779
 40
0.5414888117000001
 40
0.5790338028000001
 40
0.6151434189
 40
0.6502976045000001
 40
0.6849123759
 40
0.7187009
 40
0.7521889702
 40
0.8172453814
 40
0.8791167513999999
 40
0.9396133806999998
 40
1.0
 40
1.0
 40
1.0
 40
1.0
 10
172.155456055542
 20
48.55926053867566
 30
0.0
 10
172.1554608790019
 20
48.56127411351565
 30
0.0
 10
172.155470241442
 20
48.56518264773561
 30
0.0
 10
172.155733009522
 20
48.57084255005569
 30
0.0
 10
172.156070778722
 20
48.57612586435564
 30
0.0
 10
172.156596368222
 20
48.58102367015565
 30
0.0
 10
172.157187593862
 20
48.58555450691563
 30
0.0
 10
172.158022750942
 20
48.58968858805567
 30
0.0
 10
172.1589267775819
 20
48.59345011723561
 30
0.0
 10
172.1600227545619
 20
48.59686072763565
 30
0.0
 10
172.1612692341618
 20
48.59997286263563
 30
0.0
 10
172.162619975682
 20
48.60287992057564
 30
0.0
 10
172.164119162422
 20
48.60557944019567
 30
0.0
 10
172.1657515594619
 20
48.60808509939563
 30
0.0
 10
172.1674944617419
 20
48.61041660857563
 30
0.0
 10
172.1693864391619
 20
48.61254430561567
 30
0.0
 10
172.171404268502
 20
48.61448944015563
 30
0.0
 10
172.174269858402
 20
48.61673251161565
 30
0.0
 10
172.178008842542
 20
48.61908761231564
 30
0.0
 10
172.1827104587419
 20
48.62123102687561
 30
0.0
 10
172.1876153689219
 20
48.62246073993566
 30
0.0
 10
172.1909364417819
 20
48.62263502203564
 30
0.0
 10
172.1925954681819
 20
48.62272208561563
 30
0.0
  0
SPLINE
  5
10AA
330
231
100
AcDbEntity
  8
0
  6
Continuous
 62
     7
100
AcDbSpline
210
0.0
220
0.0
230
1.0
 70
     8
 71
     3
 72
    27
 73
    23
 74
     0
 42
0.000000001
 43
0.0000001
 40
0.0
 40
0.0
 40
0.0
 40
0.0
 40
0.0596886662
 40
0.1195065384
 40
0.181074584
 40
0.246162337
 40
0.2798942139
 40
0.3144679584
 40
0.3504028636
 40
0.3874736883
 40
0.4261472450000001
 40
0.4666236557000001
 40
0.5087454666
 40
0.5533282564000001
 40
0.6000583195
 40
0.649177064
 40
0.7005515755000001
 40
0.7548938693000001
 40
0.8118248697
 40
0.8715135357999999
 40
0.9343188020000001
 40
1.0
 40
1.0
 40
1.0
 40
1.0
 10
172.1925954681819
 20
48.62272208561563
 30
0.0
 10
172.1942345530419
 20
48.62263514141559
 30
0.0
 10
172.1975162736819
 20
48.62246107013564
 30
0.0
 10
172.2023707293019
 20
48.62122642947565
 30
0.0
 10
172.207035543442
 20
48.61907646933565
 30
0.0
 10
172.210784441202
 20
48.61674025607564
 30
0.0
 10
172.2136480372019
 20
48.61444900335562
 30
0.0
 10
172.2156925086019
 20
48.61244170485562
 30
0.0
 10
172.2176535486219
 20
48.61022879335561
 30
0.0
 10
172.2194533646819
 20
48.60774168631562
 30
0.0
 10
172.221139459862
 20
48.60503024393565
 30
0.0
 10
172.2226918215019
 20
48.60208232755567
 30
0.0
 10
172.2241453542819
 20
48.59890602453567
 30
0.0
 10
172.2254657986819
 20
48.59548599581564
 30
0.0
 10
172.2266195047819
 20
48.59180630035564
 30
0.0
 10
172.2276995585018
 20
48.58790874147567
 30
0.0
 10
172.2285034634219
 20
48.58373230075565
 30
0.0
 10
172.229249060102
 20
48.57932871545568
 30
0.0
 10
172.229754738542
 20
48.57466112509564
 30
0.0
 10
172.230210033542
 20
48.56975536401563
 30
0.0
 10
172.2303863501819
 20
48.56459029941561
 30
0.0
 10
172.230432476582
 20
48.56106344845568
 30
0.0
 10
172.2304560554021
 20
48.55926055137562
 30
0.0
  0
LINE
  5
10AB
330
231
100
AcDbEntity
  8
0
  6
Continuous
 62
     7
100
AcDbLine
 10
172.2304560554021
 20
48.55926055137562
 30
0.0
 11
172.224776976082
 21
48.52155021531564
 31
0.0
  0
SPLINE
  5
10AC
330
231
100
AcDbEntity
  8
0
  6
Continuous
 62
     7
100
AcDbSpline
210
0.0
220
0.0
230
1.0
 70
     8
 71
     3
 72
    19
 73
    15
 74
     0
 42
0.000000001
 43
0.0000001
 40
0.0
 40
0.0
 40
0.0
 40
0.0
 40
0.0759493073
 40
0.1485490724
 40
0.2189955451
 40
0.2861189619
 40
0.3518258552
 40
0.4160741613
 40
0.4782648099000001
 40
0.5403245898
 40
0.6604051854000001
 40
0.7746061161
 40
0.8871865993
 40
1.0
 40
1.0
 40
1.0
 40
1.0
 10
172.224776976082
 20
48.52155021531564
 30
0.0
 10
172.224388940282
 20
48.52050349655567
 30
0.0
 10
172.2236299806619
 20
48.51845622099566
 30
0.0
 10
172.2222978395621
 20
48.51552354207567
 30
0.0
 10
172.220837989802
 20
48.51279943271563
 30
0.0
 10
172.2192326005819
 20
48.51027632625565
 30
0.0
 10
172.2174822281619
 20
48.50796635373564
 30
0.0
 10
172.2156367124219
 20
48.50582538773562
 30
0.0
 10
172.2136259849219
 20
48.50391333161567
 30
0.0
 10
172.2108195897219
 20
48.50167068941565
 30
0.0
 10
172.2071307934419
 20
48.49931579445566
 30
0.0
 10
172.2024237822819
 20
48.49732424141561
 30
0.0
 10
172.197575188982
 20
48.49600429485562
 30
0.0
 10
172.1942565342019
 20
48.49586748283565
 30
0.0
 10
172.1925954910419
 20
48.49579900697566
 30
0.0
  0
SPLINE
  5
10AD
330
231
100
AcDbEntity
  8
0
  6
Continuous
 62
     7
100
AcDbSpline
210
0.0
220
0.0
230
1.0
 70
     8
 71
     3
 72
    27
 73
    23
 74
     0
 42
0.000000001
 43
0.0000001
 40
0.0
 40
0.0
 40
0.0
 40
0.0
 40
0.0600344403
 40
0.1202779236
 40
0.1823475614
 40
0.2479191354
 40
0.2816410472
 40
0.3157005398999999
 40
0.3503217567
 40
0.3857031347999999
 40
0.4218194747
 40
0.4591956847
 40
0.4978664179
 40
0.5383012714000001
 40
0.5812102303
 40
0.6281834969000001
 40
0.6794027673000001
 40
0.7346986428
 40
0.7940735398000001
 40
0.8584163057999999
 40
0.9270489340999999
 40
1.0
 40
1.0
 40
1.0
 40
1.0
 10
172.1925954910419
 20
48.49579900697566
 30
0.0
 10
172.1909451235019
 20
48.49588165857565
 30
0.0
 10
172.187638640402
 20
48.49604724625561
 30
0.0
 10
172.182767136302
 20
48.4973493518556
 30
0.0
 10
172.1780262593219
 20
48.49942132637565
 30
0.0
 10
172.1742635515819
 20
48.50180071709565
 30
0.0
 10
172.171413392182
 20
48.50410329567563
 30
0.0
 10
172.1693531372219
 20
48.50602316483563
 30
0.0
 10
172.167468568982
 20
48.50817600025568
 30
0.0
 10
172.1656893497819
 20
48.51048626487565
 30
0.0
 10
172.164055672582
 20
48.51299484761566
 30
0.0
 10
172.1625959269619
 20
48.51570992981564
 30
0.0
 10
172.1612371031618
 20
48.51860712493564
 30
0.0
 10
172.1599925692019
 20
48.52172065693569
 30
0.0
 10
172.1588999272419
 20
48.52513156197568
 30
0.0
 10
172.1579764365819
 20
48.52889772919565
 30
0.0
 10
172.157217573482
 20
48.53304500309565
 30
0.0
 10
172.156540302802
 20
48.53755143045566
 30
0.0
 10
172.156084245802
 20
48.54244801197566
 30
0.0
 10
172.1557306651019
 20
48.54771816907564
 30
0.0
 10
172.155471112662
 20
48.55336859211565
 30
0.0
 10
172.1554611761819
 20
48.55725702477562
 30
0.0
 10
172.155456055542
 20
48.55926053867566
 30
0.0
  0
SPLINE
  5
10AE
330
231
100
AcDbEntity
  8
0
  6
Continuous
 62
     7
100
AcDbSpline
210
0.0
220
0.0
230
1.0
 70
     8
 71
     3
 72
    31
 73
    27
 74
     0
 42
0.000000001
 43
0.0000001
 40
0.0
 40
0.0
 40
0.0
 40
0.0
 40
0.0338241166
 40
0.0672980875
 40
0.1002802585
 40
0.1330193053
 40
0.1657361603
 40
0.1987916522
 40
0.2323715309
 40
0.2664085107
 40
0.3010156639
 40
0.3361963659
 40
0.3719718801
 40
0.4085735936
 40
0.4463941065000001
 40
0.4852253094
 40
0.5253715674000001
 40
0.5672243359
 40
0.6110807138000001
 40
0.6577496272
 40
0.7070202040000001
 40
0.7592353208000001
 40
0.8144842368
 40
0.8732268335
 40
0.9349367104
 40
1.0
 40
1.0
 40
1.0
 40
1.0
 10
172.192144773122
 20
48.48041439207563
 30
0.0
 10
172.1933381260819
 20
48.48043176313564
 30
0.0
 10
172.1957124774419
 20
48.48046632745564
 30
0.0
 10
172.1992248885019
 20
48.48091940757564
 30
0.0
 10
172.202664018022
 20
48.48156543117562
 30
0.0
 10
172.2060123781019
 20
48.48249973715565
 30
0.0
 10
172.2092657904419
 20
48.48372266587563
 30
0.0
 10
172.212470790382
 20
48.48514692515568
 30
0.0
 10
172.215554751702
 20
48.48691323353566
 30
0.0
 10
172.218572388542
 20
48.48888829689562
 30
0.0
 10
172.221461491222
 20
48.49114479733561
 30
0.0
 10
172.224190231002
 20
48.49368068253568
 30
0.0
 10
172.2267924203619
 20
48.49644486801569
 30
0.0
 10
172.229194709182
 20
48.49950395257568
 30
0.0
 10
172.231448512142
 20
48.50280394343565
 30
0.0
 10
172.2335172202219
 20
48.50636821367564
 30
0.0
 10
172.2354481561618
 20
48.51016823401568
 30
0.0
 10
172.237222899882
 20
48.51423759341566
 30
0.0
 10
172.2388443901619
 20
48.51861908579564
 30
0.0
 10
172.2401579740219
 20
48.52337383117566
 30
0.0
 10
172.2413410526819
 20
48.52846288119562
 30
0.0
 10
172.2423032351619
 20
48.53390820685567
 30
0.0
 10
172.242997948022
 20
48.5397286549557
 30
0.0
 10
172.243553316482
 20
48.54589999897564
 30
0.0
 10
172.2438352590219
 20
48.55243704203568
 30
0.0
 10
172.243889670902
 20
48.55690657589562
 30
0.0
 10
172.2439175956619
 20
48.55920045751566
 30
0.0
  0
SPLINE
  5
10AF
330
231
100
AcDbEntity
  8
0
  6
Continuous
 62
     7
100
AcDbSpline
210
0.0
220
0.0
230
1.0
 70
     8
 71
     3
 72
    31
 73
    27
 74
     0
 42
0.000000001
 43
0.0000001
 40
0.0
 40
0.0
 40
0.0
 40
0.0
 40
0.0652777705
 40
0.127205441
 40
0.1861682171
 40
0.2416754997
 40
0.2941145051
 40
0.3436091886
 40
0.3903870759000001
 40
0.4344634104
 40
0.4766455534000001
 40
0.5170022931
 40
0.5559361803
 40
0.5937164393
 40
0.6300571765000001
 40
0.6656014335
 40
0.7007446912000001
 40
0.7349167217
 40
0.7686809964
 40
0.8020868125999999
 40
0.8348488267
 40
0.8674333879
 40
0.9001375891
 40
0.9328060675999999
 40
0.9662118837999999
 40
1.0
 40
1.0
 40
1.0
 40
1.0
 10
172.2439175956619
 20
48.55920045751566
 30
0.0
 10
172.243889955382
 20
48.56150438991562
 30
0.0
 10
172.243836097222
 20
48.56599401263565
 30
0.0
 10
172.2435501059219
 20
48.57256059843564
 30
0.0
 10
172.2430087049219
 20
48.57876487101567
 30
0.0
 10
172.2422653510619
 20
48.58461090453565
 30
0.0
 10
172.2413058101819
 20
48.59008617171562
 30
0.0
 10
172.240153854142
 20
48.59521077919566
 30
0.0
 10
172.238728157222
 20
48.59995784107567
 30
0.0
 10
172.2371472866219
 20
48.60438342531566
 30
0.0
 10
172.235315799302
 20
48.60846258911568
 30
0.0
 10
172.233414139402
 20
48.61230819737563
 30
0.0
 10
172.2312895640219
 20
48.61585608715563
 30
0.0
 10
172.2290586083619
 20
48.61916830557564
 30
0.0
 10
172.2266296673219
 20
48.62218724035563
 30
0.0
 10
172.224071648562
 20
48.62497080095565
 30
0.0
 10
172.2213524490219
 20
48.62748920079562
 30
0.0
 10
172.2184718223219
 20
48.62971701193564
 30
0.0
 10
172.215500522702
 20
48.63171517659566
 30
0.0
 10
172.2124059340219
 20
48.63341569897568
 30
0.0
 10
172.2092372306819
 20
48.63487657489563
 30
0.0
 10
172.205974730222
 20
48.63604210469566
 30
0.0
 10
172.2026439545619
 20
48.63698157449565
 30
0.0
 10
172.1992175377419
 20
48.63764462117564
 30
0.0
 10
172.1957100949218
 20
48.63804421651568
 30
0.0
 10
172.1933376942819
 20
48.63808579377565
 30
0.0
 10
172.1921447451819
 20
48.63810670051567
 30
0.0
  0
SPLINE
  5
10B0
330
231
100
AcDbEntity
  8
0
  6
Continuous
 62
     7
100
AcDbSpline
210
0.0
220
0.0
230
1.0
 70
     8
 71
     3
 72
    31
 73
    27
 74
     0
 42
0.000000001
 43
0.0000001
 40
0.0
 40
0.0
 40
0.0
 40
0.0
 40
0.0337424247
 40
0.0665334754
 40
0.0991534618
 40
0.1315397542
 40
0.1640870483
 40
0.196562745
 40
0.2297068306
 40
0.2633146465
 40
0.2975043287
 40
0.3316856488
 40
0.3664815111
 40
0.4020997606
 40
0.4389576273
 40
0.4767476992000001
 40
0.5159851314
 40
0.5565892451
 40
0.5995194112
 40
0.6457650933
 40
0.6954865607
 40
0.7487207769
 40
0.8056874134999999
 40
0.8667539576000001
 40
0.9314053776999999
 40
1.0
 40
1.0
 40
1.0
 40
1.0
 10
172.1921447451819
 20
48.63810670051567
 30
0.0
 10
172.1909616792219
 20
48.63808684025562
 30
0.0
 10
172.1886289025818
 20
48.63804768361564
 30
0.0
 10
172.185172843962
 20
48.63763810099567
 30
0.0
 10
172.181803970842
 20
48.63698714471564
 30
0.0
 10
172.1785167180819
 20
48.63603525177561
 30
0.0
 10
172.175299594722
 20
48.63488280297565
 30
0.0
 10
172.1721815186619
 20
48.63341709343567
 30
0.0
 10
172.1691539783619
 20
48.63170140471564
 30
0.0
 10
172.1661961280419
 20
48.62975357015566
 30
0.0
 10
172.163392285542
 20
48.62753158577567
 30
0.0
 10
172.1607170635619
 20
48.62509255331563
 30
0.0
 10
172.158261401722
 20
48.62236500987563
 30
0.0
 10
172.155929455662
 20
48.61941199317562
 30
0.0
 10
172.153787587962
 20
48.61619180149566
 30
0.0
 10
172.1517490982619
 20
48.61275714745565
 30
0.0
 10
172.1499304887419
 20
48.60905321023563
 30
0.0
 10
172.1482595827619
 20
48.60508559307564
 30
0.0
 10
172.1467787653019
 20
48.60078093569564
 30
0.0
 10
172.145501074182
 20
48.59608123719567
 30
0.0
 10
172.144377553442
 20
48.59097117629563
 30
0.0
 10
172.1435359269819
 20
48.58542710051563
 30
0.0
 10
172.1428443281619
 20
48.57946382567567
 30
0.0
 10
172.1423396708019
 20
48.57307981253566
 30
0.0
 10
172.142035881722
 20
48.56627475629565
 30
0.0
 10
172.142008574182
 20
48.56160461577565
 30
0.0
 10
172.1419945178219
 20
48.55920043973566
 30
0.0
  0
SPLINE
  5
10B1
330
231
100
AcDbEntity
  8
0
  6
Continuous
 62
     7
100
AcDbSpline
210
0.0
220
0.0
230
1.0
 70
     8
 71
     3
 72
    31
 73
    27
 74
     0
 42
0.000000001
 43
0.0000001
 40
0.0
 40
0.0
 40
0.0
 40
0.0
 40
0.0681132467
 40
0.1325644684
 40
0.193426693
 40
0.2502184822
 40
0.3035685555
 40
0.3535758443999999
 40
0.4002351701000001
 40
0.4435864585
 40
0.4846193084000001
 40
0.5242924706000001
 40
0.5623796179000001
 40
0.5990492627
 40
0.6349401741
 40
0.6697821543
 40
0.7040087777
 40
0.7378419441
 40
0.7710977456999999
 40
0.8038960729999999
 40
0.8364148123999999
 40
0.8686388350000001
 40
0.9007151219
 40
0.9333783422999999
 40
0.9662128537
 40
1.0
 40
1.0
 40
1.0
 40
1.0
 10
172.1419945178219
 20
48.55920043973566
 30
0.0
 10
172.142008503062
 20
48.55681628397565
 30
0.0
 10
172.1420357217019
 20
48.55217615101565
 30
0.0
 10
172.142341779002
 20
48.54541135631563
 30
0.0
 10
172.142836964702
 20
48.53905539493564
 30
0.0
 10
172.1435622972619
 20
48.53311222673562
 30
0.0
 10
172.144461566482
 20
48.52757862337566
 30
0.0
 10
172.1455121739819
 20
48.52243081045563
 30
0.0
 10
172.1468427910819
 20
48.51771013155564
 30
0.0
 10
172.148349163482
 20
48.51337492305566
 30
0.0
 10
172.150048172022
 20
48.50937558383566
 30
0.0
 10
172.1519069237019
 20
48.50565375739563
 30
0.0
 10
172.153916467562
 20
48.50218539755568
 30
0.0
 10
172.156101073302
 20
48.49898426095567
 30
0.0
 10
172.158399676782
 20
48.49600663419565
 30
0.0
 10
172.1608693213219
 20
48.49327991879565
 30
0.0
 10
172.163530690142
 20
48.49084716267563
 30
0.0
 10
172.1663169253619
 20
48.48864766237565
 30
0.0
 10
172.1692437064019
 20
48.48672785925564
 30
0.0
 10
172.1722560371819
 20
48.48504211459567
 30
0.0
 10
172.1753458786019
 20
48.48357838625566
 30
0.0
 10
172.178547586702
 20
48.48245489345569
 30
0.0
 10
172.1818175319021
 20
48.48153703905566
 30
0.0
 10
172.1851724959821
 20
48.48088151839561
 30
0.0
 10
172.1886290270419
 20
48.48047378743567
 30
0.0
 10
172.190961737642
 20
48.48043437933563
 30
0.0
 10
172.192144773122
 20
48.48041439207563
 30
0.0
  0
SPLINE
  5
10B2
330
231
100
AcDbEntity
  8
0
  6
Continuous
 62
     7
100
AcDbSpline
210
0.0
220
0.0
230
1.0
 70
     8
 71
     3
 72
    27
 73
    23
 74
     0
 42
0.000000001
 43
0.0000001
 40
0.0
 40
0.0
 40
0.0
 40
0.0
 40
0.0733021356
 40
0.1422863278
 40
0.2062532954
 40
0.2660167794
 40
0.3216117904
 40
0.37253246
 40
0.4194969816
 40
0.4623979521
 40
0.5028252779
 40
0.5414888117000001
 40
0.5790338028000001
 40
0.6151434189
 40
0.6502976045000001
 40
0.6849123758
 40
0.7187009
 40
0.7521889702
 40
0.8172453814
 40
0.8791167513999999
 40
0.9396133806999998
 40
1.0
 40
1.0
 40
1.0
 40
1.0
 10
172.386225286662
 20
48.55926057931563
 30
0.0
 10
172.3862301101219
 20
48.56127415415565
 30
0.0
 10
172.386239472562
 20
48.56518268837561
 30
0.0
 10
172.386502240642
 20
48.57084259069563
 30
0.0
 10
172.386840009842
 20
48.57612590499565
 30
0.0
 10
172.3873655993419
 20
48.58102371079564
 30
0.0
 10
172.3879568249819
 20
48.58555454755569
 30
0.0
 10
172.388791982062
 20
48.58968862869563
 30
0.0
 10
172.389696008702
 20
48.59345015787562
 30
0.0
 10
172.3907919856819
 20
48.59686076827566
 30
0.0
 10
172.392038465282
 20
48.59997290327564
 30
0.0
 10
172.393389206802
 20
48.60287996121565
 30
0.0
 10
172.394888393542
 20
48.60557948083561
 30
0.0
 10
172.3965207905819
 20
48.60808513749566
 30
0.0
 10
172.3982636903218
 20
48.61041664921564
 30
0.0
 10
172.4001556702819
 20
48.61254434625564
 30
0.0
 10
172.402173499622
 20
48.61448948079564
 30
0.0
 10
172.405039089522
 20
48.61673255225565
 30
0.0
 10
172.4087780736619
 20
48.6190876529557
 30
0.0
 10
172.4134796873219
 20
48.62123106751568
 30
0.0
 10
172.418384600042
 20
48.62246077803567
 30
0.0
 10
172.421705672902
 20
48.62263506267564
 30
0.0
 10
172.4233646993019
 20
48.62272212371564
 30
0.0
  0
SPLINE
  5
10B3
330
231
100
AcDbEntity
  8
0
  6
Continuous
 62
     7
100
AcDbSpline
210
0.0
220
0.0
230
1.0
 70
     8
 71
     3
 72
    27
 73
    23
 74
     0
 42
0.000000001
 43
0.0000001
 40
0.0
 40
0.0
 40
0.0
 40
0.0
 40
0.0596886662
 40
0.1195065384
 40
0.181074584
 40
0.246162337
 40
0.2798942139
 40
0.3144679584
 40
0.3504028636
 40
0.3874736883
 40
0.4261472450000001
 40
0.4666236557000001
 40
0.5087454666
 40
0.5533282564000001
 40
0.6000583195
 40
0.649177064
 40
0.7005515755000001
 40
0.7548938693000001
 40
0.8118248697
 40
0.8715135357999999
 40
0.9343188020000001
 40
1.0
 40
1.0
 40
1.0
 40
1.0
 10
172.4233646993019
 20
48.62272212371564
 30
0.0
 10
172.4250037841619
 20
48.62263518205566
 30
0.0
 10
172.428285504802
 20
48.62246111077564
 30
0.0
 10
172.4331399604218
 20
48.62122647011566
 30
0.0
 10
172.437804774562
 20
48.61907650997565
 30
0.0
 10
172.4415536723219
 20
48.61674029671565
 30
0.0
 10
172.4444172683219
 20
48.61444904399568
 30
0.0
 10
172.446461739722
 20
48.61244174549566
 30
0.0
 10
172.4484227797419
 20
48.61022883399567
 30
0.0
 10
172.4502225932618
 20
48.60774172441563
 30
0.0
 10
172.451908690982
 20
48.60503028457566
 30
0.0
 10
172.453461052622
 20
48.60208236819568
 30
0.0
 10
172.4549145854021
 20
48.59890606517564
 30
0.0
 10
172.456235029802
 20
48.59548603645563
 30
0.0
 10
172.4573887359021
 20
48.59180634099565
 30
0.0
 10
172.458468789622
 20
48.58790878211564
 30
0.0
 10
172.4592726945419
 20
48.58373234139566
 30
0.0
 10
172.460018291222
 20
48.57932875609563
 30
0.0
 10
172.4605239696619
 20
48.57466116573565
 30
0.0
 10
172.4609792646619
 20
48.56975540465564
 30
0.0
 10
172.4611555787619
 20
48.56459033751566
 30
0.0
 10
172.461201707702
 20
48.56106348909563
 30
0.0
 10
172.461225286522
 20
48.55926059201568
 30
0.0
  0
LINE
  5
10B4
330
231
100
AcDbEntity
  8
0
  6
Continuous
 62
     7
100
AcDbLine
 10
172.461225286522
 20
48.55926059201568
 30
0.0
 11
172.455546207202
 21
48.52155025595564
 31
0.0
  0
SPLINE
  5
10B5
330
231
100
AcDbEntity
  8
0
  6
Continuous
 62
     7
100
AcDbSpline
210
0.0
220
0.0
230
1.0
 70
     8
 71
     3
 72
    19
 73
    15
 74
     0
 42
0.000000001
 43
0.0000001
 40
0.0
 40
0.0
 40
0.0
 40
0.0
 40
0.0759493073
 40
0.1485490724
 40
0.2189955451
 40
0.2861189619
 40
0.3518258552
 40
0.4160741613
 40
0.4782648099000001
 40
0.5403245898
 40
0.6604051854000001
 40
0.7746061161
 40
0.8871865993
 40
1.0
 40
1.0
 40
1.0
 40
1.0
 10
172.455546207202
 20
48.52155025595564
 30
0.0
 10
172.455158171402
 20
48.52050353719562
 30
0.0
 10
172.4543992117819
 20
48.51845626163566
 30
0.0
 10
172.453067068142
 20
48.51552358271567
 30
0.0
 10
172.4516072209219
 20
48.51279947081565
 30
0.0
 10
172.4500018317019
 20
48.51027636435564
 30
0.0
 10
172.448251459282
 20
48.50796639437565
 30
0.0
 10
172.4464059435419
 20
48.50582542837563
 30
0.0
 10
172.4443952135019
 20
48.50391337225563
 30
0.0
 10
172.4415888208419
 20
48.50167073005565
 30
0.0
 10
172.4379000220219
 20
48.49931583509567
 30
0.0
 10
172.4331930108619
 20
48.49732428205567
 30
0.0
 10
172.428344420102
 20
48.49600433549563
 30
0.0
 10
172.4250257653219
 20
48.49586752347565
 30
0.0
 10
172.423364722162
 20
48.49579904761566
 30
0.0
  0
SPLINE
  5
10B6
330
231
100
AcDbEntity
  8
0
  6
Continuous
 62
     7
100
AcDbSpline
210
0.0
220
0.0
230
1.0
 70
     8
 71
     3
 72
    27
 73
    23
 74
     0
 42
0.000000001
 43
0.0000001
 40
0.0
 40
0.0
 40
0.0
 40
0.0
 40
0.0600344403
 40
0.1202779236
 40
0.1823475614
 40
0.2479191354
 40
0.2816410472
 40
0.3157005398999999
 40
0.3503217567
 40
0.3857031347999999
 40
0.4218194747
 40
0.4591956847
 40
0.4978664179
 40
0.5383012714000001
 40
0.5812102303
 40
0.6281834969000001
 40
0.6794027673000001
 40
0.7346986428
 40
0.7940735398000001
 40
0.8584163057999999
 40
0.9270489340999999
 40
1.0
 40
1.0
 40
1.0
 40
1.0
 10
172.423364722162
 20
48.49579904761566
 30
0.0
 10
172.4217143546219
 20
48.49588169921566
 30
0.0
 10
172.4184078715219
 20
48.49604728689562
 30
0.0
 10
172.413536364882
 20
48.49734939249566
 30
0.0
 10
172.408795487902
 20
48.49942136701566
 30
0.0
 10
172.405032782702
 20
48.50180075773565
 30
0.0
 10
172.4021826207619
 20
48.50410333631564
 30
0.0
 10
172.4001223683418
 20
48.50602320547565
 30
0.0
 10
172.398237800102
 20
48.50817604089562
 30
0.0
 10
172.396458580902
 20
48.51048630551566
 30
0.0
 10
172.394824903702
 20
48.51299488825566
 30
0.0
 10
172.3933651580819
 20
48.51570997045564
 30
0.0
 10
172.3920063342819
 20
48.51860716557564
 30
0.0
 10
172.3907618003219
 20
48.52172069757568
 30
0.0
 10
172.3896691558219
 20
48.52513160261569
 30
0.0
 10
172.388745667702
 20
48.52889776983565
 30
0.0
 10
172.3879868046019
 20
48.53304504119567
 30
0.0
 10
172.3873095339219
 20
48.53755147109566
 30
0.0
 10
172.3868534769219
 20
48.54244805007567
 30
0.0
 10
172.386499896222
 20
48.54771820717565
 30
0.0
 10
172.386240343782
 20
48.55336863275565
 30
0.0
 10
172.386230407302
 20
48.55725706287564
 30
0.0
 10
172.386225286662
 20
48.55926057931563
 30
0.0
  0
SPLINE
  5
10B7
330
231
100
AcDbEntity
  8
0
  6
Continuous
 62
     7
100
AcDbSpline
210
0.0
220
0.0
230
1.0
 70
     8
 71
     3
 72
    31
 73
    27
 74
     0
 42
0.000000001
 43
0.0000001
 40
0.0
 40
0.0
 40
0.0
 40
0.0
 40
0.0681132467
 40
0.1325644684
 40
0.193426693
 40
0.2502184822
 40
0.3035685555
 40
0.3535758443999999
 40
0.4002351701000001
 40
0.4435864585
 40
0.4846193084000001
 40
0.5242924706000001
 40
0.5623796179000001
 40
0.5990492627
 40
0.6349401741
 40
0.6697821543
 40
0.7040087777
 40
0.7378419441
 40
0.7710977456999999
 40
0.8038960729999999
 40
0.8364148123999999
 40
0.8686388350000001
 40
0.9007151219
 40
0.9333783422999999
 40
0.9662128537
 40
1.0
 40
1.0
 40
1.0
 40
1.0
 10
172.3727637489419
 20
48.5592004803756
 30
0.0
 10
172.3727777341819
 20
48.55681632461565
 30
0.0
 10
172.372804952822
 20
48.55217619165566
 30
0.0
 10
172.373111010122
 20
48.54541139695567
 30
0.0
 10
172.3736061958219
 20
48.53905543557565
 30
0.0
 10
172.3743315283819
 20
48.53311226483564
 30
0.0
 10
172.3752307976019
 20
48.52757866401566
 30
0.0
 10
172.3762814051019
 20
48.52243085109563
 30
0.0
 10
172.3776120222019
 20
48.51771017219565
 30
0.0
 10
172.3791183946019
 20
48.51337496115565
 30
0.0
 10
172.380817403142
 20
48.50937562447566
 30
0.0
 10
172.382676152282
 20
48.50565379803564
 30
0.0
 10
172.3846856986819
 20
48.50218543819562
 30
0.0
 10
172.3868703018819
 20
48.49898430159567
 30
0.0
 10
172.3891689079021
 20
48.49600667483565
 30
0.0
 10
172.3916385524419
 20
48.49327995943568
 30
0.0
 10
172.3942999212619
 20
48.49084720331564
 30
0.0
 10
172.397086156482
 20
48.48864770301566
 30
0.0
 10
172.400012937522
 20
48.48672789989564
 30
0.0
 10
172.403025268302
 20
48.48504215523568
 30
0.0
 10
172.406115109722
 20
48.48357842689566
 30
0.0
 10
172.4093168178219
 20
48.48245493409564
 30
0.0
 10
172.412586763022
 20
48.48153707969564
 30
0.0
 10
172.415941724562
 20
48.48088155903568
 30
0.0
 10
172.4193982581619
 20
48.48047382807564
 30
0.0
 10
172.4217309687619
 20
48.48043441997567
 30
0.0
 10
172.422914001702
 20
48.48041443271563
 30
0.0
  0
SPLINE
  5
10B8
330
231
100
AcDbEntity
  8
0
  6
Continuous
 62
     7
100
AcDbSpline
210
0.0
220
0.0
230
1.0
 70
     8
 71
     3
 72
    31
 73
    27
 74
     0
 42
0.000000001
 43
0.0000001
 40
0.0
 40
0.0
 40
0.0
 40
0.0
 40
0.0337424247
 40
0.0665334754
 40
0.0991534618
 40
0.1315397542
 40
0.1640870483
 40
0.196562745
 40
0.2297068306
 40
0.2633146465
 40
0.2975043287
 40
0.3316856488
 40
0.3664815111
 40
0.4020997606
 40
0.4389576273
 40
0.4767476992000001
 40
0.5159851314
 40
0.5565892451
 40
0.5995194112
 40
0.6457650933
 40
0.6954865607
 40
0.7487207769
 40
0.8056874134999999
 40
0.8667539576000001
 40
0.9314053776999999
 40
1.0
 40
1.0
 40
1.0
 40
1.0
 10
172.422913976302
 20
48.63810674115566
 30
0.0
 10
172.421730907802
 20
48.63808688089562
 30
0.0
 10
172.4193981337019
 20
48.63804772425564
 30
0.0
 10
172.4159420750819
 20
48.63763814163565
 30
0.0
 10
172.4125731994219
 20
48.63698718535565
 30
0.0
 10
172.4092859492019
 20
48.63603529241562
 30
0.0
 10
172.406068825842
 20
48.63488284361565
 30
0.0
 10
172.402950749782
 20
48.63341713407567
 30
0.0
 10
172.3999232069419
 20
48.63170144535565
 30
0.0
 10
172.3969653591618
 20
48.62975361079566
 30
0.0
 10
172.3941615166619
 20
48.62753162641562
 30
0.0
 10
172.3914862946819
 20
48.62509259395569
 30
0.0
 10
172.3890306328419
 20
48.62236505051564
 30
0.0
 10
172.386698686782
 20
48.61941203381562
 30
0.0
 10
172.3845568190819
 20
48.61619184213566
 30
0.0
 10
172.3825183293819
 20
48.61275718809565
 30
0.0
 10
172.3806997198619
 20
48.60905325087563
 30
0.0
 10
172.379028813882
 20
48.60508563371564
 30
0.0
 10
172.377547996422
 20
48.60078097379565
 30
0.0
 10
172.376270305302
 20
48.59608127783562
 30
0.0
 10
172.375146784562
 20
48.59097121693569
 30
0.0
 10
172.3743051581019
 20
48.58542714115563
 30
0.0
 10
172.3736135567419
 20
48.57946386631562
 30
0.0
 10
172.3731089019219
 20
48.57307985317567
 30
0.0
 10
172.3728051128419
 20
48.56627479693566
 30
0.0
 10
172.372777805302
 20
48.56160465387566
 30
0.0
 10
172.3727637489419
 20
48.5592004803756
 30
0.0
  0
SPLINE
  5
10B9
330
231
100
AcDbEntity
  8
0
  6
Continuous
 62
     7
100
AcDbSpline
210
0.0
220
0.0
230
1.0
 70
     8
 71
     3
 72
    31
 73
    27
 74
     0
 42
0.000000001
 43
0.0000001
 40
0.0
 40
0.0
 40
0.0
 40
0.0
 40
0.0652777705
 40
0.127205441
 40
0.1861682171
 40
0.2416754997
 40
0.2941145051
 40
0.3436091886
 40
0.3903870759000001
 40
0.4344634104
 40
0.4766455534000001
 40
0.5170022931
 40
0.5559361803
 40
0.5937164393
 40
0.6300571765000001
 40
0.6656014335
 40
0.7007446912000001
 40
0.7349167217
 40
0.7686809964
 40
0.8020868125999999
 40
0.8348488267
 40
0.8674333879
 40
0.9001375891
 40
0.9328060675999999
 40
0.9662118837999999
 40
1.0
 40
1.0
 40
1.0
 40
1.0
 10
172.4746868267819
 20
48.55920049815566
 30
0.0
 10
172.4746591865018
 20
48.56150443055565
 30
0.0
 10
172.4746053283419
 20
48.56599405073566
 30
0.0
 10
172.4743193370419
 20
48.57256063907565
 30
0.0
 10
172.473777936042
 20
48.57876491165564
 30
0.0
 10
172.473034582182
 20
48.58461094517565
 30
0.0
 10
172.472075041302
 20
48.59008621235563
 30
0.0
 10
172.4709230852619
 20
48.59521081983562
 30
0.0
 10
172.4694973883419
 20
48.59995788171563
 30
0.0
 10
172.467916515202
 20
48.60438346595566
 30
0.0
 10
172.4660850304219
 20
48.60846262975562
 30
0.0
 10
172.4641833705219
 20
48.61230823801569
 30
0.0
 10
172.462058795142
 20
48.61585612779563
 30
0.0
 10
172.459827839482
 20
48.61916834621564
 30
0.0
 10
172.4573988959019
 20
48.62218728099563
 30
0.0
 10
172.454840879682
 20
48.62497084159565
 30
0.0
 10
172.452121680142
 20
48.62748924143568
 30
0.0
 10
172.4492410534419
 20
48.62971705257564
 30
0.0
 10
172.4462697538218
 20
48.63171521723566
 30
0.0
 10
172.4431751651419
 20
48.63341573961562
 30
0.0
 10
172.440006461802
 20
48.63487661553563
 30
0.0
 10
172.4367439613419
 20
48.63604214279565
 30
0.0
 10
172.4334131856819
 20
48.63698161259563
 30
0.0
 10
172.4299867688619
 20
48.63764466181564
 30
0.0
 10
172.426479323502
 20
48.63804425715563
 30
0.0
 10
172.4241069254019
 20
48.63808583441564
 30
0.0
 10
172.422913976302
 20
48.63810674115566
 30
0.0
  0
SPLINE
  5
10BA
330
231
100
AcDbEntity
  8
0
  6
Continuous
 62
     7
100
AcDbSpline
210
0.0
220
0.0
230
1.0
 70
     8
 71
     3
 72
    31
 73
    27
 74
     0
 42
0.000000001
 43
0.0000001
 40
0.0
 40
0.0
 40
0.0
 40
0.0
 40
0.0338241166
 40
0.0672980875
 40
0.1002802585
 40
0.1330193053
 40
0.1657361603
 40
0.1987916522
 40
0.2323715308
 40
0.2664085107
 40
0.3010156639
 40
0.3361963659
 40
0.3719718801
 40
0.4085735936
 40
0.4463941065000001
 40
0.4852253094
 40
0.5253715674000001
 40
0.5672243359
 40
0.6110807138000001
 40
0.6577496272
 40
0.7070202040000001
 40
0.7592353208000001
 40
0.8144842368
 40
0.8732268335
 40
0.9349367104
 40
1.0
 40
1.0
 40
1.0
 40
1.0
 10
172.422914001702
 20
48.48041443271563
 30
0.0
 10
172.4241073546618
 20
48.48043180377564
 30
0.0
 10
172.426481708562
 20
48.48046636809565
 30
0.0
 10
172.4299941196219
 20
48.48091944821565
 30
0.0
 10
172.433433249142
 20
48.48156547181563
 30
0.0
 10
172.4367816092219
 20
48.48249977525566
 30
0.0
 10
172.4400350190219
 20
48.48372270651569
 30
0.0
 10
172.443240021502
 20
48.48514696579562
 30
0.0
 10
172.4463239828219
 20
48.48691327417563
 30
0.0
 10
172.4493416196619
 20
48.48888833753566
 30
0.0
 10
172.4522307223419
 20
48.49114483797567
 30
0.0
 10
172.454959462122
 20
48.49368072317563
 30
0.0
 10
172.457561651482
 20
48.49644490865563
 30
0.0
 10
172.4599639403019
 20
48.49950399321563
 30
0.0
 10
172.4622177432619
 20
48.50280398407566
 30
0.0
 10
172.464286448802
 20
48.50636825431564
 30
0.0
 10
172.466217387282
 20
48.51016827465563
 30
0.0
 10
172.4679921310019
 20
48.51423763405566
 30
0.0
 10
172.4696136212819
 20
48.51861912643565
 30
0.0
 10
172.4709272051419
 20
48.52337387181567
 30
0.0
 10
172.472110283802
 20
48.52846291929563
 30
0.0
 10
172.4730724662819
 20
48.53390824749567
 30
0.0
 10
172.473767179142
 20
48.53972869559564
 30
0.0
 10
172.474322547602
 20
48.54590003961565
 30
0.0
 10
172.4746044901419
 20
48.55243708267562
 30
0.0
 10
172.4746589020219
 20
48.55690661653563
 30
0.0
 10
172.4746868267819
 20
48.55920049815566
 30
0.0
  0
SPLINE
  5
10BB
330
231
100
AcDbEntity
  8
0
  6
Continuous
 62
     7
100
AcDbSpline
210
0.0
220
0.0
230
1.0
 70
     8
 71
     3
 72
    23
 73
    19
 74
     0
 42
0.000000001
 43
0.0000001
 40
0.0
 40
0.0
 40
0.0
 40
0.0
 40
0.0680265258
 40
0.133504868
 40
0.1969498973
 40
0.2602700376
 40
0.3227413832999999
 40
0.3849824572
 40
0.4484651954000001
 40
0.5134241736
 40
0.5782242583000001
 40
0.6400111525
 40
0.7000941689
 40
0.7600667835
 40
0.8190115031999999
 40
0.8778780943999999
 40
0.9380345993
 40
1.0
 40
1.0
 40
1.0
 40
1.0
 10
172.311375515102
 20
46.22269769085565
 30
0.0
 10
172.3124986980219
 20
46.22266790173566
 30
0.0
 10
172.3147029913019
 20
46.22260943601566
 30
0.0
 10
172.3179311636619
 20
46.22217733121565
 30
0.0
 10
172.321033367262
 20
46.22148910551567
 30
0.0
 10
172.3240010296019
 20
46.22049587661567
 30
0.0
 10
172.326839893622
 20
46.21922972725562
 30
0.0
 10
172.329542042142
 20
46.21768519389564
 30
0.0
 10
172.3320960807219
 20
46.21583701877563
 30
0.0
 10
172.3345137162219
 20
46.21375068309563
 30
0.0
 10
172.3367144865219
 20
46.21147268409567
 30
0.0
 10
172.3386169185819
 20
46.20904315885565
 30
0.0
 10
172.340265777362
 20
46.20653012349563
 30
0.0
 10
172.3416203517419
 20
46.20389673785564
 30
0.0
 10
172.342646577782
 20
46.20113979899565
 30
0.0
 10
172.343362743482
 20
46.19828702085564
 30
0.0
 10
172.3438366465219
 20
46.19532963027566
 30
0.0
 10
172.343890342122
 20
46.19331253245568
 30
0.0
 10
172.343917588702
 20
46.19228904199568
 30
0.0
  0
SPLINE
  5
10BC
330
231
100
AcDbEntity
  8
0
  6
Continuous
 62
     7
100
AcDbSpline
210
0.0
220
0.0
230
1.0
 70
     8
 71
     3
 72
    19
 73
    15
 74
     0
 42
0.000000001
 43
0.0000001
 40
0.0
 40
0.0
 40
0.0
 40
0.0
 40
0.0880144152
 40
0.1749759744
 40
0.2637995474
 40
0.3554429955
 40
0.406413059
 40
0.4655189607
 40
0.5330755306000001
 40
0.6093526789000001
 40
0.6938986902
 40
0.7871707976000001
 40
0.8891973562
 40
1.0
 40
1.0
 40
1.0
 40
1.0
 10
172.343917588702
 20
46.19228904199568
 30
0.0
 10
172.343854967542
 20
46.19066140745568
 30
0.0
 10
172.3437304770619
 20
46.18742560493564
 30
0.0
 10
172.342692696562
 20
46.18263729345565
 30
0.0
 10
172.3409907390819
 20
46.17798584987565
 30
0.0
 10
172.339010141062
 20
46.17417960653566
 30
0.0
 10
172.3369651972219
 20
46.17106215277561
 30
0.0
 10
172.3350809566419
 20
46.16837267631561
 30
0.0
 10
172.332729290022
 20
46.16545004563564
 30
0.0
 10
172.330079285162
 20
46.16216583579566
 30
0.0
 10
172.3269928244821
 20
46.15862641183563
 30
0.0
 10
172.3235368700019
 20
46.15478000093566
 30
0.0
 10
172.3196890443219
 20
46.15063387257563
 30
0.0
 10
172.3169685493819
 20
46.14779397985566
 30
0.0
 10
172.3155522123619
 20
46.14631548141566
 30
0.0
  0
SPLINE
  5
10BD
330
231
100
AcDbEntity
  8
0
  6
Continuous
 62
     7
100
AcDbSpline
210
0.0
220
0.0
230
1.0
 70
     8
 71
     3
 72
    19
 73
    15
 74
     0
 42
0.000000001
 43
0.0000001
 40
0.0
 40
0.0
 40
0.0
 40
0.0
 40
0.099530462
 40
0.1920788773
 40
0.2777124947
 40
0.3574542469
 40
0.429647662
 40
0.4957712246
 40
0.5555375593000001
 40
0.6086574562
 40
0.7075775735
 40
0.8043276911999999
 40
0.9012978036999999
 40
1.0
 40
1.0
 40
1.0
 40
1.0
 10
172.327030579042
 20
46.13967485715565
 30
0.0
 10
172.328466481682
 20
46.14121396253568
 30
0.0
 10
172.331237560722
 20
46.14418420297567
 30
0.0
 10
172.335185708782
 20
46.14853299285562
 30
0.0
 10
172.3387438017419
 20
46.15266827033562
 30
0.0
 10
172.3419372091219
 20
46.15654731007563
 30
0.0
 10
172.344794858982
 20
46.16016776765564
 30
0.0
 10
172.347257635362
 20
46.16355800217564
 30
0.0
 10
172.3493613852819
 20
46.16670666237562
 30
0.0
 10
172.351695917062
 20
46.17053095495566
 30
0.0
 10
172.354010088202
 20
46.17527683827566
 30
0.0
 10
172.3559320808019
 20
46.18117369973567
 30
0.0
 10
172.357162695562
 20
46.18726005281567
 30
0.0
 10
172.357306558622
 20
46.19140177427567
 30
0.0
 10
172.3573791264219
 20
46.19349096745568
 30
0.0
  0
SPLINE
  5
10BE
330
231
100
AcDbEntity
  8
0
  6
Continuous
 62
     7
100
AcDbSpline
210
0.0
220
0.0
230
1.0
 70
     8
 71
     3
 72
    23
 73
    19
 74
     0
 42
0.000000001
 43
0.0000001
 40
0.0
 40
0.0
 40
0.0
 40
0.0
 40
0.0627103576
 40
0.1233468291
 40
0.1834014715
 40
0.2428279116
 40
0.3020973941
 40
0.3624198997
 40
0.4237247845
 40
0.4870321805
 40
0.5504907811999999
 40
0.6127093078
 40
0.674264977
 40
0.7361703271
 40
0.7992111764000001
 40
0.8634832023999999
 40
0.9305245397
 40
1.0
 40
1.0
 40
1.0
 40
1.0
 10
172.3573791264219
 20
46.19349096745568
 30
0.0
 10
172.357334559582
 20
46.19497493197565
 30
0.0
 10
172.3572468991019
 20
46.19789378567566
 30
0.0
 10
172.3566757216819
 20
46.20220627641564
 30
0.0
 10
172.355665225862
 20
46.20635258511566
 30
0.0
 10
172.3543342480819
 20
46.21037563015562
 30
0.0
 10
172.352526204962
 20
46.21421683659565
 30
0.0
 10
172.3503570678218
 20
46.21791237657563
 30
0.0
 10
172.3478241137819
 20
46.22149043139566
 30
0.0
 10
172.3448880541219
 20
46.22484196139566
 30
0.0
 10
172.341690618302
 20
46.22798140901565
 30
0.0
 10
172.338138583242
 20
46.23064797213567
 30
0.0
 10
172.3343918825819
 20
46.23295358093566
 30
0.0
 10
172.3304059063019
 20
46.23487291161564
 30
0.0
 10
172.3261507154219
 20
46.23630071673566
 30
0.0
 10
172.321660262122
 20
46.23731838297567
 30
0.0
 10
172.3169433170219
 20
46.23796814037564
 30
0.0
 10
172.3137113930819
 20
46.23804380189563
 30
0.0
 10
172.312066618622
 20
46.23808230575562
 30
0.0
  0
SPLINE
  5
10BF
330
231
100
AcDbEntity
  8
0
  6
Continuous
 62
     7
100
AcDbSpline
210
0.0
220
0.0
230
1.0
 70
     8
 71
     3
 72
    23
 73
    19
 74
     0
 42
0.000000001
 43
0.0000001
 40
0.0
 40
0.0
 40
0.0
 40
0.0
 40
0.0644500571
 40
0.1267249151
 40
0.1874207338
 40
0.2474168372
 40
0.3067488371
 40
0.3665948243
 40
0.4277494312
 40
0.4902352233
 40
0.5530307613000001
 40
0.6148046220000002
 40
0.6765050306
 40
0.7380957001999999
 40
0.8010213257
 40
0.8648967106
 40
0.9312092055999999
 40
1.0
 40
1.0
 40
1.0
 40
1.0
 10
172.312066618622
 20
46.23808230575562
 30
0.0
 10
172.310391785802
 20
46.23804534367562
 30
0.0
 10
172.3070986402419
 20
46.23797266665568
 30
0.0
 10
172.3022652488419
 20
46.23729653643567
 30
0.0
 10
172.2976416995419
 20
46.23617275153569
 30
0.0
 10
172.2932076748819
 20
46.23465818509567
 30
0.0
 10
172.2890034160818
 20
46.23264041925565
 30
0.0
 10
172.2849814861019
 20
46.23022680203564
 30
0.0
 10
172.281154089642
 20
46.22737014785562
 30
0.0
 10
172.277606862802
 20
46.22406211027566
 30
0.0
 10
172.2743408596819
 20
46.22045615863567
 30
0.0
 10
172.2714611245219
 20
46.21655653473567
 30
0.0
 10
172.2690298365219
 20
46.21239939293565
 30
0.0
 10
172.2670024263019
 20
46.20800058537563
 30
0.0
 10
172.2653699378219
 20
46.20337758979565
 30
0.0
 10
172.264215327482
 20
46.19848952489564
 30
0.0
 10
172.2634084025019
 20
46.19337564383565
 30
0.0
 10
172.2632360939821
 20
46.18986819339565
 30
0.0
 10
172.2631483598419
 20
46.18808229907566
 30
0.0
  0
SPLINE
  5
10C0
330
231
100
AcDbEntity
  8
0
  6
Continuous
 62
     7
100
AcDbSpline
210
0.0
220
0.0
230
1.0
 70
     8
 71
     3
 72
    23
 73
    19
 74
     0
 42
0.000000001
 43
0.0000001
 40
0.0
 40
0.0
 40
0.0
 40
0.0
 40
0.0736479718
 40
0.1436862429
 40
0.2109616061
 40
0.2755574941
 40
0.3380642102
 40
0.3993109017
 40
0.4593997250000001
 40
0.5193397167000001
 40
0.5790240672
 40
0.6378087819
 40
0.6959591153
 40
0.7541224644
 40
0.8131128465999999
 40
0.8734530887
 40
0.9355613284
 40
1.0
 40
1.0
 40
1.0
 40
1.0
 10
172.276609897562
 20
46.18808230161564
 30
0.0
 10
172.2767374919219
 20
46.18941755929563
 30
0.0
 10
172.276986429702
 20
46.19202263663564
 30
0.0
 10
172.2777315793419
 20
46.19579498113563
 30
0.0
 10
172.2786732843419
 20
46.19935073983566
 30
0.0
 10
172.279905669482
 20
46.20267447207567
 30
0.0
 10
172.281423207722
 20
46.20575438209565
 30
0.0
 10
172.2831625235219
 20
46.20861841497566
 30
0.0
 10
172.2851531037419
 20
46.21125884149566
 30
0.0
 10
172.287418702462
 20
46.21362745499564
 30
0.0
 10
172.2898776942419
 20
46.21575490819566
 30
0.0
 10
172.292494676562
 20
46.2176313433556
 30
0.0
 10
172.295274561782
 20
46.21920384719564
 30
0.0
 10
172.2982111167418
 20
46.22046635673567
 30
0.0
 10
172.3012900539419
 20
46.22145964405564
 30
0.0
 10
172.3045165880019
 20
46.22218589355566
 30
0.0
 10
172.3078988316819
 20
46.22260686553568
 30
0.0
 10
172.3102024796019
 20
46.22266704575562
 30
0.0
 10
172.311375515102
 20
46.22269769085565
 30
0.0
  0
SPLINE
  5
10C1
330
231
100
AcDbEntity
  8
0
  6
Continuous
 62
     7
100
AcDbSpline
210
0.0
220
0.0
230
1.0
 70
     8
 71
     3
 72
    27
 73
    23
 74
     0
 42
0.000000001
 43
0.0000001
 40
0.0
 40
0.0
 40
0.0
 40
0.0
 40
0.0733021356
 40
0.1422863278
 40
0.2062532954
 40
0.2660167794
 40
0.3216117904
 40
0.37253246
 40
0.4194969816
 40
0.4623979521
 40
0.5028252779
 40
0.5414888117000001
 40
0.5790338028000001
 40
0.6151434189
 40
0.6502976045000001
 40
0.6849123759
 40
0.7187009
 40
0.7521889702
 40
0.8172453814
 40
0.8791167513999999
 40
0.9396133806999998
 40
1.0
 40
1.0
 40
1.0
 40
1.0
 10
172.155456055542
 20
46.15923612613565
 30
0.0
 10
172.1554608790019
 20
46.16124969843565
 30
0.0
 10
172.155470241442
 20
46.16515823519563
 30
0.0
 10
172.155733009522
 20
46.17081813751565
 30
0.0
 10
172.156070778722
 20
46.17610144927562
 30
0.0
 10
172.156596368222
 20
46.18099925761566
 30
0.0
 10
172.157187593862
 20
46.18553009183563
 30
0.0
 10
172.158022750942
 20
46.18966417297565
 30
0.0
 10
172.1589267775819
 20
46.19342570215565
 30
0.0
 10
172.1600227545619
 20
46.19683631509565
 30
0.0
 10
172.1612692341618
 20
46.19994844755566
 30
0.0
 10
172.162619975682
 20
46.20285550549567
 30
0.0
 10
172.164119162422
 20
46.20555502511564
 30
0.0
 10
172.1657515594619
 20
46.20806068431562
 30
0.0
 10
172.1674944617419
 20
46.21039219603566
 30
0.0
 10
172.1693864391619
 20
46.21251989307563
 30
0.0
 10
172.171404268502
 20
46.21446502507564
 30
0.0
 10
172.174269858402
 20
46.21670809653565
 30
0.0
 10
172.178008842542
 20
46.21906319977566
 30
0.0
 10
172.1827104587419
 20
46.22120661433564
 30
0.0
 10
172.1876153689219
 20
46.22243632485563
 30
0.0
 10
172.1909364417819
 20
46.22261060695566
 30
0.0
 10
172.1925954681819
 20
46.22269767053563
 30
0.0
  0
SPLINE
  5
10C2
330
231
100
AcDbEntity
  8
0
  6
Continuous
 62
     7
100
AcDbSpline
210
0.0
220
0.0
230
1.0
 70
     8
 71
     3
 72
    27
 73
    23
 74
     0
 42
0.000000001
 43
0.0000001
 40
0.0
 40
0.0
 40
0.0
 40
0.0
 40
0.0596886662
 40
0.1195065384
 40
0.181074584
 40
0.246162337
 40
0.2798942139
 40
0.3144679584
 40
0.3504028636
 40
0.3874736883
 40
0.4261472450000001
 40
0.4666236557000001
 40
0.5087454666
 40
0.5533282564000001
 40
0.6000583195
 40
0.649177064
 40
0.7005515755000001
 40
0.7548938693000001
 40
0.8118248697
 40
0.8715135357999999
 40
0.9343188020000001
 40
1.0
 40
1.0
 40
1.0
 40
1.0
 10
172.1925954681819
 20
46.22269767053563
 30
0.0
 10
172.1942345530419
 20
46.22261072887562
 30
0.0
 10
172.1975162736819
 20
46.22243665759566
 30
0.0
 10
172.2023707293019
 20
46.22120201693564
 30
0.0
 10
172.207035543442
 20
46.21905205679564
 30
0.0
 10
172.210784441202
 20
46.21671584099567
 30
0.0
 10
172.2136480372019
 20
46.21442458827565
 30
0.0
 10
172.2156925086019
 20
46.21241728977563
 30
0.0
 10
172.2176535486219
 20
46.21020438081564
 30
0.0
 10
172.2194533646819
 20
46.20771727123565
 30
0.0
 10
172.221139459862
 20
46.20500583139562
 30
0.0
 10
172.2226918215019
 20
46.20205791501567
 30
0.0
 10
172.2241453542819
 20
46.19888160945563
 30
0.0
 10
172.2254657986819
 20
46.19546158073567
 30
0.0
 10
172.2266195047819
 20
46.19178188527562
 30
0.0
 10
172.2276995585018
 20
46.18788432893563
 30
0.0
 10
172.2285034634219
 20
46.18370788567566
 30
0.0
 10
172.229249060102
 20
46.17930430291565
 30
0.0
 10
172.229754738542
 20
46.17463671001567
 30
0.0
 10
172.230210033542
 20
46.16973094893566
 30
0.0
 10
172.2303863501819
 20
46.16456588433561
 30
0.0
 10
172.230432476582
 20
46.16103903337566
 30
0.0
 10
172.2304560554021
 20
46.15923613883563
 30
0.0
  0
LINE
  5
10C3
330
231
100
AcDbEntity
  8
0
  6
Continuous
 62
     7
100
AcDbLine
 10
172.2304560554021
 20
46.15923613883563
 30
0.0
 11
172.224776976082
 21
46.12152580023567
 31
0.0
  0
LINE
  5
10C4
330
231
100
AcDbEntity
  8
0
  6
Continuous
 62
     7
100
AcDbLine
 10
172.224776976082
 20
46.12152580023567
 30
0.0
 11
172.2099059161619
 21
46.10110973743565
 31
0.0
  0
SPLINE
  5
10C5
330
231
100
AcDbEntity
  8
0
  6
Continuous
 62
     7
100
AcDbSpline
210
0.0
220
0.0
230
1.0
 70
     8
 71
     3
 72
    22
 73
    18
 74
     0
 42
0.000000001
 43
0.0000001
 40
0.0
 40
0.0
 40
0.0
 40
0.0
 40
0.038307064
 40
0.0901372401
 40
0.1431643818
 40
0.1979572727
 40
0.254214412
 40
0.3123767521
 40
0.3730114184
 40
0.4365488362
 40
0.5041609462
 40
0.5755422451
 40
0.6511894794
 40
0.7312319640000001
 40
0.8163359577999999
 40
0.9057388318
 40
1.0
 40
1.0
 40
1.0
 40
1.0
 10
172.222109059142
 20
46.09175411225564
 30
0.0
 10
172.222806096102
 20
46.09237342013568
 30
0.0
 10
172.2244016682219
 20
46.09388086949564
 30
0.0
 10
172.2267924203619
 20
46.09642045293566
 30
0.0
 10
172.229194709182
 20
46.09947954003565
 30
0.0
 10
172.231448512142
 20
46.10277952835562
 30
0.0
 10
172.2335172202219
 20
46.10634379859567
 30
0.0
 10
172.2354481561618
 20
46.11014381893565
 30
0.0
 10
172.237222899882
 20
46.11421317833563
 30
0.0
 10
172.2388443901619
 20
46.11859467071565
 30
0.0
 10
172.2401579740219
 20
46.12334941863568
 30
0.0
 10
172.2413410526819
 20
46.12843846611565
 30
0.0
 10
172.2423032351619
 20
46.13388379177561
 30
0.0
 10
172.242997948022
 20
46.13970424241566
 30
0.0
 10
172.243553316482
 20
46.14587558643566
 30
0.0
 10
172.2438352590219
 20
46.15241262695565
 30
0.0
 10
172.243889670902
 20
46.15688216335565
 30
0.0
 10
172.2439175956619
 20
46.15917604497568
 30
0.0
  0
SPLINE
  5
10C6
330
231
100
AcDbEntity
  8
0
  6
Continuous
 62
     7
100
AcDbSpline
210
0.0
220
0.0
230
1.0
 70
     8
 71
     3
 72
    31
 73
    27
 74
     0
 42
0.000000001
 43
0.0000001
 40
0.0
 40
0.0
 40
0.0
 40
0.0
 40
0.0652777705
 40
0.127205441
 40
0.1861682171
 40
0.2416754997
 40
0.2941145051
 40
0.3436091886
 40
0.3903870759000001
 40
0.4344634104
 40
0.4766455534000001
 40
0.5170022931
 40
0.5559361803
 40
0.5937164393
 40
0.6300571765000001
 40
0.6656014335
 40
0.7007446912000001
 40
0.7349167217
 40
0.7686809964
 40
0.8020868125999999
 40
0.8348488267
 40
0.8674333879
 40
0.9001375891
 40
0.9328060675999999
 40
0.9662118837999999
 40
1.0
 40
1.0
 40
1.0
 40
1.0
 10
172.2439175956619
 20
46.15917604497568
 30
0.0
 10
172.243889955382
 20
46.16147997483563
 30
0.0
 10
172.243836097222
 20
46.16596959755563
 30
0.0
 10
172.2435501059219
 20
46.17253618589564
 30
0.0
 10
172.2430087049219
 20
46.17874045593564
 30
0.0
 10
172.2422653510619
 20
46.18458649199567
 30
0.0
 10
172.2413058101819
 20
46.19006175917564
 30
0.0
 10
172.240153854142
 20
46.19518636665563
 30
0.0
 10
172.238728157222
 20
46.19993342599565
 30
0.0
 10
172.2371472866219
 20
46.20435901277562
 30
0.0
 10
172.235315799302
 20
46.20843817403565
 30
0.0
 10
172.233414139402
 20
46.21228378229566
 30
0.0
 10
172.2312895640219
 20
46.21583167207567
 30
0.0
 10
172.2290586083619
 20
46.21914389049564
 30
0.0
 10
172.2266296673219
 20
46.22216282781565
 30
0.0
 10
172.224071648562
 20
46.22494638587562
 30
0.0
 10
172.2213524490219
 20
46.22746478571565
 30
0.0
 10
172.2184718223219
 20
46.22969259685561
 30
0.0
 10
172.215500522702
 20
46.23169076405568
 30
0.0
 10
172.2124059340219
 20
46.23339128643564
 30
0.0
 10
172.2092372306819
 20
46.23485215981566
 30
0.0
 10
172.205974730222
 20
46.23601768961566
 30
0.0
 10
172.2026439545619
 20
46.23695715941565
 30
0.0
 10
172.1992175377419
 20
46.23762020609563
 30
0.0
 10
172.1957100949218
 20
46.23801980397565
 30
0.0
 10
172.1933376942819
 20
46.23806137869564
 30
0.0
 10
172.1921447451819
 20
46.23808228543566
 30
0.0
  0
SPLINE
  5
10C7
330
231
100
AcDbEntity
  8
0
  6
Continuous
 62
     7
100
AcDbSpline
210
0.0
220
0.0
230
1.0
 70
     8
 71
     3
 72
    31
 73
    27
 74
     0
 42
0.000000001
 43
0.0000001
 40
0.0
 40
0.0
 40
0.0
 40
0.0
 40
0.0337424247
 40
0.0665334754
 40
0.0991534618
 40
0.1315397542
 40
0.1640870483
 40
0.196562745
 40
0.2297068306
 40
0.2633146465
 40
0.2975043287
 40
0.3316856488
 40
0.3664815111
 40
0.4020997606
 40
0.4389576273
 40
0.4767476992000001
 40
0.5159851314
 40
0.5565892451
 40
0.5995194112
 40
0.6457650933
 40
0.6954865607
 40
0.7487207769
 40
0.8056874134999999
 40
0.8667539576000001
 40
0.9314053776999999
 40
1.0
 40
1.0
 40
1.0
 40
1.0
 10
172.1921447451819
 20
46.23808228543566
 30
0.0
 10
172.1909616792219
 20
46.23806242771564
 30
0.0
 10
172.1886289025818
 20
46.23802326853566
 30
0.0
 10
172.185172843962
 20
46.23761368591565
 30
0.0
 10
172.181803970842
 20
46.23696273217567
 30
0.0
 10
172.1785167180819
 20
46.23601083669564
 30
0.0
 10
172.175299594722
 20
46.23485839043567
 30
0.0
 10
172.1721815186619
 20
46.23339268089563
 30
0.0
 10
172.1691539783619
 20
46.23167699217566
 30
0.0
 10
172.1661961280419
 20
46.22972915507566
 30
0.0
 10
172.163392285542
 20
46.22750717069564
 30
0.0
 10
172.1607170635619
 20
46.22506813823565
 30
0.0
 10
172.158261401722
 20
46.22234059479566
 30
0.0
 10
172.155929455662
 20
46.21938758063564
 30
0.0
 10
172.153787587962
 20
46.21616738895568
 30
0.0
 10
172.1517490982619
 20
46.21273273237565
 30
0.0
 10
172.1499304887419
 20
46.20902879515563
 30
0.0
 10
172.1482595827619
 20
46.20506118053566
 30
0.0
 10
172.1467787653019
 20
46.20075652061567
 30
0.0
 10
172.145501074182
 20
46.19605682211565
 30
0.0
 10
172.144377553442
 20
46.19094676121565
 30
0.0
 10
172.1435359269819
 20
46.18540268543566
 30
0.0
 10
172.1428443281619
 20
46.17943941059564
 30
0.0
 10
172.1423396708019
 20
46.17305539999569
 30
0.0
 10
172.142035881722
 20
46.16625034375561
 30
0.0
 10
172.142008574182
 20
46.16158020069565
 30
0.0
 10
172.1419945178219
 20
46.15917602719562
 30
0.0
  0
SPLINE
  5
10C8
330
231
100
AcDbEntity
  8
0
  6
Continuous
 62
     7
100
AcDbSpline
210
0.0
220
0.0
230
1.0
 70
     8
 71
     3
 72
    27
 73
    23
 74
     0
 42
0.000000001
 43
0.0000001
 40
0.0
 40
0.0
 40
0.0
 40
0.0
 40
0.0733021356
 40
0.1422863278
 40
0.2062532954
 40
0.2660167794
 40
0.3216117904
 40
0.37253246
 40
0.4194969816
 40
0.4623979521
 40
0.5028252779
 40
0.5414888117000001
 40
0.5790338028000001
 40
0.6151434189
 40
0.6502976045000001
 40
0.6849123758
 40
0.7187009
 40
0.7521889702
 40
0.8172453814
 40
0.8791167513999999
 40
0.9396133806999998
 40
1.0
 40
1.0
 40
1.0
 40
1.0
 10
172.386225286662
 20
46.15923616677565
 30
0.0
 10
172.3862301101219
 20
46.16124973907566
 30
0.0
 10
172.386239472562
 20
46.16515827583564
 30
0.0
 10
172.386502240642
 20
46.17081817561566
 30
0.0
 10
172.386840009842
 20
46.17610148991562
 30
0.0
 10
172.3873655993419
 20
46.18099929825567
 30
0.0
 10
172.3879568249819
 20
46.18553013247563
 30
0.0
 10
172.388791982062
 20
46.18966421361565
 30
0.0
 10
172.389696008702
 20
46.19342574279565
 30
0.0
 10
172.3907919856819
 20
46.19683635573565
 30
0.0
 10
172.392038465282
 20
46.19994848819567
 30
0.0
 10
172.393389206802
 20
46.20285554613568
 30
0.0
 10
172.394888393542
 20
46.20555506575565
 30
0.0
 10
172.3965207905819
 20
46.20806072495568
 30
0.0
 10
172.3982636903218
 20
46.21039223667565
 30
0.0
 10
172.4001556702819
 20
46.21251993117565
 30
0.0
 10
172.402173499622
 20
46.21446506571564
 30
0.0
 10
172.405039089522
 20
46.21670813717566
 30
0.0
 10
172.4087780736619
 20
46.21906324041566
 30
0.0
 10
172.4134796873219
 20
46.22120665243568
 30
0.0
 10
172.418384600042
 20
46.22243636549564
 30
0.0
 10
172.421705672902
 20
46.22261064759567
 30
0.0
 10
172.4233646993019
 20
46.22269771117564
 30
0.0
  0
SPLINE
  5
10C9
330
231
100
AcDbEntity
  8
0
  6
Continuous
 62
     7
100
AcDbSpline
210
0.0
220
0.0
230
1.0
 70
     8
 71
     3
 72
    27
 73
    23
 74
     0
 42
0.000000001
 43
0.0000001
 40
0.0
 40
0.0
 40
0.0
 40
0.0
 40
0.0596886662
 40
0.1195065384
 40
0.181074584
 40
0.246162337
 40
0.2798942139
 40
0.3144679584
 40
0.3504028636
 40
0.3874736883
 40
0.4261472450000001
 40
0.4666236557000001
 40
0.5087454666
 40
0.5533282564000001
 40
0.6000583195
 40
0.649177064
 40
0.7005515755000001
 40
0.7548938693000001
 40
0.8118248697
 40
0.8715135357999999
 40
0.9343188020000001
 40
1.0
 40
1.0
 40
1.0
 40
1.0
 10
172.4233646993019
 20
46.22269771117564
 30
0.0
 10
172.4250037841619
 20
46.22261076951568
 30
0.0
 10
172.428285504802
 20
46.22243669823567
 30
0.0
 10
172.4331399604218
 20
46.22120205757565
 30
0.0
 10
172.437804774562
 20
46.21905209743568
 30
0.0
 10
172.4415536723219
 20
46.21671588163567
 30
0.0
 10
172.4444172683219
 20
46.21442462891565
 30
0.0
 10
172.446461739722
 20
46.21241733041563
 30
0.0
 10
172.4484227797419
 20
46.21020441891565
 30
0.0
 10
172.4502225932618
 20
46.20771731187566
 30
0.0
 10
172.451908690982
 20
46.20500587203568
 30
0.0
 10
172.453461052622
 20
46.20205795565564
 30
0.0
 10
172.4549145854021
 20
46.19888165009564
 30
0.0
 10
172.456235029802
 20
46.19546162137561
 30
0.0
 10
172.4573887359021
 20
46.19178192591562
 30
0.0
 10
172.458468789622
 20
46.18788436703565
 30
0.0
 10
172.4592726945419
 20
46.18370792631563
 30
0.0
 10
172.460018291222
 20
46.17930434101563
 30
0.0
 10
172.4605239696619
 20
46.17463675065562
 30
0.0
 10
172.4609792646619
 20
46.16973098957567
 30
0.0
 10
172.4611555787619
 20
46.16456592497567
 30
0.0
 10
172.461201707702
 20
46.16103907401566
 30
0.0
 10
172.461225286522
 20
46.15923617947564
 30
0.0
  0
LINE
  5
10CA
330
231
100
AcDbEntity
  8
0
  6
Continuous
 62
     7
100
AcDbLine
 10
172.461225286522
 20
46.15923617947564
 30
0.0
 11
172.455546207202
 21
46.12152584087562
 31
0.0
  0
SPLINE
  5
10CB
330
231
100
AcDbEntity
  8
0
  6
Continuous
 62
     7
100
AcDbSpline
210
0.0
220
0.0
230
1.0
 70
     8
 71
     3
 72
    19
 73
    15
 74
     0
 42
0.000000001
 43
0.0000001
 40
0.0
 40
0.0
 40
0.0
 40
0.0
 40
0.0759493073
 40
0.1485490724
 40
0.2189955451
 40
0.2861189619
 40
0.3518258552
 40
0.4160741613
 40
0.4782648099000001
 40
0.5403245898
 40
0.6604051854000001
 40
0.7746061161
 40
0.8871865993
 40
1.0
 40
1.0
 40
1.0
 40
1.0
 10
172.455546207202
 20
46.12152584087562
 30
0.0
 10
172.455158171402
 20
46.12047912211565
 30
0.0
 10
172.4543992117819
 20
46.11843184909562
 30
0.0
 10
172.453067068142
 20
46.11549916763564
 30
0.0
 10
172.4516072209219
 20
46.11277505827565
 30
0.0
 10
172.4500018317019
 20
46.11025195181565
 30
0.0
 10
172.448251459282
 20
46.10794198183566
 30
0.0
 10
172.4464059435419
 20
46.10580101583565
 30
0.0
 10
172.4443952135019
 20
46.10388895717562
 30
0.0
 10
172.4415888208419
 20
46.10164631497565
 30
0.0
 10
172.4379000220219
 20
46.09929142255563
 30
0.0
 10
172.4331930108619
 20
46.09729986951569
 30
0.0
 10
172.428344420102
 20
46.09597992295564
 30
0.0
 10
172.4250257653219
 20
46.09584311093567
 30
0.0
 10
172.423364722162
 20
46.09577463253569
 30
0.0
  0
SPLINE
  5
10CC
330
231
100
AcDbEntity
  8
0
  6
Continuous
 62
     7
100
AcDbSpline
210
0.0
220
0.0
230
1.0
 70
     8
 71
     3
 72
    27
 73
    23
 74
     0
 42
0.000000001
 43
0.0000001
 40
0.0
 40
0.0
 40
0.0
 40
0.0
 40
0.0600344403
 40
0.1202779236
 40
0.1823475614
 40
0.2479191354
 40
0.2816410472
 40
0.3157005398999999
 40
0.3503217567
 40
0.3857031347999999
 40
0.4218194747
 40
0.4591956847
 40
0.4978664179
 40
0.5383012714000001
 40
0.5812102303
 40
0.6281834969000001
 40
0.6794027673000001
 40
0.7346986428
 40
0.7940735398000001
 40
0.8584163057999999
 40
0.9270489340999999
 40
1.0
 40
1.0
 40
1.0
 40
1.0
 10
172.423364722162
 20
46.09577463253569
 30
0.0
 10
172.4217143546219
 20
46.09585728413565
 30
0.0
 10
172.4184078715219
 20
46.09602287435563
 30
0.0
 10
172.413536364882
 20
46.09732497741563
 30
0.0
 10
172.408795487902
 20
46.09939695193566
 30
0.0
 10
172.405032782702
 20
46.10177634265562
 30
0.0
 10
172.4021826207619
 20
46.10407892123567
 30
0.0
 10
172.4001223683418
 20
46.10599879293568
 30
0.0
 10
172.398237800102
 20
46.10815162835564
 30
0.0
 10
172.396458580902
 20
46.11046189043565
 30
0.0
 10
172.394824903702
 20
46.11297047317563
 30
0.0
 10
172.3933651580819
 20
46.11568555791563
 30
0.0
 10
172.3920063342819
 20
46.11858275303567
 30
0.0
 10
172.3907618003219
 20
46.12169628249566
 30
0.0
 10
172.3896691558219
 20
46.12510719007565
 30
0.0
 10
172.388745667702
 20
46.12887335729562
 30
0.0
 10
172.3879868046019
 20
46.13302062865563
 30
0.0
 10
172.3873095339219
 20
46.13752705601567
 30
0.0
 10
172.3868534769219
 20
46.14242363753564
 30
0.0
 10
172.386499896222
 20
46.14769379463567
 30
0.0
 10
172.386240343782
 20
46.15334422021564
 30
0.0
 10
172.386230407302
 20
46.15723265033563
 30
0.0
 10
172.386225286662
 20
46.15923616677565
 30
0.0
  0
SPLINE
  5
10CD
330
231
100
AcDbEntity
  8
0
  6
Continuous
 62
     7
100
AcDbSpline
210
0.0
220
0.0
230
1.0
 70
     8
 71
     3
 72
    31
 73
    27
 74
     0
 42
0.000000001
 43
0.0000001
 40
0.0
 40
0.0
 40
0.0
 40
0.0
 40
0.0681132467
 40
0.1325644684
 40
0.193426693
 40
0.2502184822
 40
0.3035685555
 40
0.3535758443999999
 40
0.4002351701000001
 40
0.4435864585
 40
0.4846193084000001
 40
0.5242924706000001
 40
0.5623796179000001
 40
0.5990492627
 40
0.6349401741
 40
0.6697821543
 40
0.7040087777
 40
0.7378419441
 40
0.7710977456999999
 40
0.8038960729999999
 40
0.8364148123999999
 40
0.8686388350000001
 40
0.9007151219
 40
0.9333783422999999
 40
0.9662128537
 40
1.0
 40
1.0
 40
1.0
 40
1.0
 10
172.3727637489419
 20
46.15917606783563
 30
0.0
 10
172.3727777341819
 20
46.15679190953568
 30
0.0
 10
172.372804952822
 20
46.15215177657566
 30
0.0
 10
172.373111010122
 20
46.14538698187565
 30
0.0
 10
172.3736061958219
 20
46.13903102049568
 30
0.0
 10
172.3743315283819
 20
46.13308785229565
 30
0.0
 10
172.3752307976019
 20
46.12755425147565
 30
0.0
 10
172.3762814051019
 20
46.12240643855566
 30
0.0
 10
172.3776120222019
 20
46.11768575965567
 30
0.0
 10
172.3791183946019
 20
46.11335054861567
 30
0.0
 10
172.380817403142
 20
46.10935120939564
 30
0.0
 10
172.382676152282
 20
46.10562938295567
 30
0.0
 10
172.3846856986819
 20
46.10216102565565
 30
0.0
 10
172.3868703018819
 20
46.09895988651564
 30
0.0
 10
172.3891689079021
 20
46.09598226229562
 30
0.0
 10
172.3916385524419
 20
46.09325554435566
 30
0.0
 10
172.3942999212619
 20
46.09082279077566
 30
0.0
 10
172.397086156482
 20
46.08862329047568
 30
0.0
 10
172.400012937522
 20
46.08670348735564
 30
0.0
 10
172.403025268302
 20
46.08501774015562
 30
0.0
 10
172.406115109722
 20
46.08355401181563
 30
0.0
 10
172.4093168178219
 20
46.08243051901564
 30
0.0
 10
172.412586763022
 20
46.08151266461564
 30
0.0
 10
172.415941724562
 20
46.08085714395565
 30
0.0
 10
172.4193982581619
 20
46.08044941299564
 30
0.0
 10
172.4217309687619
 20
46.08041000489563
 30
0.0
 10
172.422914001702
 20
46.08039001763566
 30
0.0
  0
SPLINE
  5
10CE
330
231
100
AcDbEntity
  8
0
  6
Continuous
 62
     7
100
AcDbSpline
210
0.0
220
0.0
230
1.0
 70
     8
 71
     3
 72
    31
 73
    27
 74
     0
 42
0.000000001
 43
0.0000001
 40
0.0
 40
0.0
 40
0.0
 40
0.0
 40
0.0337424247
 40
0.0665334754
 40
0.0991534618
 40
0.1315397542
 40
0.1640870483
 40
0.196562745
 40
0.2297068306
 40
0.2633146465
 40
0.2975043287
 40
0.3316856488
 40
0.3664815111
 40
0.4020997606
 40
0.4389576273
 40
0.4767476992000001
 40
0.5159851314
 40
0.5565892451
 40
0.5995194112
 40
0.6457650933
 40
0.6954865607
 40
0.7487207769
 40
0.8056874134999999
 40
0.8667539576000001
 40
0.9314053776999999
 40
1.0
 40
1.0
 40
1.0
 40
1.0
 10
172.422913976302
 20
46.23808232607567
 30
0.0
 10
172.421730907802
 20
46.23806246835565
 30
0.0
 10
172.4193981337019
 20
46.23802330917567
 30
0.0
 10
172.4159420750819
 20
46.23761372655565
 30
0.0
 10
172.4125731994219
 20
46.23696277281561
 30
0.0
 10
172.4092859492019
 20
46.23601087733564
 30
0.0
 10
172.406068825842
 20
46.23485843107568
 30
0.0
 10
172.402950749782
 20
46.23339272153566
 30
0.0
 10
172.3999232069419
 20
46.23167703027561
 30
0.0
 10
172.3969653591618
 20
46.22972919571566
 30
0.0
 10
172.3941615166619
 20
46.22750721133565
 30
0.0
 10
172.3914862946819
 20
46.22506817887566
 30
0.0
 10
172.3890306328419
 20
46.22234063543567
 30
0.0
 10
172.386698686782
 20
46.21938761873565
 30
0.0
 10
172.3845568190819
 20
46.21616742959562
 30
0.0
 10
172.3825183293819
 20
46.21273277301566
 30
0.0
 10
172.3806997198619
 20
46.20902883579563
 30
0.0
 10
172.379028813882
 20
46.20506122117567
 30
0.0
 10
172.377547996422
 20
46.20075656125567
 30
0.0
 10
172.376270305302
 20
46.19605686275565
 30
0.0
 10
172.375146784562
 20
46.19094680185566
 30
0.0
 10
172.3743051581019
 20
46.18540272607567
 30
0.0
 10
172.3736135567419
 20
46.17943945123565
 30
0.0
 10
172.3731089019219
 20
46.17305543809564
 30
0.0
 10
172.3728051128419
 20
46.16625038439562
 30
0.0
 10
172.372777805302
 20
46.16158024133563
 30
0.0
 10
172.3727637489419
 20
46.15917606783563
 30
0.0
  0
SPLINE
  5
10CF
330
231
100
AcDbEntity
  8
0
  6
Continuous
 62
     7
100
AcDbSpline
210
0.0
220
0.0
230
1.0
 70
     8
 71
     3
 72
    31
 73
    27
 74
     0
 42
0.000000001
 43
0.0000001
 40
0.0
 40
0.0
 40
0.0
 40
0.0
 40
0.0652777705
 40
0.127205441
 40
0.1861682171
 40
0.2416754997
 40
0.2941145051
 40
0.3436091886
 40
0.3903870759000001
 40
0.4344634104
 40
0.4766455534000001
 40
0.5170022931
 40
0.5559361803
 40
0.5937164393
 40
0.6300571765000001
 40
0.6656014335
 40
0.7007446912000001
 40
0.7349167217
 40
0.7686809964
 40
0.8020868125999999
 40
0.8348488267
 40
0.8674333879
 40
0.9001375891
 40
0.9328060675999999
 40
0.9662118837999999
 40
1.0
 40
1.0
 40
1.0
 40
1.0
 10
172.4746868267819
 20
46.15917608561562
 30
0.0
 10
172.4746591865018
 20
46.16148001547569
 30
0.0
 10
172.4746053283419
 20
46.16596963819563
 30
0.0
 10
172.4743193370419
 20
46.17253622653566
 30
0.0
 10
172.473777936042
 20
46.17874049657564
 30
0.0
 10
172.473034582182
 20
46.18458653263568
 30
0.0
 10
172.472075041302
 20
46.19006179981565
 30
0.0
 10
172.4709230852619
 20
46.19518640729563
 30
0.0
 10
172.4694973883419
 20
46.19993346663565
 30
0.0
 10
172.467916515202
 20
46.20435905341563
 30
0.0
 10
172.4660850304219
 20
46.20843821467565
 30
0.0
 10
172.4641833705219
 20
46.21228382293566
 30
0.0
 10
172.462058795142
 20
46.21583171271566
 30
0.0
 10
172.459827839482
 20
46.21914393113565
 30
0.0
 10
172.4573988959019
 20
46.22216286845565
 30
0.0
 10
172.454840879682
 20
46.22494642651562
 30
0.0
 10
172.452121680142
 20
46.22746482635565
 30
0.0
 10
172.4492410534419
 20
46.22969263749567
 30
0.0
 10
172.4462697538218
 20
46.23169080215563
 30
0.0
 10
172.4431751651419
 20
46.23339132453565
 30
0.0
 10
172.440006461802
 20
46.23485220045566
 30
0.0
 10
172.4367439613419
 20
46.23601773025561
 30
0.0
 10
172.4334131856819
 20
46.23695720005565
 30
0.0
 10
172.4299867688619
 20
46.23762024673564
 30
0.0
 10
172.426479323502
 20
46.23801984461564
 30
0.0
 10
172.4241069254019
 20
46.23806141933565
 30
0.0
 10
172.422913976302
 20
46.23808232607567
 30
0.0
  0
SPLINE
  5
10D0
330
231
100
AcDbEntity
  8
0
  6
Continuous
 62
     7
100
AcDbSpline
210
0.0
220
0.0
230
1.0
 70
     8
 71
     3
 72
    31
 73
    27
 74
     0
 42
0.000000001
 43
0.0000001
 40
0.0
 40
0.0
 40
0.0
 40
0.0
 40
0.0338241166
 40
0.0672980875
 40
0.1002802585
 40
0.1330193053
 40
0.1657361603
 40
0.1987916522
 40
0.2323715308
 40
0.2664085107
 40
0.3010156639
 40
0.3361963659
 40
0.3719718801
 40
0.4085735936
 40
0.4463941065000001
 40
0.4852253094
 40
0.5253715674000001
 40
0.5672243359
 40
0.6110807138000001
 40
0.6577496272
 40
0.7070202040000001
 40
0.7592353208000001
 40
0.8144842368
 40
0.8732268335
 40
0.9349367104
 40
1.0
 40
1.0
 40
1.0
 40
1.0
 10
172.422914001702
 20
46.08039001763566
 30
0.0
 10
172.4241073546618
 20
46.08040739123566
 30
0.0
 10
172.426481708562
 20
46.08044195301568
 30
0.0
 10
172.4299941196219
 20
46.08089503313567
 30
0.0
 10
172.433433249142
 20
46.08154105673565
 30
0.0
 10
172.4367816092219
 20
46.08247536271565
 30
0.0
 10
172.4400350190219
 20
46.08369829397566
 30
0.0
 10
172.443240021502
 20
46.08512255325564
 30
0.0
 10
172.4463239828219
 20
46.08688886163565
 30
0.0
 10
172.4493416196619
 20
46.08886392499565
 30
0.0
 10
172.4522307223419
 20
46.09112042289564
 30
0.0
 10
172.454959462122
 20
46.09365631063565
 30
0.0
 10
172.457561651482
 20
46.09642049357566
 30
0.0
 10
172.4599639403019
 20
46.09947958067564
 30
0.0
 10
172.4622177432619
 20
46.10277956899565
 30
0.0
 10
172.464286448802
 20
46.10634383923562
 30
0.0
 10
172.466217387282
 20
46.11014385957566
 30
0.0
 10
172.4679921310019
 20
46.11421321897566
 30
0.0
 10
172.4696136212819
 20
46.11859471135562
 30
0.0
 10
172.4709272051419
 20
46.12334945927563
 30
0.0
 10
172.472110283802
 20
46.12843850675566
 30
0.0
 10
172.4730724662819
 20
46.13388383241562
 30
0.0
 10
172.473767179142
 20
46.13970428051564
 30
0.0
 10
172.474322547602
 20
46.14587562707566
 30
0.0
 10
172.4746044901419
 20
46.15241266759565
 30
0.0
 10
172.4746589020219
 20
46.15688220399564
 30
0.0
 10
172.4746868267819
 20
46.15917608561562
 30
0.0
  0
SPLINE
  5
10D1
330
231
100
AcDbEntity
  8
0
  6
Continuous
 62
     7
100
AcDbSpline
210
0.0
220
0.0
230
1.0
 70
     8
 71
     3
 72
    23
 73
    19
 74
     0
 42
0.000000001
 43
0.0000001
 40
0.0
 40
0.0
 40
0.0
 40
0.0
 40
0.0579112258
 40
0.1132624085
 40
0.1659556543
 40
0.2174433463
 40
0.2685106683
 40
0.3196647195
 40
0.3720004607
 40
0.4261290165
 40
0.4833646605000001
 40
0.5437785482999999
 40
0.6077560199000001
 40
0.6765623202
 40
0.7497038442
 40
0.8277125097999999
 40
0.9111771563999999
 40
1.0
 40
1.0
 40
1.0
 40
1.0
 10
172.5268924297619
 20
50.16771674009564
 30
0.0
 10
172.5288794768419
 20
50.16780609221564
 30
0.0
 10
172.532765727642
 20
50.16798084675565
 30
0.0
 10
172.5383987516819
 20
50.16894645823566
 30
0.0
 10
172.5436446467019
 20
50.17055508087565
 30
0.0
 10
172.5485509310219
 20
50.17266953435563
 30
0.0
 10
172.5530712471019
 20
50.17542488063566
 30
0.0
 10
172.5572033851419
 20
50.17877387063563
 30
0.0
 10
172.560962760402
 20
50.18268531569564
 30
0.0
 10
172.564313147402
 20
50.18721141535562
 30
0.0
 10
172.567324655222
 20
50.19229292411566
 30
0.0
 10
172.569914332542
 20
50.19797420561568
 30
0.0
 10
172.5721756793019
 20
50.20421550123564
 30
0.0
 10
172.5740245326019
 20
50.21104429377562
 30
0.0
 10
172.5755489999619
 20
50.21844369731562
 30
0.0
 10
172.576644517202
 20
50.22642626453566
 30
0.0
 10
172.5774110663419
 20
50.23498738279562
 30
0.0
 10
172.5776096943419
 20
50.24089868161567
 30
0.0
 10
172.5777120944419
 20
50.24394625235567
 30
0.0
  0
SPLINE
  5
10D2
330
231
100
AcDbEntity
  8
0
  6
Continuous
 62
     7
100
AcDbSpline
210
0.0
220
0.0
230
1.0
 70
     8
 71
     3
 72
    15
 73
    11
 74
     0
 42
0.000000001
 43
0.0000001
 40
0.0
 40
0.0
 40
0.0
 40
0.0
 40
0.1618183676
 40
0.3141106666
 40
0.4567026690000001
 40
0.5901727314000001
 40
0.7155450106
 40
0.8329694443999999
 40
0.9437903267000001
 40
1.0
 40
1.0
 40
1.0
 40
1.0
 10
172.5777120944419
 20
50.24394625235567
 30
0.0
 10
172.5776096333819
 20
50.24689268283563
 30
0.0
 10
172.5774107386819
 20
50.25261208719564
 30
0.0
 10
172.5766434554819
 20
50.26090020625563
 30
0.0
 10
172.575549767042
 20
50.26863055401566
 30
0.0
 10
172.574027461222
 20
50.27578846197568
 30
0.0
 10
172.5721662914619
 20
50.28239161869564
 30
0.0
 10
172.5699153104419
 20
50.28843400183567
 30
0.0
 10
172.5677058584219
 20
50.29313114255564
 30
0.0
 10
172.5661724756619
 20
50.29576134811566
 30
0.0
 10
172.5656322100419
 20
50.29663169435565
 30
0.0
  0
SPLINE
  5
10D3
330
231
100
AcDbEntity
  8
0
  6
Continuous
 62
     7
100
AcDbSpline
210
0.0
220
0.0
230
1.0
 70
     8
 71
     3
 72
    22
 73
    18
 74
     0
 42
0.000000001
 43
0.0000001
 40
0.0
 40
0.0
 40
0.0
 40
0.0
 40
0.039579338
 40
0.1299980045
 40
0.2146690639
 40
0.2943187569
 40
0.3690263236
 40
0.4392950400000001
 40
0.5057291386000001
 40
0.5693173748
 40
0.6303458611
 40
0.6899354846
 40
0.7490683463
 40
0.8087491006999998
 40
0.8697311081999998
 40
0.933434433
 40
1.0
 40
1.0
 40
1.0
 40
1.0
 10
172.4770043761219
 20
50.22990237899566
 30
0.0
 10
172.477126387562
 20
50.22874334651564
 30
0.0
 10
172.4775690587619
 20
50.22494082427565
 30
0.0
 10
172.4785240505019
 20
50.21869081899566
 30
0.0
 10
172.4800567804821
 20
50.21134470465566
 30
0.0
 10
172.4819558470419
 20
50.20456219345567
 30
0.0
 10
172.4842245674219
 20
50.19834264277566
 30
0.0
 10
172.486860373682
 20
50.19269424919565
 30
0.0
 10
172.4898762147419
 20
50.18761488927563
 30
0.0
 10
172.493248877542
 20
50.18310000117566
 30
0.0
 10
172.496971232302
 20
50.17913771547563
 30
0.0
 10
172.5010712444219
 20
50.17576829117564
 30
0.0
 10
172.505540097562
 20
50.17297893175563
 30
0.0
 10
172.510377278642
 20
50.17079488735564
 30
0.0
 10
172.5155578016819
 20
50.16914029071563
 30
0.0
 10
172.521103376062
 20
50.16806702895568
 30
0.0
 10
172.524934684122
 20
50.16783520061565
 30
0.0
 10
172.5268924297619
 20
50.16771674009564
 30
0.0
  0
SPLINE
  5
10D4
330
231
100
AcDbEntity
  8
0
  6
Continuous
 62
     7
100
AcDbSpline
210
0.0
220
0.0
230
1.0
 70
     8
 71
     3
 72
    23
 73
    19
 74
     0
 42
0.000000001
 43
0.0000001
 40
0.0
 40
0.0
 40
0.0
 40
0.0
 40
0.0506044742
 40
0.0986880388
 40
0.1456989725
 40
0.191790689
 40
0.2386248893
 40
0.2867170764
 40
0.337545563
 40
0.3918143439000001
 40
0.4497547122
 40
0.5121058054
 40
0.5796854176
 40
0.6520483764
 40
0.7302623364000001
 40
0.8141457690999999
 40
0.9042814668000001
 40
1.0
 40
1.0
 40
1.0
 40
1.0
 10
172.5268924297619
 20
50.18492985527564
 30
0.0
 10
172.5256347767019
 20
50.18497929637561
 30
0.0
 10
172.523182122222
 20
50.18507571985566
 30
0.0
 10
172.5196090585019
 20
50.18574888843568
 30
0.0
 10
172.516284292482
 20
50.18690500245568
 30
0.0
 10
172.513193874482
 20
50.18853242109566
 30
0.0
 10
172.5103960898819
 20
50.19066225681564
 30
0.0
 10
172.507804451682
 20
50.19320841885565
 30
0.0
 10
172.505509310222
 20
50.19625811049568
 30
0.0
 10
172.503401257542
 20
50.19972599027565
 30
0.0
 10
172.5015955537619
 20
50.20367876875562
 30
0.0
 10
172.5000151327418
 20
50.20807614629561
 30
0.0
 10
172.4987011551819
 20
50.21293266439562
 30
0.0
 10
172.497608241442
 20
50.21824508963567
 30
0.0
 10
172.4967724925419
 20
50.22401375729564
 30
0.0
 10
172.4961746806818
 20
50.23025440267566
 30
0.0
 10
172.4958096623619
 20
50.23694935753565
 30
0.0
 10
172.4957669040019
 20
50.24156770745566
 30
0.0
 10
172.4957448822019
 20
50.24394624473567
 30
0.0
  0
SPLINE
  5
10D5
330
231
100
AcDbEntity
  8
0
  6
Continuous
 62
     7
100
AcDbSpline
210
0.0
220
0.0
230
1.0
 70
     8
 71
     3
 72
    23
 73
    19
 74
     0
 42
0.000000001
 43
0.0000001
 40
0.0
 40
0.0
 40
0.0
 40
0.0
 40
0.0964517598
 40
0.1872779184
 40
0.2717650581
 40
0.3505193722
 40
0.4234366484000001
 40
0.4913209229000001
 40
0.5540114474
 40
0.6122237747
 40
0.666281051
 40
0.7170032916000001
 40
0.7648835309000001
 40
0.8114225001000001
 40
0.856783169
 40
0.9029934933999999
 40
0.9502363868999999
 40
1.0
 40
1.0
 40
1.0
 40
1.0
 10
172.557220291382
 20
50.24394624981565
 30
0.0
 10
172.557199013802
 20
50.24156766427566
 30
0.0
 10
172.557157695622
 20
50.23694922799567
 30
0.0
 10
172.5567826468419
 20
50.23025586063562
 30
0.0
 10
172.556219627902
 20
50.22401544385565
 30
0.0
 10
172.5554307521619
 20
50.21824097991563
 30
0.0
 10
172.554304488222
 20
50.21294305045566
 30
0.0
 10
172.553080203142
 20
50.20807296367562
 30
0.0
 10
172.551522802142
 20
50.20367830393567
 30
0.0
 10
172.5497350764821
 20
50.19974603341563
 30
0.0
 10
172.547735474182
 20
50.19625181637564
 30
0.0
 10
172.545493339982
 20
50.19321336423565
 30
0.0
 10
172.5429666140219
 20
50.19066305691566
 30
0.0
 10
172.5402335689419
 20
50.18854333801565
 30
0.0
 10
172.537231042562
 20
50.18690446143569
 30
0.0
 10
172.5339952044819
 20
50.18574942183562
 30
0.0
 10
172.530512445382
 20
50.18507538711566
 30
0.0
 10
172.5281198263419
 20
50.18497919731564
 30
0.0
 10
172.5268924297619
 20
50.18492985527564
 30
0.0
  0
LINE
  5
10D6
330
231
100
AcDbEntity
  8
0
  6
Continuous
 62
     7
100
AcDbLine
 10
172.5505612876819
 20
50.28629000561569
 30
0.0
 11
172.557220291382
 21
50.24394624981565
 31
0.0
  0
SPLINE
  5
10D7
330
231
100
AcDbEntity
  8
0
  6
Continuous
 62
     7
100
AcDbSpline
210
0.0
220
0.0
230
1.0
 70
     8
 71
     3
 72
    11
 73
     7
 74
     0
 42
0.000000001
 43
0.0000001
 40
0.0
 40
0.0
 40
0.0
 40
0.0
 40
0.2500077609
 40
0.4999954626
 40
0.7500014240999999
 40
1.0
 40
1.0
 40
1.0
 40
1.0
 10
220.202088923222
 20
-18.93694992202432
 30
0.0
 10
220.2020684101819
 20
-18.99895491104433
 30
0.0
 10
220.215633254782
 20
-19.12340677796433
 30
0.0
 10
220.276376389582
 20
-19.30075455636435
 30
0.0
 10
220.3739814877418
 20
-19.46076656044434
 30
0.0
 10
220.460873485662
 20
-19.55089432786434
 30
0.0
 10
220.508564932062
 20
-19.59051581834436
 30
0.0
  0
SPLINE
  5
10D8
330
231
100
AcDbEntity
  8
0
  6
Continuous
 62
     7
100
AcDbSpline
210
0.0
220
0.0
230
1.0
 70
     8
 71
     3
 72
    24
 73
    20
 74
     0
 42
0.000000001
 43
0.0000001
 40
0.0
 40
0.0
 40
0.0
 40
0.0
 40
0.0624951103
 40
0.0937795562
 40
0.125064306
 40
0.1875578138
 40
0.2500525953
 40
0.3125511348
 40
0.3750449781
 40
0.437539453
 40
0.5000379353
 40
0.5625321052000001
 40
0.625026263
 40
0.6875246547
 40
0.7500192248000001
 40
0.8125131127999999
 40
0.8750113781000001
 40
0.9375063687
 40
1.0
 40
1.0
 40
1.0
 40
1.0
 10
220.5607953051219
 20
-19.63058612428435
 30
0.0
 10
220.6047401321421
 20
-19.66167168314436
 30
0.0
 10
220.675358024942
 20
-19.70217803342433
 30
0.0
 10
220.7755542736219
 20
-19.74204248506433
 30
0.0
 10
220.8791015544619
 20
-19.77225898038435
 30
0.0
 10
221.0132650758219
 20
-19.79118359582435
 30
0.0
 10
221.1754899761619
 20
-19.78301952528434
 30
0.0
 10
221.3333301862619
 20
-19.74452359516437
 30
0.0
 10
221.4809699824219
 20
-19.67669504654432
 30
0.0
 10
221.6130754662419
 20
-19.58214943426435
 30
0.0
 10
221.725077043102
 20
-19.46446869680434
 30
0.0
 10
221.8126769060019
 20
-19.32762943530434
 30
0.0
 10
221.872738383542
 20
-19.17668630056434
 30
0.0
 10
221.903386054022
 20
-19.01714593892433
 30
0.0
 10
221.9031772152221
 20
-18.85466838986434
 30
0.0
 10
221.8721459031419
 20
-18.69520679108436
 30
0.0
 10
221.8117096003419
 20
-18.54439906120436
 30
0.0
 10
221.723796220162
 20
-18.40781569454435
 30
0.0
 10
221.648849136122
 20
-18.32946809914435
 30
0.0
 10
221.6081424382619
 20
-18.29425038446433
 30
0.0
  0
SPLINE
  5
10D9
330
231
100
AcDbEntity
  8
0
  6
Continuous
 62
     7
100
AcDbSpline
210
0.0
220
0.0
230
1.0
 70
     8
 71
     3
 72
    16
 73
    12
 74
     0
 42
0.000000001
 43
0.0000001
 40
0.0
 40
0.0
 40
0.0
 40
0.0
 40
0.0626329604
 40
0.1252634379
 40
0.2502235858
 40
0.3751900938
 40
0.5001488306000001
 40
0.6251164972
 40
0.7500741072000001
 40
0.8750423108999999
 40
1.0
 40
1.0
 40
1.0
 40
1.0
 10
221.5578252846419
 20
-18.25393593626435
 30
0.0
 10
221.5264623450819
 20
-18.23069598020436
 30
0.0
 10
221.460440986142
 20
-18.18846346370435
 30
0.0
 10
221.3183946281219
 20
-18.12315033804432
 30
0.0
 10
221.1258084169021
 20
-18.07941619640434
 30
0.0
 10
220.889552440342
 20
-18.09151958342434
 30
0.0
 10
220.6655823574219
 20
-18.16790679920436
 30
0.0
 10
220.470631500182
 20
-18.30199047566435
 30
0.0
 10
220.3198995664419
 20
-18.48444927508436
 30
0.0
 10
220.2241758843819
 20
-18.70066977228436
 30
0.0
 10
220.2021807747019
 20
-18.85726610374433
 30
0.0
 10
220.2020863654419
 20
-18.93514390582433
 30
0.0
  0
SPLINE
  5
10DA
330
231
100
AcDbEntity
  8
0
  6
Continuous
 62
     7
100
AcDbSpline
210
0.0
220
0.0
230
1.0
 70
     8
 71
     3
 72
    11
 73
     7
 74
     0
 42
0.000000001
 43
0.0000001
 40
0.0
 40
0.0
 40
0.0
 40
0.0
 40
0.2500077609
 40
0.4999954626
 40
0.7500014240999999
 40
1.0
 40
1.0
 40
1.0
 40
1.0
 10
220.202088923222
 20
55.06305007615563
 30
0.0
 10
220.2020684101819
 20
55.00104508967564
 30
0.0
 10
220.215633254782
 20
54.87659322021565
 30
0.0
 10
220.276376389582
 20
54.69924544435563
 30
0.0
 10
220.3739814877418
 20
54.53923344027566
 30
0.0
 10
220.460873485662
 20
54.4491056728556
 30
0.0
 10
220.508564932062
 20
54.40948418237562
 30
0.0
  0
SPLINE
  5
10DB
330
231
100
AcDbEntity
  8
0
  6
Continuous
 62
     7
100
AcDbSpline
210
0.0
220
0.0
230
1.0
 70
     8
 71
     3
 72
    24
 73
    20
 74
     0
 42
0.000000001
 43
0.0000001
 40
0.0
 40
0.0
 40
0.0
 40
0.0
 40
0.0624951103
 40
0.0937795562
 40
0.125064306
 40
0.1875578138
 40
0.2500525953
 40
0.3125511348
 40
0.3750449781
 40
0.437539453
 40
0.5000379353
 40
0.5625321052000001
 40
0.625026263
 40
0.6875246547
 40
0.7500192248000001
 40
0.8125131127999999
 40
0.8750113781000001
 40
0.9375063687
 40
1.0
 40
1.0
 40
1.0
 40
1.0
 10
220.5607953051219
 20
54.36941387389564
 30
0.0
 10
220.6047401321421
 20
54.33832831757564
 30
0.0
 10
220.675358024942
 20
54.29782196729568
 30
0.0
 10
220.7755542736219
 20
54.25795751565565
 30
0.0
 10
220.8791015544619
 20
54.22774102033563
 30
0.0
 10
221.0132650758219
 20
54.20881640235561
 30
0.0
 10
221.1754899761619
 20
54.21698047543569
 30
0.0
 10
221.3333301862619
 20
54.25547640301565
 30
0.0
 10
221.4809699824219
 20
54.32330495417565
 30
0.0
 10
221.6130754662419
 20
54.41785056391563
 30
0.0
 10
221.725077043102
 20
54.53553130137561
 30
0.0
 10
221.8126769060019
 20
54.67237056541566
 30
0.0
 10
221.872738383542
 20
54.82331370015564
 30
0.0
 10
221.903386054022
 20
54.98285406179565
 30
0.0
 10
221.9031772152221
 20
55.14533160831565
 30
0.0
 10
221.8721459031419
 20
55.30479320963564
 30
0.0
 10
221.8117096003419
 20
55.45560093951564
 30
0.0
 10
221.723796220162
 20
55.59218430617562
 30
0.0
 10
221.648849136122
 20
55.67053190157565
 30
0.0
 10
221.6081424382619
 20
55.70574961371566
 30
0.0
  0
SPLINE
  5
10DC
330
231
100
AcDbEntity
  8
0
  6
Continuous
 62
     7
100
AcDbSpline
210
0.0
220
0.0
230
1.0
 70
     8
 71
     3
 72
    16
 73
    12
 74
     0
 42
0.000000001
 43
0.0000001
 40
0.0
 40
0.0
 40
0.0
 40
0.0
 40
0.0626329604
 40
0.1252634379
 40
0.2502235858
 40
0.3751900938
 40
0.5001488306000001
 40
0.6251164972
 40
0.7500741072000001
 40
0.8750423108999999
 40
1.0
 40
1.0
 40
1.0
 40
1.0
 10
221.5578252846419
 20
55.74606406445565
 30
0.0
 10
221.5264623450819
 20
55.76930401797565
 30
0.0
 10
221.460440986142
 20
55.81153653701566
 30
0.0
 10
221.3183946281219
 20
55.87684966267565
 30
0.0
 10
221.1258084169021
 20
55.92058380431564
 30
0.0
 10
220.889552440342
 20
55.90848041729564
 30
0.0
 10
220.6655823574219
 20
55.83209319897566
 30
0.0
 10
220.470631500182
 20
55.69800952505568
 30
0.0
 10
220.3198995664419
 20
55.51555072563568
 30
0.0
 10
220.2241758843819
 20
55.29933022843568
 30
0.0
 10
220.2021807747019
 20
55.14273389443568
 30
0.0
 10
220.2020863654419
 20
55.06485609489562
 30
0.0
  0
SPLINE
  5
10DD
330
231
100
AcDbEntity
  8
0
  6
Continuous
 62
     7
100
AcDbSpline
210
0.0
220
0.0
230
1.0
 70
     8
 71
     3
 72
    11
 73
     7
 74
     0
 42
0.000000001
 43
0.0000001
 40
0.0
 40
0.0
 40
0.0
 40
0.0
 40
0.2500077609
 40
0.4999954626
 40
0.7500014240999999
 40
1.0
 40
1.0
 40
1.0
 40
1.0
 10
150.2020889235019
 20
55.06305007615563
 30
0.0
 10
150.2020684104619
 20
55.00104508967564
 30
0.0
 10
150.2156332550619
 20
54.87659322021565
 30
0.0
 10
150.2763763898619
 20
54.69924544435563
 30
0.0
 10
150.3739814880219
 20
54.53923344027566
 30
0.0
 10
150.460873485942
 20
54.4491056728556
 30
0.0
 10
150.5085649298019
 20
54.40948418237562
 30
0.0
  0
SPLINE
  5
10DE
330
231
100
AcDbEntity
  8
0
  6
Continuous
 62
     7
100
AcDbSpline
210
0.0
220
0.0
230
1.0
 70
     8
 71
     3
 72
    24
 73
    20
 74
     0
 42
0.000000001
 43
0.0000001
 40
0.0
 40
0.0
 40
0.0
 40
0.0
 40
0.0624951103
 40
0.0937795562
 40
0.125064306
 40
0.1875578138
 40
0.2500525953
 40
0.3125511348
 40
0.3750449781
 40
0.437539453
 40
0.5000379353
 40
0.5625321052000001
 40
0.625026263
 40
0.6875246547
 40
0.7500192248000001
 40
0.8125131127999999
 40
0.8750113781000001
 40
0.9375063687
 40
1.0
 40
1.0
 40
1.0
 40
1.0
 10
150.5607953054019
 20
54.36941387389564
 30
0.0
 10
150.6047401324219
 20
54.33832831757564
 30
0.0
 10
150.6753580252219
 20
54.29782196729568
 30
0.0
 10
150.775554273902
 20
54.25795751565565
 30
0.0
 10
150.8791015547419
 20
54.22774102033563
 30
0.0
 10
151.013265076102
 20
54.20881640235561
 30
0.0
 10
151.175489976442
 20
54.21698047543569
 30
0.0
 10
151.3333301865419
 20
54.25547640301565
 30
0.0
 10
151.4809699827019
 20
54.32330495417565
 30
0.0
 10
151.6130754665218
 20
54.41785056391563
 30
0.0
 10
151.725077043382
 20
54.53553130137561
 30
0.0
 10
151.8126769062819
 20
54.67237056541566
 30
0.0
 10
151.8727383838219
 20
54.82331370015564
 30
0.0
 10
151.9033860543019
 20
54.98285406179565
 30
0.0
 10
151.9031772155019
 20
55.14533160831565
 30
0.0
 10
151.872145903422
 20
55.30479320963564
 30
0.0
 10
151.8117096006219
 20
55.45560093951564
 30
0.0
 10
151.7237962204419
 20
55.59218430617562
 30
0.0
 10
151.6488491364019
 20
55.67053190157565
 30
0.0
 10
151.608142438542
 20
55.70574961371566
 30
0.0
  0
SPLINE
  5
10DF
330
231
100
AcDbEntity
  8
0
  6
Continuous
 62
     7
100
AcDbSpline
210
0.0
220
0.0
230
1.0
 70
     8
 71
     3
 72
    16
 73
    12
 74
     0
 42
0.000000001
 43
0.0000001
 40
0.0
 40
0.0
 40
0.0
 40
0.0
 40
0.0626329604
 40
0.1252634379
 40
0.2502235858
 40
0.3751900938
 40
0.5001488306000001
 40
0.6251164972
 40
0.7500741072000001
 40
0.8750423108999999
 40
1.0
 40
1.0
 40
1.0
 40
1.0
 10
151.557825284922
 20
55.74606406445565
 30
0.0
 10
151.526462342822
 20
55.76930401797565
 30
0.0
 10
151.460440986422
 20
55.81153653701566
 30
0.0
 10
151.3183946258619
 20
55.87684966267565
 30
0.0
 10
151.1258084171819
 20
55.92058380431564
 30
0.0
 10
150.8895524406219
 20
55.90848041729564
 30
0.0
 10
150.665582357702
 20
55.83209319897566
 30
0.0
 10
150.470631500462
 20
55.69800952505568
 30
0.0
 10
150.3198995667219
 20
55.51555072563568
 30
0.0
 10
150.224175884662
 20
55.29933022843568
 30
0.0
 10
150.202180774982
 20
55.14273389443568
 30
0.0
 10
150.2020863657219
 20
55.06485609489562
 30
0.0
  0
SPLINE
  5
10E0
330
231
100
AcDbEntity
  8
0
  6
Continuous
 62
     7
100
AcDbSpline
210
0.0
220
0.0
230
1.0
 70
     8
 71
     3
 72
    11
 73
     7
 74
     0
 42
0.000000001
 43
0.0000001
 40
0.0
 40
0.0
 40
0.0
 40
0.0
 40
0.2500077609
 40
0.4999954626
 40
0.7500014240999999
 40
1.0
 40
1.0
 40
1.0
 40
1.0
 10
150.2020889235019
 20
-18.93694992202432
 30
0.0
 10
150.2020684104619
 20
-18.99895491104433
 30
0.0
 10
150.2156332550619
 20
-19.12340677796433
 30
0.0
 10
150.2763763898619
 20
-19.30075455636435
 30
0.0
 10
150.3739814880219
 20
-19.46076656044434
 30
0.0
 10
150.460873485942
 20
-19.55089432786434
 30
0.0
 10
150.5085649298019
 20
-19.59051581834436
 30
0.0
  0
SPLINE
  5
10E1
330
231
100
AcDbEntity
  8
0
  6
Continuous
 62
     7
100
AcDbSpline
210
0.0
220
0.0
230
1.0
 70
     8
 71
     3
 72
    24
 73
    20
 74
     0
 42
0.000000001
 43
0.0000001
 40
0.0
 40
0.0
 40
0.0
 40
0.0
 40
0.0624951103
 40
0.0937795562
 40
0.125064306
 40
0.1875578138
 40
0.2500525953
 40
0.3125511348
 40
0.3750449781
 40
0.437539453
 40
0.5000379353
 40
0.5625321052000001
 40
0.625026263
 40
0.6875246547
 40
0.7500192248000001
 40
0.8125131127999999
 40
0.8750113781000001
 40
0.9375063687
 40
1.0
 40
1.0
 40
1.0
 40
1.0
 10
150.5607953054019
 20
-19.63058612428435
 30
0.0
 10
150.6047401324219
 20
-19.66167168314436
 30
0.0
 10
150.6753580252219
 20
-19.70217803342433
 30
0.0
 10
150.775554273902
 20
-19.74204248506433
 30
0.0
 10
150.8791015547419
 20
-19.77225898038435
 30
0.0
 10
151.013265076102
 20
-19.79118359582435
 30
0.0
 10
151.175489976442
 20
-19.78301952528434
 30
0.0
 10
151.3333301865419
 20
-19.74452359516437
 30
0.0
 10
151.4809699827019
 20
-19.67669504654432
 30
0.0
 10
151.6130754665218
 20
-19.58214943426435
 30
0.0
 10
151.725077043382
 20
-19.46446869680434
 30
0.0
 10
151.8126769062819
 20
-19.32762943530434
 30
0.0
 10
151.8727383838219
 20
-19.17668630056434
 30
0.0
 10
151.9033860543019
 20
-19.01714593892433
 30
0.0
 10
151.9031772155019
 20
-18.85466838986434
 30
0.0
 10
151.872145903422
 20
-18.69520679108436
 30
0.0
 10
151.8117096006219
 20
-18.54439906120436
 30
0.0
 10
151.7237962204419
 20
-18.40781569454435
 30
0.0
 10
151.6488491364019
 20
-18.32946809914435
 30
0.0
 10
151.608142438542
 20
-18.29425038446433
 30
0.0
  0
SPLINE
  5
10E2
330
231
100
AcDbEntity
  8
0
  6
Continuous
 62
     7
100
AcDbSpline
210
0.0
220
0.0
230
1.0
 70
     8
 71
     3
 72
    16
 73
    12
 74
     0
 42
0.000000001
 43
0.0000001
 40
0.0
 40
0.0
 40
0.0
 40
0.0
 40
0.0626329604
 40
0.1252634379
 40
0.2502235858
 40
0.3751900938
 40
0.5001488306000001
 40
0.6251164972
 40
0.7500741072000001
 40
0.8750423108999999
 40
1.0
 40
1.0
 40
1.0
 40
1.0
 10
151.557825284922
 20
-18.25393593626435
 30
0.0
 10
151.526462342822
 20
-18.23069598020436
 30
0.0
 10
151.460440986422
 20
-18.18846346370435
 30
0.0
 10
151.3183946258619
 20
-18.12315033804432
 30
0.0
 10
151.1258084171819
 20
-18.07941619640434
 30
0.0
 10
150.8895524406219
 20
-18.09151958342434
 30
0.0
 10
150.665582357702
 20
-18.16790679920436
 30
0.0
 10
150.470631500462
 20
-18.30199047566435
 30
0.0
 10
150.3198995667219
 20
-18.48444927508436
 30
0.0
 10
150.224175884662
 20
-18.70066977228436
 30
0.0
 10
150.202180774982
 20
-18.85726610374433
 30
0.0
 10
150.2020863657219
 20
-18.93514390582433
 30
0.0
  0
LINE
  5
10E3
330
231
100
AcDbEntity
  8
0
  6
Continuous
 62
     7
100
AcDbLine
 10
227.034731356462
 20
27.56305426091564
 30
0.0
 11
227.039094809762
 21
28.06304185123565
 31
0.0
  0
LINE
  5
10E4
330
231
100
AcDbEntity
  8
0
  6
Continuous
 62
     7
100
AcDbLine
 10
227.039094809762
 20
26.06304185327565
 30
0.0
 11
227.034731356462
 21
26.56302987285565
 31
0.0
  0
LINE
  5
10E5
330
231
100
AcDbEntity
  8
0
  6
Continuous
 62
     7
100
AcDbLine
 10
227.039094809762
 20
24.06304185277563
 30
0.0
 11
227.034731356462
 21
24.56302987235566
 31
0.0
  0
LINE
  5
10E6
330
231
100
AcDbEntity
  8
0
  6
Continuous
 62
     7
100
AcDbLine
 10
227.039094809762
 20
22.06304185227566
 30
0.0
 11
227.034731356462
 21
22.56302987185563
 31
0.0
  0
LINE
  5
10E7
330
231
100
AcDbEntity
  8
0
  6
Continuous
 62
     7
100
AcDbLine
 10
227.039094809762
 20
20.06304185177564
 30
0.0
 11
227.034731356462
 21
20.56302987135564
 31
0.0
  0
LINE
  5
10E8
330
231
100
AcDbEntity
  8
0
  6
Continuous
 62
     7
100
AcDbLine
 10
227.039094809762
 20
18.06304185127564
 30
0.0
 11
227.034731356462
 21
18.56302987085564
 31
0.0
  0
LINE
  5
10E9
330
231
100
AcDbEntity
  8
0
  6
Continuous
 62
     7
100
AcDbLine
 10
227.039094809762
 20
16.06304185331564
 30
0.0
 11
227.034731356462
 21
16.56302987289564
 31
0.0
  0
LINE
  5
10EA
330
231
100
AcDbEntity
  8
0
  6
Continuous
 62
     7
100
AcDbLine
 10
227.039094809762
 20
14.06304185281564
 30
0.0
 11
227.034731356462
 21
14.56302987239564
 31
0.0
  0
LINE
  5
10EB
330
231
100
AcDbEntity
  8
0
  6
Continuous
 62
     7
100
AcDbLine
 10
227.039094809762
 20
12.06304185231565
 30
0.0
 11
227.034731356462
 21
12.56302987189562
 31
0.0
  0
LINE
  5
10EC
330
231
100
AcDbEntity
  8
0
  6
Continuous
 62
     7
100
AcDbLine
 10
227.039094809762
 20
10.06304185181565
 30
0.0
 11
227.034731356462
 21
10.56302987139565
 31
0.0
  0
LINE
  5
10ED
330
231
100
AcDbEntity
  8
0
  6
Continuous
 62
     7
100
AcDbLine
 10
227.039094809762
 20
8.063041851315631
 30
0.0
 11
227.034731356462
 21
8.563029870895633
 31
0.0
  0
LINE
  5
10EE
330
231
100
AcDbEntity
  8
0
  6
Continuous
 62
     7
100
AcDbLine
 10
227.039094809762
 20
28.06304185123565
 30
0.0
 11
227.034731356462
 21
28.56302987335562
 31
0.0
  0
LINE
  5
10EF
330
231
100
AcDbEntity
  8
0
  6
Continuous
 62
     7
100
AcDbLine
 10
227.034731356462
 20
7.56305426099567
 30
0.0
 11
227.039094809762
 21
8.063041851315631
 31
0.0
  0
LINE
  5
10F0
330
231
100
AcDbEntity
  8
0
  6
Continuous
 62
     7
100
AcDbLine
 10
227.034731356462
 20
9.563054261495665
 30
0.0
 11
227.039094809762
 21
10.06304185181565
 31
0.0
  0
LINE
  5
10F1
330
231
100
AcDbEntity
  8
0
  6
Continuous
 62
     7
100
AcDbLine
 10
227.034731356462
 20
11.56305426199566
 30
0.0
 11
227.039094809762
 21
12.06304185231565
 31
0.0
  0
LINE
  5
10F2
330
231
100
AcDbEntity
  8
0
  6
Continuous
 62
     7
100
AcDbLine
 10
227.034731356462
 20
13.56305425995566
 30
0.0
 11
227.039094809762
 21
14.06304185281564
 31
0.0
  0
LINE
  5
10F3
330
231
100
AcDbEntity
  8
0
  6
Continuous
 62
     7
100
AcDbLine
 10
227.034731356462
 20
15.56305426045566
 30
0.0
 11
227.039094809762
 21
16.06304185331564
 31
0.0
  0
LINE
  5
10F4
330
231
100
AcDbEntity
  8
0
  6
Continuous
 62
     7
100
AcDbLine
 10
227.034731356462
 20
17.56305426095568
 30
0.0
 11
227.039094809762
 21
18.06304185127564
 31
0.0
  0
LINE
  5
10F5
330
231
100
AcDbEntity
  8
0
  6
Continuous
 62
     7
100
AcDbLine
 10
227.034731356462
 20
19.56305426145565
 30
0.0
 11
227.039094809762
 21
20.06304185177564
 31
0.0
  0
LINE
  5
10F6
330
231
100
AcDbEntity
  8
0
  6
Continuous
 62
     7
100
AcDbLine
 10
227.034731356462
 20
21.56305426195564
 30
0.0
 11
227.039094809762
 21
22.06304185227566
 31
0.0
  0
LINE
  5
10F7
330
231
100
AcDbEntity
  8
0
  6
Continuous
 62
     7
100
AcDbLine
 10
227.034731356462
 20
23.56305425991565
 30
0.0
 11
227.039094809762
 21
24.06304185277563
 31
0.0
  0
LINE
  5
10F8
330
231
100
AcDbEntity
  8
0
  6
Continuous
 62
     7
100
AcDbLine
 10
227.034731356462
 20
25.56305426041561
 30
0.0
 11
227.039094809762
 21
26.06304185327565
 31
0.0
  0
LINE
  5
10F9
330
231
100
AcDbEntity
  8
0
  6
Continuous
 62
     7
100
AcDbLine
 10
227.030367903162
 20
14.06304185281564
 30
0.0
 11
227.034731356462
 21
13.56305425995566
 31
0.0
  0
LINE
  5
10FA
330
231
100
AcDbEntity
  8
0
  6
Continuous
 62
     7
100
AcDbLine
 10
227.034731356462
 20
18.56302987085564
 30
0.0
 11
227.030367903162
 21
18.06304185127564
 31
0.0
  0
LINE
  5
10FB
330
231
100
AcDbEntity
  8
0
  6
Continuous
 62
     7
100
AcDbLine
 10
227.030367903162
 20
12.06304185231565
 30
0.0
 11
227.034731356462
 21
11.56305426199566
 31
0.0
  0
LINE
  5
10FC
330
231
100
AcDbEntity
  8
0
  6
Continuous
 62
     7
100
AcDbLine
 10
227.030367903162
 20
10.06304185181565
 30
0.0
 11
227.034731356462
 21
9.563054261495665
 31
0.0
  0
LINE
  5
10FD
330
231
100
AcDbEntity
  8
0
  6
Continuous
 62
     7
100
AcDbLine
 10
227.030367903162
 20
8.063041851315631
 30
0.0
 11
227.034731356462
 21
7.56305426099567
 31
0.0
  0
LINE
  5
10FE
330
231
100
AcDbEntity
  8
0
  6
Continuous
 62
     7
100
AcDbLine
 10
227.030367903162
 20
28.06304185123565
 30
0.0
 11
227.034731356462
 21
27.56305426091564
 31
0.0
  0
LINE
  5
10FF
330
231
100
AcDbEntity
  8
0
  6
Continuous
 62
     7
100
AcDbLine
 10
227.034731356462
 20
28.56302987335562
 30
0.0
 11
227.030367903162
 21
28.06304185123565
 31
0.0
  0
LINE
  5
1100
330
231
100
AcDbEntity
  8
0
  6
Continuous
 62
     7
100
AcDbLine
 10
227.034731356462
 20
20.56302987135564
 30
0.0
 11
227.030367903162
 21
20.06304185177564
 31
0.0
  0
LINE
  5
1101
330
231
100
AcDbEntity
  8
0
  6
Continuous
 62
     7
100
AcDbLine
 10
227.034731356462
 20
8.563029870895633
 30
0.0
 11
227.030367903162
 21
8.063041851315631
 31
0.0
  0
LINE
  5
1102
330
231
100
AcDbEntity
  8
0
  6
Continuous
 62
     7
100
AcDbLine
 10
227.034731356462
 20
10.56302987139565
 30
0.0
 11
227.030367903162
 21
10.06304185181565
 31
0.0
  0
LINE
  5
1103
330
231
100
AcDbEntity
  8
0
  6
Continuous
 62
     7
100
AcDbLine
 10
227.030367903162
 20
26.06304185327565
 30
0.0
 11
227.034731356462
 21
25.56305426041561
 31
0.0
  0
LINE
  5
1104
330
231
100
AcDbEntity
  8
0
  6
Continuous
 62
     7
100
AcDbLine
 10
227.034731356462
 20
22.56302987185563
 30
0.0
 11
227.030367903162
 21
22.06304185227566
 31
0.0
  0
LINE
  5
1105
330
231
100
AcDbEntity
  8
0
  6
Continuous
 62
     7
100
AcDbLine
 10
227.034731356462
 20
12.56302987189562
 30
0.0
 11
227.030367903162
 21
12.06304185231565
 31
0.0
  0
LINE
  5
1106
330
231
100
AcDbEntity
  8
0
  6
Continuous
 62
     7
100
AcDbLine
 10
227.034731356462
 20
24.56302987235566
 30
0.0
 11
227.030367903162
 21
24.06304185277563
 31
0.0
  0
LINE
  5
1107
330
231
100
AcDbEntity
  8
0
  6
Continuous
 62
     7
100
AcDbLine
 10
227.030367903162
 20
24.06304185277563
 30
0.0
 11
227.034731356462
 21
23.56305425991565
 31
0.0
  0
LINE
  5
1108
330
231
100
AcDbEntity
  8
0
  6
Continuous
 62
     7
100
AcDbLine
 10
227.030367903162
 20
22.06304185227566
 30
0.0
 11
227.034731356462
 21
21.56305426195564
 31
0.0
  0
LINE
  5
1109
330
231
100
AcDbEntity
  8
0
  6
Continuous
 62
     7
100
AcDbLine
 10
227.034731356462
 20
26.56302987285565
 30
0.0
 11
227.030367903162
 21
26.06304185327565
 31
0.0
  0
LINE
  5
110A
330
231
100
AcDbEntity
  8
0
  6
Continuous
 62
     7
100
AcDbLine
 10
227.030367903162
 20
20.06304185177564
 30
0.0
 11
227.034731356462
 21
19.56305426145565
 31
0.0
  0
LINE
  5
110B
330
231
100
AcDbEntity
  8
0
  6
Continuous
 62
     7
100
AcDbLine
 10
227.034731356462
 20
14.56302987239564
 30
0.0
 11
227.030367903162
 21
14.06304185281564
 31
0.0
  0
LINE
  5
110C
330
231
100
AcDbEntity
  8
0
  6
Continuous
 62
     7
100
AcDbLine
 10
227.030367903162
 20
18.06304185127564
 30
0.0
 11
227.034731356462
 21
17.56305426095568
 31
0.0
  0
LINE
  5
110D
330
231
100
AcDbEntity
  8
0
  6
Continuous
 62
     7
100
AcDbLine
 10
227.030367903162
 20
16.06304185331564
 30
0.0
 11
227.034731356462
 21
15.56305426045566
 31
0.0
  0
LINE
  5
110E
330
231
100
AcDbEntity
  8
0
  6
Continuous
 62
     7
100
AcDbLine
 10
227.034731356462
 20
16.56302987289564
 30
0.0
 11
227.030367903162
 21
16.06304185331564
 31
0.0
  0
LINE
  5
110F
330
231
100
AcDbEntity
  8
0
  6
Continuous
 62
     7
100
AcDbLine
 10
-22.04597997819803
 20
84.52005906249491
 30
0.0
 11
-23.545922860958
 21
84.52005908535488
 31
0.0
  0
LINE
  5
1110
330
231
100
AcDbEntity
  8
0
  6
Continuous
 62
     7
100
AcDbLine
 10
62.70618839876198
 20
84.52005906249491
 30
0.0
 11
61.20624551346196
 21
84.52005908535488
 31
0.0
  0
LINE
  5
1111
330
231
100
AcDbEntity
  8
0
  6
Continuous
 62
     7
100
AcDbLine
 10
-23.545922860958
 20
-56.55151347862433
 30
0.0
 11
-22.04597997819803
 21
-56.55151350148435
 31
0.0
  0
LINE
  5
1112
330
231
100
AcDbEntity
  8
0
  6
Continuous
 62
     7
100
AcDbLine
 10
61.20624551346196
 20
-56.55151347862433
 30
0.0
 11
62.70618839876198
 21
-56.55151350148435
 31
0.0
  0
ELLIPSE
  5
1138
330
231
100
AcDbEntity
  8
0
  6
Continuous
 62
     7
100
AcDbEllipse
 10
23.00998645782198
 20
-25.16950415488435
 30
0.0
 11
0.50000000076
 21
0.0
 31
0.0
210
0.0
220
0.0
230
1.0
 40
0.0087268678
 41
0.0348969024994358
 42
1.57078664590002
  0
ELLIPSE
  5
1139
330
231
100
AcDbEntity
  8
0
  6
Continuous
 62
     7
100
AcDbEllipse
 10
16.150279079982
 20
-25.16950415488435
 30
0.0
 11
0.50000000076
 21
0.0
 31
0.0
210
0.0
220
0.0
230
1.0
 40
0.0087268678
 41
1.570796326800012
 42
3.106686068502033
  0
ELLIPSE
  5
113A
330
231
100
AcDbEntity
  8
0
  6
Continuous
 62
     7
100
AcDbEllipse
 10
61.330075651882
 20
-23.68690077262434
 30
0.0
 11
1.060740946839999
 21
-1.060740946839999
 31
0.0
210
0.0
220
0.0
230
1.0
 40
0.9999238504999999
 41
-0.785364036099975
 42
0.7853640365999893
  0
ELLIPSE
  5
113B
102
{ACAD_REACTORS
330
1275
102
}
330
231
100
AcDbEntity
  8
0
  6
Continuous
 62
     7
100
AcDbEllipse
 10
61.330075651882
 20
59.81298499333565
 30
0.0
 11
1.060740946839999
 21
1.060740946839999
 31
0.0
210
0.0
220
0.0
230
1.0
 40
0.9999238504999999
 41
-0.7853640361000132
 42
0.7853640366000257
  0
ELLIPSE
  5
113C
102
{ACAD_REACTORS
330
128F
102
}
330
231
100
AcDbEntity
  8
0
  6
Continuous
 62
     7
100
AcDbEllipse
 10
-22.16981011407802
 20
59.81298499333565
 30
0.0
 11
-1.060740946839999
 21
1.060740946839999
 31
0.0
210
0.0
220
0.0
230
1.0
 40
0.9999238504999999
 41
-0.7853637958000093
 42
0.7853637963000084
  0
ELLIPSE
  5
113D
102
{ACAD_REACTORS
330
128F
102
}
330
231
100
AcDbEntity
  8
0
  6
Continuous
 62
     7
100
AcDbEllipse
 10
-22.16981011407802
 20
-23.68690077262434
 30
0.0
 11
-1.060740946839999
 21
-1.060740946839999
 31
0.0
210
0.0
220
0.0
230
1.0
 40
0.9999238504999999
 41
-0.7853637958000102
 42
0.7853637962999827
  0
ELLIPSE
  5
113E
330
231
100
AcDbEntity
  8
0
  6
Continuous
 62
     7
100
AcDbEllipse
 10
62.77314634206198
 20
21.25304211083562
 30
0.0
 11
0.0
 21
1.559999999119999
 31
0.0
210
0.0
220
0.0
230
1.0
 40
0.0087268678
 41
0.0
 42
1.570796326799979
  0
ELLIPSE
  5
113F
330
231
100
AcDbEntity
  8
0
  6
Continuous
 62
     7
100
AcDbEllipse
 10
62.77314634206198
 20
14.87304210987565
 30
0.0
 11
0.0
 21
1.559999999119999
 31
0.0
210
0.0
220
0.0
230
1.0
 40
0.0087268678
 41
-4.712388980399993
 42
-3.141592653602319
  0
ELLIPSE
  5
1140
330
231
100
AcDbEntity
  8
0
  6
Continuous
 62
     7
100
AcDbEllipse
 10
62.77314634206198
 20
-0.1671416857443546
 30
0.0
 11
0.0
 21
1.560000001659999
 31
0.0
210
0.0
220
0.0
230
1.0
 40
0.0087268678
 41
-4.712388980399993
 42
-3.141592653602319
  0
ELLIPSE
  5
1141
330
231
100
AcDbEntity
  8
0
  6
Continuous
 62
     7
100
AcDbEllipse
 10
62.77314634206198
 20
6.212858312675649
 30
0.0
 11
0.0
 21
1.560000001659999
 31
0.0
210
0.0
220
0.0
230
1.0
 40
0.0087268678
 41
0.0
 42
1.570796326799998
  0
ELLIPSE
  5
1142
330
231
100
AcDbEntity
  8
0
  6
Continuous
 62
     7
100
AcDbEllipse
 10
62.76075416974197
 20
39.41304211029564
 30
0.0
 11
0.0
 21
0.9999999989799999
 31
0.0
210
0.0
220
0.0
230
1.0
 40
0.0087268678
 41
-4.71238898039998
 42
-3.14159265360282
  0
ELLIPSE
  5
1143
330
231
100
AcDbEntity
  8
0
  6
Continuous
 62
     7
100
AcDbEllipse
 10
62.76075416974197
 20
42.71304210921567
 30
0.0
 11
0.0
 21
0.9999999989799999
 31
0.0
210
0.0
220
0.0
230
1.0
 40
0.0087268678
 41
0.0
 42
1.570796326800012
  0
ELLIPSE
  5
1144
330
231
100
AcDbEntity
  8
0
  6
Continuous
 62
     7
100
AcDbEllipse
 10
62.76075416974197
 20
29.91304211109565
 30
0.0
 11
0.0
 21
0.9999999989799999
 31
0.0
210
0.0
220
0.0
230
1.0
 40
0.0087268678
 41
-4.71238898039998
 42
-3.14159265360282
  0
ELLIPSE
  5
1145
330
231
100
AcDbEntity
  8
0
  6
Continuous
 62
     7
100
AcDbEllipse
 10
62.76075416974197
 20
33.21304211001566
 30
0.0
 11
0.0
 21
0.9999999989799999
 31
0.0
210
0.0
220
0.0
230
1.0
 40
0.0087268678
 41
0.0
 42
1.570796326799984
  0
ELLIPSE
  5
1146
330
231
100
AcDbEntity
  8
0
  6
Continuous
 62
     7
100
AcDbEllipse
 10
62.76642663236192
 20
-12.68695789066436
 30
0.0
 11
0.0
 21
0.50000000076
 31
0.0
210
0.0
220
0.0
230
1.0
 40
0.0087268678
 41
0.0
 42
3.141592653589793
  0
ELLIPSE
  5
1147
330
231
100
AcDbEntity
  8
0
  6
Continuous
 62
     7
100
AcDbEllipse
 10
62.76642663236192
 20
47.81304210985564
 30
0.0
 11
0.0
 21
0.50000000076
 31
0.0
210
0.0
220
0.0
230
1.0
 40
0.0087268678
 41
0.0
 42
3.141592653589793
  0
ELLIPSE
  5
1148
330
231
100
AcDbEntity
  8
0
  6
Continuous
 62
     7
100
AcDbEllipse
 10
62.76642663236192
 20
26.06304210981566
 30
0.0
 11
0.0
 21
0.50000000076
 31
0.0
210
0.0
220
0.0
230
1.0
 40
0.0087268678
 41
0.0
 42
3.141592653589793
  0
ELLIPSE
  5
1149
330
231
100
AcDbEntity
  8
0
  6
Continuous
 62
     7
100
AcDbEllipse
 10
62.77838246316196
 20
-0.1671416857443546
 30
0.0
 11
0.0
 21
1.560000001659999
 31
0.0
210
0.0
220
0.0
230
1.0
 40
0.0087268678
 41
-3.141592653602319
 42
-1.570796326799998
  0
ELLIPSE
  5
114A
330
231
100
AcDbEntity
  8
0
  6
Continuous
 62
     7
100
AcDbEllipse
 10
62.77838246316196
 20
6.212858312675649
 30
0.0
 11
0.0
 21
1.560000001659999
 31
0.0
210
0.0
220
0.0
230
1.0
 40
0.0087268678
 41
-1.570796326799998
 42
0.0
  0
ELLIPSE
  5
114B
330
231
100
AcDbEntity
  8
0
  6
Continuous
 62
     7
100
AcDbEllipse
 10
62.77209909752196
 20
39.41304211029564
 30
0.0
 11
0.0
 21
0.9999999989799999
 31
0.0
210
0.0
220
0.0
230
1.0
 40
0.0087268678
 41
-3.14159265360282
 42
-2.60346935449733
  0
ELLIPSE
  5
114C
330
231
100
AcDbEntity
  8
0
  6
Continuous
 62
     7
100
AcDbEllipse
 10
62.77209909752196
 20
42.71304210921567
 30
0.0
 11
0.0
 21
0.9999999989799999
 31
0.0
210
0.0
220
0.0
230
1.0
 40
0.0087268678
 41
-0.5381232986936411
 42
0.0
  0
ELLIPSE
  5
114D
330
231
100
AcDbEntity
  8
0
  6
Continuous
 62
     7
100
AcDbEllipse
 10
62.77209909752196
 20
29.91304211109565
 30
0.0
 11
0.0
 21
0.9999999989799999
 31
0.0
210
0.0
220
0.0
230
1.0
 40
0.0087268678
 41
-3.14159265360282
 42
-2.603469354497344
  0
ELLIPSE
  5
114E
330
231
100
AcDbEntity
  8
0
  6
Continuous
 62
     7
100
AcDbEllipse
 10
62.77209909752196
 20
33.21304211001566
 30
0.0
 11
0.0
 21
0.9999999989799999
 31
0.0
210
0.0
220
0.0
230
1.0
 40
0.0087268678
 41
-0.538123298693626
 42
0.0
  0
ELLIPSE
  5
114F
330
231
100
AcDbEntity
  8
0
  6
Continuous
 62
     7
100
AcDbEllipse
 10
62.77838246316196
 20
14.87304210987565
 30
0.0
 11
0.0
 21
1.559999999119999
 31
0.0
210
0.0
220
0.0
230
1.0
 40
0.0087268678
 41
-3.141592653602319
 42
-1.570796326800016
  0
ELLIPSE
  5
1150
330
231
100
AcDbEntity
  8
0
  6
Continuous
 62
     7
100
AcDbEllipse
 10
62.77838246316196
 20
21.25304211083562
 30
0.0
 11
0.0
 21
1.559999999119999
 31
0.0
210
0.0
220
0.0
230
1.0
 40
0.0087268678
 41
-1.570796326799979
 42
0.0
  0
ELLIPSE
  5
1151
330
231
100
AcDbEntity
  8
0
  6
Continuous
 62
     7
100
AcDbEllipse
 10
91.48534415250201
 20
5.945205213235652
 30
0.0
 11
0.1699960786
 21
0.01410332714
 31
0.0
210
0.0
220
0.0
230
1.0
 40
0.0818728023
 41
-0.7017396978001465
 42
-0.6565113719014955
  0
ELLIPSE
  5
1152
330
231
100
AcDbEntity
  8
0
  6
Continuous
 62
     7
100
AcDbEllipse
 10
91.48534415250201
 20
21.01007827621564
 30
0.0
 11
0.16999607606
 21
0.01410338302
 31
0.0
210
0.0
220
0.0
230
1.0
 40
0.0818964161
 41
-0.7017416833997814
 42
-0.6565133575001978
  0
ELLIPSE
  5
1153
330
231
100
AcDbEntity
  8
0
  6
Continuous
 62
     7
100
AcDbEllipse
 10
91.12534415368196
 20
-1.516965201484339
 30
0.0
 11
0.19999999878
 21
0.0
 31
0.0
210
0.0
220
0.0
230
1.0
 40
0.500029761
 41
-1.570796326800012
 42
0.0
  0
ELLIPSE
  5
1154
330
231
100
AcDbEntity
  8
0
  6
Continuous
 62
     7
100
AcDbEllipse
 10
91.12534415368196
 20
7.563034794435679
 30
0.0
 11
0.19999999878
 21
0.0
 31
0.0
210
0.0
220
0.0
230
1.0
 40
0.4999702386000001
 41
0.0
 42
1.570796326800012
  0
ELLIPSE
  5
1155
330
231
100
AcDbEntity
  8
0
  6
Continuous
 62
     7
100
AcDbEllipse
 10
91.12534415368196
 20
13.54802762249568
 30
0.0
 11
0.19999999878
 21
0.0
 31
0.0
210
0.0
220
0.0
230
1.0
 40
0.500053538
 41
-1.570796326800012
 42
0.0
  0
ELLIPSE
  5
1156
330
231
100
AcDbEntity
  8
0
  6
Continuous
 62
     7
100
AcDbEllipse
 10
91.12534415368196
 20
22.62802761079564
 30
0.0
 11
0.19999999878
 21
0.0
 31
0.0
210
0.0
220
0.0
230
1.0
 40
0.4999464606
 41
0.0
 42
1.570796326800012
  0
ELLIPSE
  5
1157
330
231
100
AcDbEntity
  8
0
  6
Continuous
 62
     7
100
AcDbEllipse
 10
182.6221583225019
 20
-25.16950415488435
 30
0.0
 11
0.50000000076
 21
0.0
 31
0.0
210
0.0
220
0.0
230
1.0
 40
0.0087268678
 41
1.570806007700005
 42
3.106695751096875
  0
ELLIPSE
  5
1158
330
231
100
AcDbEntity
  8
0
  6
Continuous
 62
     7
100
AcDbEllipse
 10
189.4818657003419
 20
-25.16950415488435
 30
0.0
 11
0.50000000076
 21
0.0
 31
0.0
210
0.0
220
0.0
230
1.0
 40
0.0087268678
 41
0.034906585003023
 42
1.570796326799898
  0
ELLIPSE
  5
1159
330
231
100
AcDbEntity
  8
0
  6
Continuous
 62
     7
100
AcDbEllipse
 10
144.302069128442
 20
-23.68690077262434
 30
0.0
 11
1.060740946839999
 21
1.060740946839999
 31
0.0
210
0.0
220
0.0
230
1.0
 40
0.9999238504999999
 41
-3.9269566902
 42
-2.356228617500055
  0
ELLIPSE
  5
115A
102
{ACAD_REACTORS
330
1327
102
}
330
231
100
AcDbEntity
  8
0
  6
Continuous
 62
     7
100
AcDbEllipse
 10
144.302069128442
 20
59.81298499333565
 30
0.0
 11
1.060740946839999
 21
-1.060740946839999
 31
0.0
210
0.0
220
0.0
230
1.0
 40
0.9999238504999999
 41
2.356228617000009
 42
3.926956689699995
  0
ELLIPSE
  5
115B
330
231
100
AcDbEntity
  8
0
  6
Continuous
 62
     7
100
AcDbEllipse
 10
227.801954894402
 20
59.81298499333565
 30
0.0
 11
1.060740946839999
 21
1.060740946839999
 31
0.0
210
0.0
220
0.0
230
1.0
 40
0.9999238504999999
 41
-0.7853637963000449
 42
0.7853637957999391
  0
ELLIPSE
  5
115C
330
231
100
AcDbEntity
  8
0
  6
Continuous
 62
     7
100
AcDbEllipse
 10
227.801954894402
 20
-23.68690077262434
 30
0.0
 11
-1.060740946839999
 21
1.060740946839999
 31
0.0
210
0.0
220
0.0
230
1.0
 40
0.9999238504999999
 41
-3.926956449900006
 42
-2.356228857799996
  0
ELLIPSE
  5
115D
330
231
100
AcDbEntity
  8
0
  6
Continuous
 62
     7
100
AcDbEllipse
 10
145.053846088182
 20
21.25304211083562
 30
0.0
 11
0.0
 21
1.559999999119999
 31
0.0
210
0.0
220
0.0
230
1.0
 40
0.0087268678
 41
6.283185307204638
 42
7.853981633999989
  0
ELLIPSE
  5
115E
330
231
100
AcDbEntity
  8
0
  6
Continuous
 62
     7
100
AcDbEllipse
 10
145.053846088182
 20
14.87304210987565
 30
0.0
 11
0.0
 21
1.559999999119999
 31
0.0
210
0.0
220
0.0
230
1.0
 40
0.0087268678
 41
1.570796326800016
 42
3.141592653598143
  0
ELLIPSE
  5
115F
330
231
100
AcDbEntity
  8
0
  6
Continuous
 62
     7
100
AcDbEllipse
 10
145.060129453822
 20
33.21304211001566
 30
0.0
 11
0.0
 21
0.9999999989799999
 31
0.0
210
0.0
220
0.0
230
1.0
 40
0.0087268678
 41
0.0
 42
1.570796326799984
  0
ELLIPSE
  5
1160
330
231
100
AcDbEntity
  8
0
  6
Continuous
 62
     7
100
AcDbEllipse
 10
145.060129453822
 20
29.91304211109565
 30
0.0
 11
0.0
 21
0.9999999989799999
 31
0.0
210
0.0
220
0.0
230
1.0
 40
0.0087268678
 41
-4.71238898039998
 42
-3.14159265360282
  0
ELLIPSE
  5
1161
330
231
100
AcDbEntity
  8
0
  6
Continuous
 62
     7
100
AcDbEllipse
 10
145.060129453822
 20
39.41304211029564
 30
0.0
 11
0.0
 21
0.9999999989799999
 31
0.0
210
0.0
220
0.0
230
1.0
 40
0.0087268678
 41
-4.71238898039998
 42
-3.14159265360282
  0
ELLIPSE
  5
1162
330
231
100
AcDbEntity
  8
0
  6
Continuous
 62
     7
100
AcDbEllipse
 10
145.060129453822
 20
42.71304210921567
 30
0.0
 11
0.0
 21
0.9999999989799999
 31
0.0
210
0.0
220
0.0
230
1.0
 40
0.0087268678
 41
0.0
 42
1.570796326800012
  0
ELLIPSE
  5
1163
330
231
100
AcDbEntity
  8
0
  6
Continuous
 62
     7
100
AcDbEllipse
 10
145.053846088182
 20
-0.1671416857443546
 30
0.0
 11
0.0
 21
1.560000001659999
 31
0.0
210
0.0
220
0.0
230
1.0
 40
0.0087268678
 41
-4.712388980399993
 42
-3.141592653606494
  0
ELLIPSE
  5
1164
330
231
100
AcDbEntity
  8
0
  6
Continuous
 62
     7
100
AcDbEllipse
 10
145.053846088182
 20
6.212858312675649
 30
0.0
 11
0.0
 21
1.560000001659999
 31
0.0
210
0.0
220
0.0
230
1.0
 40
0.0087268678
 41
0.0
 42
1.570796326799998
  0
ELLIPSE
  5
1165
330
231
100
AcDbEntity
  8
0
  6
Continuous
 62
     7
100
AcDbEllipse
 10
145.502114823342
 20
58.61293929843566
 30
0.0
 11
-0.35358031646
 21
0.35358031646
 31
0.0
210
0.0
220
0.0
230
1.0
 40
0.9999238504999997
 41
-0.785360087199897
 42
0.7853600872000773
  0
ELLIPSE
  5
1166
330
231
100
AcDbEntity
  8
0
  6
Continuous
 62
     7
100
AcDbEllipse
 10
224.7262442360819
 20
-22.90222350022435
 30
0.0
 11
0.50000000076
 21
0.0
 31
0.0
210
0.0
220
0.0
230
1.0
 40
0.0087268678
 41
-1.570796326799898
 42
-0.0261799388008957
  0
ELLIPSE
  5
1167
330
231
100
AcDbEntity
  8
0
  6
Continuous
 62
     7
100
AcDbEllipse
 10
226.5006775325219
 20
-22.38562341074436
 30
0.0
 11
-0.35358031646
 21
0.35358031646
 31
0.0
210
0.0
220
0.0
230
1.0
 40
0.9999238504999997
 41
-3.926952740799898
 42
-2.356232566399945
  0
ELLIPSE
  5
1168
330
231
100
AcDbEntity
  8
0
  6
Continuous
 62
     7
100
AcDbEllipse
 10
226.601909199502
 20
-22.48685507772436
 30
0.0
 11
0.35358031646
 21
-0.35358031646
 31
0.0
210
0.0
220
0.0
230
1.0
 40
0.9999238504999997
 41
-0.7853600872000577
 42
0.7853600872000169
  0
ELLIPSE
  5
1169
330
231
100
AcDbEntity
  8
0
  6
Continuous
 62
     7
100
AcDbEllipse
 10
145.059082209282
 20
14.87304210987565
 30
0.0
 11
0.0
 21
1.559999999119999
 31
0.0
210
0.0
220
0.0
230
1.0
 40
0.0087268678
 41
-3.141592653598143
 42
-2.510347584800312
  0
ELLIPSE
  5
116A
330
231
100
AcDbEntity
  8
0
  6
Continuous
 62
     7
100
AcDbEllipse
 10
145.059082209282
 20
21.25304211083562
 30
0.0
 11
0.0
 21
1.559999999119999
 31
0.0
210
0.0
220
0.0
230
1.0
 40
0.0087268678
 41
-0.5787211161051911
 42
0.0
  0
ELLIPSE
  5
116B
330
231
100
AcDbEntity
  8
0
  6
Continuous
 62
     7
100
AcDbEllipse
 10
145.0658019189819
 20
26.06304210981566
 30
0.0
 11
0.0
 21
0.50000000076
 31
0.0
210
0.0
220
0.0
230
1.0
 40
0.0087268678
 41
0.0
 42
6.2831853072
  0
ELLIPSE
  5
116C
330
231
100
AcDbEntity
  8
0
  6
Continuous
 62
     7
100
AcDbEllipse
 10
145.0658019189819
 20
47.81304210985564
 30
0.0
 11
0.0
 21
0.50000000076
 31
0.0
210
0.0
220
0.0
230
1.0
 40
0.0087268678
 41
0.0
 42
6.2831853072
  0
ELLIPSE
  5
116D
330
231
100
AcDbEntity
  8
0
  6
Continuous
 62
     7
100
AcDbEllipse
 10
226.5006775325219
 20
58.51170763145569
 30
0.0
 11
0.35358031646
 21
0.35358031646
 31
0.0
210
0.0
220
0.0
230
1.0
 40
0.9999238504999997
 41
-0.7853600872000577
 42
0.7853600871998561
  0
ELLIPSE
  5
116E
330
231
100
AcDbEntity
  8
0
  6
Continuous
 62
     7
100
AcDbEllipse
 10
145.0658019189819
 20
-12.68695789066436
 30
0.0
 11
0.0
 21
0.50000000076
 31
0.0
210
0.0
220
0.0
230
1.0
 40
0.0087268678
 41
0.0
 42
6.2831853072
  0
ELLIPSE
  5
116F
330
231
100
AcDbEntity
  8
0
  6
Continuous
 62
     7
100
AcDbEllipse
 10
145.0714743841419
 20
29.91304211109565
 30
0.0
 11
0.0
 21
0.9999999989799999
 31
0.0
210
0.0
220
0.0
230
1.0
 40
0.0087268678
 41
-3.141592653589793
 42
-2.60346935490444
  0
ELLIPSE
  5
1170
330
231
100
AcDbEntity
  8
0
  6
Continuous
 62
     7
100
AcDbEllipse
 10
145.0714743841419
 20
33.21304211001566
 30
0.0
 11
0.0
 21
0.9999999989799999
 31
0.0
210
0.0
220
0.0
230
1.0
 40
0.0087268678
 41
-0.538123299095143
 42
0.0
  0
ELLIPSE
  5
1171
330
231
100
AcDbEntity
  8
0
  6
Continuous
 62
     7
100
AcDbEllipse
 10
145.0714743841419
 20
39.41304211029564
 30
0.0
 11
0.0
 21
0.9999999989799999
 31
0.0
210
0.0
220
0.0
230
1.0
 40
0.0087268678
 41
-3.141592653589793
 42
-2.60346935490444
  0
ELLIPSE
  5
1172
330
231
100
AcDbEntity
  8
0
  6
Continuous
 62
     7
100
AcDbEllipse
 10
145.0714743841419
 20
42.71304210921567
 30
0.0
 11
0.0
 21
0.9999999989799999
 31
0.0
210
0.0
220
0.0
230
1.0
 40
0.0087268678
 41
-0.538123299095143
 42
0.0
  0
ELLIPSE
  5
1173
330
231
100
AcDbEntity
  8
0
  6
Continuous
 62
     7
100
AcDbEllipse
 10
145.059082209282
 20
-0.1671416857443546
 30
0.0
 11
0.0
 21
1.560000001659999
 31
0.0
210
0.0
220
0.0
230
1.0
 40
0.0087268678
 41
-3.141592653598143
 42
-2.538341016202845
  0
ELLIPSE
  5
1174
330
231
100
AcDbEntity
  8
0
  6
Continuous
 62
     7
100
AcDbEllipse
 10
145.059082209282
 20
6.212858312675649
 30
0.0
 11
0.0
 21
1.560000001659999
 31
0.0
210
0.0
220
0.0
230
1.0
 40
0.0087268678
 41
-0.603171586303529
 42
0.0
  0
ELLIPSE
  5
1175
330
231
100
AcDbEntity
  8
0
  6
Continuous
 62
     7
100
AcDbEllipse
 10
145.603346490322
 20
58.51170763145569
 30
0.0
 11
0.35358031646
 21
-0.35358031646
 31
0.0
210
0.0
220
0.0
230
1.0
 40
0.9999238504999997
 41
2.356232566399914
 42
3.926952740799979
  0
ELLIPSE
  5
1176
330
231
100
AcDbEntity
  8
0
  6
Continuous
 62
     7
100
AcDbEllipse
 10
189.4818657003419
 20
-22.96942038132437
 30
0.0
 11
0.50000000076
 21
0.0
 31
0.0
210
0.0
220
0.0
230
1.0
 40
0.0087268678
 41
0.034906585003023
 42
1.570796326799898
  0
ELLIPSE
  5
1177
330
231
100
AcDbEntity
  8
0
  6
Continuous
 62
     7
100
AcDbEllipse
 10
182.6221583225019
 20
-22.96942038132437
 30
0.0
 11
0.50000000076
 21
0.0
 31
0.0
210
0.0
220
0.0
230
1.0
 40
0.0087268678
 41
1.570806007700005
 42
3.106695751096875
  0
ELLIPSE
  5
1178
330
231
100
AcDbEntity
  8
0
  6
Continuous
 62
     7
100
AcDbEllipse
 10
145.502114823342
 20
-22.48685507772436
 30
0.0
 11
-0.35358031646
 21
-0.35358031646
 31
0.0
210
0.0
220
0.0
230
1.0
 40
0.9999238504999997
 41
-0.7853600871999769
 42
0.785360087199897
  0
ELLIPSE
  5
1179
330
231
100
AcDbEntity
  8
0
  6
Continuous
 62
     7
100
AcDbEllipse
 10
147.3777797867619
 20
-22.90222350022435
 30
0.0
 11
0.50000000076
 21
0.0
 31
0.0
210
0.0
220
0.0
230
1.0
 40
0.0087268678
 41
-3.115422498899957
 42
-1.570806109199841
  0
ELLIPSE
  5
117A
330
231
100
AcDbEntity
  8
0
  6
Continuous
 62
     7
100
AcDbEllipse
 10
145.603346490322
 20
-22.38562341074436
 30
0.0
 11
0.35358031646
 21
0.35358031646
 31
0.0
210
0.0
220
0.0
230
1.0
 40
0.9999238504999997
 41
2.356232566399965
 42
3.926952740800159
  0
ELLIPSE
  5
117B
330
231
100
AcDbEntity
  8
0
  6
Continuous
 62
     7
100
AcDbEllipse
 10
226.601909199502
 20
58.61293929843566
 30
0.0
 11
0.35358031646
 21
0.35358031646
 31
0.0
210
0.0
220
0.0
230
1.0
 40
0.9999238504999997
 41
-0.7853600872000977
 42
0.7853600872000977
  0
DIMENSION
  5
1229
102
{ACAD_XDICTIONARY
360
122A
102
}
102
{ACAD_REACTORS
330
122B
102
}
330
231
100
AcDbEntity
  8
DIM
100
AcDbDimension
  2
*D1
 10
55.84513276860201
 20
67.94540140742213
 30
0.0
 11
19.58013276890199
 21
67.94540140742213
 31
0.0
 70
    32
 71
     5
 42
72.52999999940005
 73
     0
 74
     0
 75
     0
  3
STANDARD
100
AcDbAlignedDimension
 13
-16.68486723079803
 23
54.32804211005566
 33
0.0
 14
55.84513276860201
 24
54.32804211005566
 34
0.0
 50
0.0
100
AcDbRotatedDimension
1001
ACAD
1000
DSTYLE
1002
{
1070
     3
1000
 TP VA
1070
   179
1070
     0
1070
   171
1070
     2
1070
    41
1040
2.0
1070
    79
1070
     0
1070
   343
1005
0
1070
   344
1005
0
1070
   141
1040
0.198
1070
   178
1070
   256
1070
    43
1040
0.8359999999999999
1070
   341
1005
0
1070
   272
1070
     4
1070
    73
1070
     0
1070
    48
1040
0.0
1070
    74
1070
     0
1070
    47
1040
0.0
1070
   140
1040
2.5
1070
   284
1070
     0
1070
    78
1070
     0
1002
}
  0
DIMENSION
  5
1244
102
{ACAD_XDICTIONARY
360
1245
102
}
102
{ACAD_REACTORS
330
1246
102
}
330
231
100
AcDbEntity
  8
DIM
100
AcDbDimension
  2
*D2
 10
-31.0619189026427
 20
-18.20195788934436
 30
0.0
 11
-31.0619189026427
 21
18.06304211035565
 31
0.0
 70
    32
 71
     5
 42
72.5299999994
 73
     0
 74
     0
 75
     0
  3
STANDARD
100
AcDbAlignedDimension
 13
-16.68486723079803
 23
54.32804211005566
 33
0.0
 14
-16.68486723079803
 24
-18.20195788934436
 34
0.0
 50
90.0
100
AcDbRotatedDimension
1001
ACAD
1000
DSTYLE
1002
{
1070
   342
1005
233
1070
   179
1070
     0
1070
   171
1070
     2
1070
    41
1040
2.0
1070
    79
1070
     0
1070
   343
1005
0
1070
   344
1005
0
1070
   141
1040
0.198
1070
   178
1070
   256
1070
    43
1040
0.8359999999999999
1070
   341
1005
0
1070
     3
1000
 TP VA
1070
   272
1070
     4
1070
    73
1070
     0
1070
    48
1040
0.0
1070
    74
1070
     0
1070
    47
1040
0.0
1070
   140
1040
2.5
1070
   284
1070
     0
1070
    78
1070
     0
1002
}
1001
ACAD_DSTYLE_DIMINSPECT
1070
   393
1070
     0
1070
   394
1070
     0
1070
   395
1000

1070
   396
1000

  0
DIMENSION
  5
1273
102
{ACAD_XDICTIONARY
360
1274
102
}
102
{ACAD_REACTORS
330
1275
102
}
330
231
100
AcDbEntity
  8
DIM
100
AcDbDimension
  2
*D3
 10
62.83013276966889
 20
72.93675782983696
 30
0.0
 11
19.58013276943545
 21
72.93675782983696
 31
0.0
 70
    32
 71
     5
 42
86.50000000046688
 73
     0
 74
     0
 75
     0
  3
STANDARD
100
AcDbAlignedDimension
 13
-23.66986723079799
 23
59.81309922475566
 33
0.0
 14
62.83013276966889
 24
59.8130933027054
 34
0.0
 50
0.0
100
AcDbRotatedDimension
1001
ACAD
1000
DSTYLE
1002
{
1070
   179
1070
     0
1070
   171
1070
     2
1070
    41
1040
2.0
1070
    79
1070
     0
1070
   343
1005
0
1070
   344
1005
0
1070
   141
1040
0.198
1070
   178
1070
   256
1070
    43
1040
0.8359999999999999
1070
   341
1005
0
1070
   272
1070
     4
1070
    73
1070
     0
1070
    48
1040
0.0
1070
    74
1070
     0
1070
    47
1040
0.0
1070
   140
1040
2.5
1070
   284
1070
     0
1070
    78
1070
     0
1002
}
  0
DIMENSION
  5
128D
102
{ACAD_XDICTIONARY
360
128E
102
}
102
{ACAD_REACTORS
330
128F
102
}
330
231
100
AcDbEntity
  8
DIM
100
AcDbDimension
  2
*D4
 10
-37.37367868384362
 20
-25.18695789041262
 30
0.0
 11
-37.37367868384361
 21
18.06304211035565
 31
0.0
 70
    32
 71
     5
 42
86.50000000153655
 73
     0
 74
     0
 75
     0
  3
STANDARD
100
AcDbAlignedDimension
 13
-22.1699187839115
 23
61.31304211112393
 33
0.0
 14
-22.16991878316151
 24
-25.18695789041262
 34
0.0
 50
90.0
100
AcDbRotatedDimension
1001
ACAD
1000
DSTYLE
1002
{
1070
   179
1070
     0
1070
   171
1070
     2
1070
    41
1040
2.0
1070
    79
1070
     0
1070
   343
1005
0
1070
   344
1005
0
1070
   141
1040
0.198
1070
   178
1070
   256
1070
    43
1040
0.8359999999999999
1070
   341
1005
0
1070
   272
1070
     4
1070
    73
1070
     0
1070
    48
1040
0.0
1070
    74
1070
     0
1070
    47
1040
0.0
1070
   140
1040
2.5
1070
   284
1070
     0
1070
    78
1070
     0
1002
}
  0
DIMENSION
  5
12A7
330
231
100
AcDbEntity
  8
DIM
100
AcDbDimension
  2
*D5
 10
-23.66986723079799
 20
67.94540140742213
 30
0.0
 11
-20.17736723079801
 21
67.94540140742213
 31
0.0
 70
    32
 71
     5
 42
6.984999999999956
 73
     0
 74
     0
 75
     0
  3
STANDARD
100
AcDbAlignedDimension
 13
-16.68486723079803
 23
68.07040140742214
 33
0.0
 14
-23.66986723079799
 24
68.07040140742214
 34
0.0
 50
0.0
100
AcDbRotatedDimension
1001
ACAD
1000
DSTYLE
1002
{
1070
   179
1070
     0
1070
   171
1070
     2
1070
    41
1040
2.0
1070
    79
1070
     0
1070
   343
1005
0
1070
   344
1005
0
1070
   141
1040
0.198
1070
   178
1070
   256
1070
    43
1040
0.8359999999999999
1070
   341
1005
0
1070
   272
1070
     4
1070
    73
1070
     0
1070
    48
1040
0.0
1070
    74
1070
     0
1070
    47
1040
0.0
1070
   140
1040
2.5
1070
   284
1070
     0
1070
    78
1070
     0
1002
}
  0
DIMENSION
  5
12BF
330
231
100
AcDbEntity
  8
DIM
100
AcDbDimension
  2
*D6
 10
-31.0619189026427
 20
61.31304211112393
 30
0.0
 11
-31.0619189026427
 21
57.8205421105898
 31
0.0
 70
    32
 71
     5
 42
6.985000001068264
 73
     0
 74
     0
 75
     0
  3
STANDARD
100
AcDbAlignedDimension
 13
-31.18691890264269
 23
54.32804211005566
 33
0.0
 14
-31.18691890264269
 24
61.31304211112393
 34
0.0
 50
90.0
100
AcDbRotatedDimension
1001
ACAD
1000
DSTYLE
1002
{
1070
   179
1070
     0
1070
   171
1070
     2
1070
    41
1040
2.0
1070
    79
1070
     0
1070
   343
1005
0
1070
   344
1005
0
1070
   141
1040
0.198
1070
   178
1070
   256
1070
    43
1040
0.8359999999999999
1070
   341
1005
0
1070
   272
1070
     4
1070
    73
1070
     0
1070
    48
1040
0.0
1070
    74
1070
     0
1070
    47
1040
0.0
1070
   140
1040
2.5
1070
   284
1070
     0
1070
    78
1070
     0
1002
}
  0
DIMENSION
  5
12D7
102
{ACAD_XDICTIONARY
360
12D8
102
}
102
{ACAD_REACTORS
330
12D9
102
}
330
231
100
AcDbEntity
  8
DIM
100
AcDbDimension
  2
*D7
 10
97.53534175276195
 20
70.59288961448505
 30
0.0
 11
90.28534175317199
 21
70.59288961448505
 31
0.0
 70
    32
 71
     5
 42
14.49999999917993
 73
     0
 74
     0
 75
     0
  3
STANDARD
100
AcDbAlignedDimension
 13
83.03534175358201
 23
60.88910916315462
 33
0.0
 14
97.53534175276195
 24
61.31304211005567
 34
0.0
 50
0.0
100
AcDbRotatedDimension
1001
ACAD
1000
DSTYLE
1002
{
1070
   179
1070
     0
1070
   171
1070
     2
1070
    41
1040
2.0
1070
    79
1070
     0
1070
   343
1005
0
1070
   344
1005
0
1070
   141
1040
0.198
1070
   178
1070
   256
1070
    43
1040
0.8359999999999999
1070
   341
1005
0
1070
   272
1070
     4
1070
    73
1070
     0
1070
    48
1040
0.0
1070
    74
1070
     0
1070
    47
1040
0.0
1070
   140
1040
2.5
1070
   284
1070
     0
1070
    78
1070
     0
1002
}
  0
DIMENSION
  5
12F1
102
{ACAD_XDICTIONARY
360
12F2
102
}
102
{ACAD_REACTORS
330
12F3
102
}
330
231
100
AcDbEntity
  8
DIM
100
AcDbDimension
  2
*D8
 10
221.0492003049419
 20
75.40936904034698
 30
0.0
 11
186.0506061582519
 21
75.40936904034698
 31
0.0
 70
    32
 71
     5
 42
69.99718829337997
 73
     0
 74
     0
 75
     0
  3
STANDARD
100
AcDbAlignedDimension
 13
151.0520120115619
 23
55.06304211071565
 33
0.0
 14
221.0492003049419
 24
55.05968792387566
 34
0.0
 50
0.0
100
AcDbRotatedDimension
1001
ACAD
1000
DSTYLE
1002
{
1070
   179
1070
     0
1070
   171
1070
     2
1070
    41
1040
2.0
1070
    79
1070
     0
1070
   343
1005
0
1070
   344
1005
0
1070
   141
1040
0.198
1070
   178
1070
   256
1070
    43
1040
0.8359999999999999
1070
   341
1005
0
1070
   272
1070
     4
1070
    73
1070
     0
1070
    48
1040
0.0
1070
    74
1070
     0
1070
    47
1040
0.0
1070
   140
1040
2.5
1070
   284
1070
     0
1070
    78
1070
     0
1002
}
  0
DIMENSION
  5
130B
102
{ACAD_XDICTIONARY
360
130C
102
}
102
{ACAD_REACTORS
330
130D
102
}
330
231
100
AcDbEntity
  8
DIM
100
AcDbDimension
  2
*D9
 10
133.4027376645408
 20
-18.93695789000435
 30
0.0
 11
133.4027376645408
 21
18.06304211035565
 31
0.0
 70
    32
 71
     5
 42
74.00000000072001
 73
     0
 74
     0
 75
     0
  3
STANDARD
100
AcDbAlignedDimension
 13
151.0520120115619
 23
55.06304211071565
 33
0.0
 14
151.0520120115619
 24
-18.93695789000435
 34
0.0
 50
90.0
100
AcDbRotatedDimension
1001
ACAD
1000
DSTYLE
1002
{
1070
   179
1070
     0
1070
   171
1070
     2
1070
    41
1040
2.0
1070
    79
1070
     0
1070
   343
1005
0
1070
   344
1005
0
1070
   141
1040
0.198
1070
   178
1070
   256
1070
    43
1040
0.8359999999999999
1070
   341
1005
0
1070
   272
1070
     4
1070
    73
1070
     0
1070
    48
1040
0.0
1070
    74
1070
     0
1070
    47
1040
0.0
1070
   140
1040
2.5
1070
   284
1070
     0
1070
    78
1070
     0
1002
}
  0
DIMENSION
  5
1325
102
{ACAD_XDICTIONARY
360
1326
102
}
102
{ACAD_REACTORS
330
1327
102
}
330
231
100
AcDbEntity
  8
DIM
100
AcDbDimension
  2
*D10
 10
142.8020120106551
 20
75.40936904034698
 30
0.0
 11
146.9270120111085
 21
75.40936904034698
 31
0.0
 70
    32
 71
     5
 42
8.250000000906851
 73
     0
 74
     0
 75
     0
  3
STANDARD
100
AcDbAlignedDimension
 13
151.0520120115619
 23
55.06304211071565
 33
0.0
 14
142.8020120106551
 24
59.81309330269011
 34
0.0
 50
0.0
100
AcDbRotatedDimension
1001
ACAD
1000
DSTYLE
1002
{
1070
   179
1070
     0
1070
   171
1070
     2
1070
    41
1040
2.0
1070
    79
1070
     0
1070
   343
1005
0
1070
   344
1005
0
1070
   141
1040
0.198
1070
   178
1070
   256
1070
    43
1040
0.8359999999999999
1070
   341
1005
0
1070
   272
1070
     4
1070
    73
1070
     0
1070
    48
1040
0.0
1070
    74
1070
     0
1070
    47
1040
0.0
1070
   140
1040
2.5
1070
   284
1070
     0
1070
    78
1070
     0
1002
}
  0
DIMENSION
  5
133F
102
{ACAD_XDICTIONARY
360
1340
102
}
102
{ACAD_REACTORS
330
1341
102
}
330
231
100
AcDbEntity
  8
DIM
100
AcDbDimension
  2
*D11
 10
133.4027376645408
 20
61.31304211005567
 30
0.0
 11
133.4027376645408
 21
58.18710943000567
 31
0.0
 70
    32
 71
     5
 42
6.251865360099998
 73
     0
 74
     0
 75
     0
  3
STANDARD
100
AcDbAlignedDimension
 13
151.049980730382
 23
55.06117674995568
 33
0.0
 14
144.3019548970219
 24
61.31304211005567
 34
0.0
 50
90.0
100
AcDbRotatedDimension
1001
ACAD
1000
DSTYLE
1002
{
1070
   179
1070
     0
1070
   171
1070
     2
1070
    41
1040
2.0
1070
    79
1070
     0
1070
   343
1005
0
1070
   344
1005
0
1070
   141
1040
0.198
1070
   178
1070
   256
1070
    43
1040
0.8359999999999999
1070
   341
1005
0
1070
   272
1070
     4
1070
    73
1070
     0
1070
    48
1040
0.0
1070
    74
1070
     0
1070
    47
1040
0.0
1070
   140
1040
2.5
1070
   284
1070
     0
1070
    78
1070
     0
1002
}
  0
DIMENSION
  5
1359
102
{ACAD_XDICTIONARY
360
135A
102
}
102
{ACAD_REACTORS
330
135B
102
}
330
231
100
AcDbEntity
  8
DIM
100
AcDbDimension
  2
*D12
 10
151.0515767444619
 20
70.17606404397371
 30
0.0
 11
168.3067943777219
 21
70.17606404397371
 31
0.0
 70
    32
 71
     5
 42
34.51043526651995
 73
     0
 74
     0
 75
     0
  3
STANDARD
100
AcDbAlignedDimension
 13
185.5620120109819
 23
45.56304210897565
 33
0.0
 14
151.0515767444619
 24
55.06324000719565
 34
0.0
 50
0.0
100
AcDbRotatedDimension
1001
ACAD
1000
DSTYLE
1002
{
1070
   179
1070
     0
1070
   171
1070
     2
1070
    41
1040
2.0
1070
    79
1070
     0
1070
   343
1005
0
1070
   344
1005
0
1070
   141
1040
0.198
1070
   178
1070
   256
1070
    43
1040
0.8359999999999999
1070
   341
1005
0
1070
   272
1070
     4
1070
    73
1070
     0
1070
    48
1040
0.0
1070
    74
1070
     0
1070
    47
1040
0.0
1070
   140
1040
2.5
1070
   284
1070
     0
1070
    78
1070
     0
1002
}
  0
DIMENSION
  5
1373
102
{ACAD_XDICTIONARY
360
1374
102
}
102
{ACAD_REACTORS
330
1375
102
}
330
231
100
AcDbEntity
  8
DIM
100
AcDbDimension
  2
*D13
 10
165.1220120122219
 20
65.6211504360192
 30
0.0
 11
158.0867943783419
 21
65.6211504360192
 31
0.0
 70
    32
 71
     5
 42
14.07043526775999
 73
     0
 74
     0
 75
     0
  3
STANDARD
100
AcDbAlignedDimension
 13
151.0515767444619
 23
55.06324000719565
 33
0.0
 14
165.1220120122219
 24
40.77804211079564
 34
0.0
 50
0.0
100
AcDbRotatedDimension
1001
ACAD
1000
DSTYLE
1002
{
1070
   179
1070
     0
1070
   171
1070
     2
1070
    41
1040
2.0
1070
    79
1070
     0
1070
   343
1005
0
1070
   344
1005
0
1070
   141
1040
0.198
1070
   178
1070
   256
1070
    43
1040
0.8359999999999999
1070
   341
1005
0
1070
   272
1070
     4
1070
    73
1070
     0
1070
    48
1040
0.0
1070
    74
1070
     0
1070
    47
1040
0.0
1070
   140
1040
2.5
1070
   284
1070
     0
1070
    78
1070
     0
1002
}
  0
DIMENSION
  5
13BF
102
{ACAD_XDICTIONARY
360
13C0
102
}
102
{ACAD_REACTORS
330
13C1
102
}
330
231
100
AcDbEntity
  8
DIM
100
AcDbDimension
  2
*D14
 10
137.1829555822968
 20
38.42804211052564
 30
0.0
 11
137.1829555822968
 21
46.74554211062065
 31
0.0
 70
    32
 71
     5
 42
16.63500000019002
 73
     0
 74
     0
 75
     0
  3
STANDARD
100
AcDbAlignedDimension
 13
151.0520120115619
 23
55.06304211071565
 33
0.0
 14
150.4220120117219
 24
38.42804211052564
 34
0.0
 50
90.0
100
AcDbRotatedDimension
1001
ACAD
1000
DSTYLE
1002
{
1070
   179
1070
     0
1070
   171
1070
     2
1070
    41
1040
2.0
1070
    79
1070
     0
1070
   343
1005
0
1070
   344
1005
0
1070
   141
1040
0.198
1070
   178
1070
   256
1070
    43
1040
0.8359999999999999
1070
   341
1005
0
1070
   272
1070
     4
1070
    73
1070
     0
1070
    48
1040
0.0
1070
    74
1070
     0
1070
    47
1040
0.0
1070
   140
1040
2.5
1070
   284
1070
     0
1070
    78
1070
     0
1002
}
  0
DIMENSION
  5
13D9
102
{ACAD_XDICTIONARY
360
13DA
102
}
102
{ACAD_REACTORS
330
13DB
102
}
330
231
100
AcDbEntity
  8
DIM
100
AcDbDimension
  2
*D15
 10
206.8554750191344
 20
55.05968792387566
 30
0.0
 11
206.8554750191344
 21
51.56136501705566
 31
0.0
 70
    32
 71
     5
 42
6.996645813639987
 73
     0
 74
     0
 75
     0
  3
STANDARD
100
AcDbAlignedDimension
 13
199.5620120119419
 23
48.06304211023567
 33
0.0
 14
221.0492003049419
 24
55.05968792387566
 34
0.0
 50
90.0
100
AcDbRotatedDimension
1001
ACAD
1000
DSTYLE
1002
{
1070
   179
1070
     0
1070
   171
1070
     2
1070
    41
1040
2.0
1070
    79
1070
     0
1070
   343
1005
0
1070
   344
1005
0
1070
   141
1040
0.198
1070
   178
1070
   256
1070
    43
1040
0.8359999999999999
1070
   341
1005
0
1070
   272
1070
     4
1070
    73
1070
     0
1070
    48
1040
0.0
1070
    74
1070
     0
1070
    47
1040
0.0
1070
   140
1040
2.5
1070
   284
1070
     0
1070
    78
1070
     0
1002
}
  0
DIMENSION
  5
13F3
102
{ACAD_XDICTIONARY
360
13F4
102
}
102
{ACAD_REACTORS
330
13F5
102
}
330
231
100
AcDbEntity
  8
DIM
100
AcDbDimension
  2
*D16
 10
77.195172310829
 20
31.56304211055566
 30
0.0
 11
77.195172310829
 21
36.31304211015566
 31
0.0
 70
    32
 71
     5
 42
9.499999999199999
 73
     0
 74
     0
 75
     0
  3
STANDARD
100
AcDbAlignedDimension
 13
89.03534175254197
 23
41.06304210975565
 33
0.0
 14
89.03534175254197
 24
31.56304211055566
 34
0.0
 50
90.0
100
AcDbRotatedDimension
1001
ACAD
1000
DSTYLE
1002
{
1070
   179
1070
     0
1070
   171
1070
     2
1070
    41
1040
2.0
1070
    79
1070
     0
1070
   343
1005
0
1070
   344
1005
0
1070
   141
1040
0.198
1070
   178
1070
   256
1070
    43
1040
0.8359999999999999
1070
   341
1005
0
1070
   272
1070
     4
1070
    73
1070
     0
1070
    48
1040
0.0
1070
    74
1070
     0
1070
    47
1040
0.0
1070
   140
1040
2.5
1070
   284
1070
     0
1070
    78
1070
     0
1002
}
  0
DIMENSION
  5
140D
102
{ACAD_XDICTIONARY
360
140E
102
}
102
{ACAD_REACTORS
330
140F
102
}
330
231
100
AcDbEntity
  8
DIM
100
AcDbDimension
  2
*D17
 10
77.195172310829
 20
18.06304211035564
 30
0.0
 11
77.195172310829
 21
24.81304211045565
 31
0.0
 70
    32
 71
     5
 42
13.50000000020002
 73
     0
 74
     0
 75
     0
  3
STANDARD
100
AcDbAlignedDimension
 13
89.03534175254197
 23
31.56304211055566
 33
0.0
 14
89.44534415326193
 24
18.06304211035564
 34
0.0
 50
90.0
100
AcDbRotatedDimension
1001
ACAD
1000
DSTYLE
1002
{
1070
   179
1070
     0
1070
   171
1070
     2
1070
    41
1040
2.0
1070
    79
1070
     0
1070
   343
1005
0
1070
   344
1005
0
1070
   141
1040
0.198
1070
   178
1070
   256
1070
    43
1040
0.8359999999999999
1070
   341
1005
0
1070
   272
1070
     4
1070
    73
1070
     0
1070
    48
1040
0.0
1070
    74
1070
     0
1070
    47
1040
0.0
1070
   140
1040
2.5
1070
   284
1070
     0
1070
    78
1070
     0
1002
}
  0
DIMENSION
  5
1427
102
{ACAD_XDICTIONARY
360
1428
102
}
102
{ACAD_REACTORS
330
1429
102
}
330
231
100
AcDbEntity
  8
DIM
100
AcDbDimension
  2
*D18
 10
77.195172310829
 20
18.06304211035564
 30
0.0
 11
77.195172310829
 21
10.54295021191064
 31
0.0
 70
    32
 71
     5
 42
15.04018379688999
 73
     0
 74
     0
 75
     0
  3
STANDARD
100
AcDbAlignedDimension
 13
89.44534415072201
 23
3.022858313465647
 33
0.0
 14
77.195172310829
 24
18.06304211035564
 34
0.0
 50
90.0
100
AcDbRotatedDimension
1001
ACAD
1000
DSTYLE
1002
{
1070
   271
1070
     1
1070
   179
1070
     0
1070
   171
1070
     2
1070
    41
1040
2.0
1070
    79
1070
     0
1070
   343
1005
0
1070
   344
1005
0
1070
   141
1040
0.198
1070
   178
1070
   256
1070
    43
1040
0.8359999999999999
1070
   341
1005
0
1070
   272
1070
     4
1070
    73
1070
     0
1070
    48
1040
0.0
1070
    74
1070
     0
1070
    47
1040
0.0
1070
   140
1040
2.5
1070
   284
1070
     0
1070
    78
1070
     0
1002
}
  0
DIMENSION
  5
144B
102
{ACAD_XDICTIONARY
360
144C
102
}
102
{ACAD_REACTORS
330
144D
102
}
330
231
100
AcDbEntity
  8
DIM
100
AcDbDimension
  2
*D19
 10
77.195172310829
 20
61.31304211005567
 30
0.0
 11
77.195172310829
 21
51.18804210990567
 31
0.0
 70
    32
 71
     5
 42
20.25000000030002
 73
     0
 74
     0
 75
     0
  3
STANDARD
100
AcDbAlignedDimension
 13
88.58534175338201
 23
41.06304210975565
 33
0.0
 14
97.53534175276195
 24
61.31304211005567
 34
0.0
 50
90.0
100
AcDbRotatedDimension
1001
ACAD
1000
DSTYLE
1002
{
1070
   179
1070
     0
1070
   171
1070
     2
1070
    41
1040
2.0
1070
    79
1070
     0
1070
   343
1005
0
1070
   344
1005
0
1070
   141
1040
0.198
1070
   178
1070
   256
1070
    43
1040
0.8359999999999999
1070
   341
1005
0
1070
   272
1070
     4
1070
    73
1070
     0
1070
    48
1040
0.0
1070
    74
1070
     0
1070
    47
1040
0.0
1070
   140
1040
2.5
1070
   284
1070
     0
1070
    78
1070
     0
1002
}
  0
ENDSEC
  0
SECTION
  2
OBJECTS
  0
DICTIONARY
  5
C
330
0
100
AcDbDictionary
281
     1
  3
ACAD_COLOR
350
119B
  3
ACAD_GROUP
350
D
  3
ACAD_IMAGE_VARS
350
149B
  3
ACAD_LAYOUT
350
1A
  3
ACAD_MATERIAL
350
117E
  3
ACAD_MLEADERSTYLE
350
119E
  3
ACAD_MLINESTYLE
350
17
  3
ACAD_PLOTSETTINGS
350
19
  3
ACAD_PLOTSTYLENAME
350
E
  3
ACAD_SCALELIST
350
11A0
  3
ACAD_TABLESTYLE
350
119C
  3
ACAD_VISUALSTYLE
350
1182
  3
ACDB_RECOMPOSE_DATA
350
14D1
  3
AcDbVariableDictionary
350
11B5
  0
DICTIONARY
  5
11B3
330
2
100
AcDbDictionary
280
     1
281
     1
  3
ACLYDICTIONARY
360
11B4
  0
DICTIONARY
  5
122A
330
1229
100
AcDbDictionary
280
     1
281
     1
  3
ACAD_DIMASSOC
360
122B
  0
DICTIONARY
  5
1245
330
1244
100
AcDbDictionary
280
     1
281
     1
  3
ACAD_DIMASSOC
360
1246
  0
DICTIONARY
  5
1274
330
1273
100
AcDbDictionary
280
     1
281
     1
  3
ACAD_DIMASSOC
360
1275
  0
DICTIONARY
  5
128E
330
128D
100
AcDbDictionary
280
     1
281
     1
  3
ACAD_DIMASSOC
360
128F
  0
DICTIONARY
  5
12D8
330
12D7
100
AcDbDictionary
280
     1
281
     1
  3
ACAD_DIMASSOC
360
12D9
  0
DICTIONARY
  5
12F2
330
12F1
100
AcDbDictionary
280
     1
281
     1
  3
ACAD_DIMASSOC
360
12F3
  0
DICTIONARY
  5
130C
330
130B
100
AcDbDictionary
280
     1
281
     1
  3
ACAD_DIMASSOC
360
130D
  0
DICTIONARY
  5
1326
330
1325
100
AcDbDictionary
280
     1
281
     1
  3
ACAD_DIMASSOC
360
1327
  0
DICTIONARY
  5
1340
330
133F
100
AcDbDictionary
280
     1
281
     1
  3
ACAD_DIMASSOC
360
1341
  0
DICTIONARY
  5
135A
330
1359
100
AcDbDictionary
280
     1
281
     1
  3
ACAD_DIMASSOC
360
135B
  0
DICTIONARY
  5
1374
330
1373
100
AcDbDictionary
280
     1
281
     1
  3
ACAD_DIMASSOC
360
1375
  0
DICTIONARY
  5
13C0
330
13BF
100
AcDbDictionary
280
     1
281
     1
  3
ACAD_DIMASSOC
360
13C1
  0
DICTIONARY
  5
13DA
330
13D9
100
AcDbDictionary
280
     1
281
     1
  3
ACAD_DIMASSOC
360
13DB
  0
DICTIONARY
  5
13F4
330
13F3
100
AcDbDictionary
280
     1
281
     1
  3
ACAD_DIMASSOC
360
13F5
  0
DICTIONARY
  5
140E
330
140D
100
AcDbDictionary
280
     1
281
     1
  3
ACAD_DIMASSOC
360
140F
  0
DICTIONARY
  5
1428
330
1427
100
AcDbDictionary
280
     1
281
     1
  3
ACAD_DIMASSOC
360
1429
  0
DICTIONARY
  5
144C
330
144B
100
AcDbDictionary
280
     1
281
     1
  3
ACAD_DIMASSOC
360
144D
  0
DICTIONARY
  5
119B
102
{ACAD_REACTORS
330
C
102
}
330
C
100
AcDbDictionary
281
     1
  0
DICTIONARY
  5
D
102
{ACAD_REACTORS
330
C
102
}
330
C
100
AcDbDictionary
281
     1
  0
RASTERVARIABLES
  5
149B
102
{ACAD_REACTORS
330
C
102
}
330
C
100
AcDbRasterVariables
 90
        0
 70
     1
 71
     1
 72
     5
  0
DICTIONARY
  5
1A
102
{ACAD_REACTORS
330
C
102
}
330
C
100
AcDbDictionary
281
     1
  3
Layout1
350
117D
  3
Model
350
117C
  0
DICTIONARY
  5
117E
102
{ACAD_REACTORS
330
C
102
}
330
C
100
AcDbDictionary
281
     1
  3
ByBlock
350
1180
  3
ByLayer
350
117F
  3
Global
350
1181
  0
DICTIONARY
  5
119E
102
{ACAD_REACTORS
330
C
102
}
330
C
100
AcDbDictionary
281
     1
  3
Standard
350
119F
  0
DICTIONARY
  5
17
102
{ACAD_REACTORS
330
C
102
}
330
C
100
AcDbDictionary
281
     1
  3
Standard
350
18
  0
DICTIONARY
  5
19
102
{ACAD_REACTORS
330
C
102
}
330
C
100
AcDbDictionary
281
     1
  0
ACDBDICTIONARYWDFLT
  5
E
102
{ACAD_REACTORS
330
C
102
}
330
C
100
AcDbDictionary
281
     1
  3
Normal
350
F
100
AcDbDictionaryWithDefault
340
F
  0
DICTIONARY
  5
11A0
102
{ACAD_REACTORS
330
C
102
}
330
C
100
AcDbDictionary
281
     1
  3
A0
350
11A1
  3
A1
350
11A2
  3
A2
350
11A3
  3
A3
350
11A4
  3
A4
350
11A5
  3
A5
350
11A6
  3
A6
350
11A7
  3
A7
350
11A8
  3
A8
350
11A9
  3
A9
350
11AA
  3
B0
350
11AB
  3
B1
350
11AC
  3
B2
350
11AD
  3
B3
350
11AE
  3
B4
350
11AF
  3
B5
350
11B0
  3
B6
350
11B1
  0
DICTIONARY
  5
119C
102
{ACAD_REACTORS
330
C
102
}
330
C
100
AcDbDictionary
281
     1
  3
Standard
350
119D
  0
DICTIONARY
  5
1182
102
{ACAD_REACTORS
330
C
102
}
330
C
100
AcDbDictionary
281
     1
  3
2dWireframe
350
1187
  3
Basic
350
118A
  3
Brighten
350
118E
  3
ColorChange
350
1192
  3
Conceptual
350
118C
  3
Dim
350
118D
  3
EdgeColorOff
350
1195
  3
Facepattern
350
1191
  3
Flat
350
1183
  3
FlatWithEdges
350
1184
  3
Gouraud
350
1185
  3
GouraudWithEdges
350
1186
  3
Hidden
350
1189
  3
JitterOff
350
1193
  3
Linepattern
350
1190
  3
OverhangOff
350
1194
  3
Realistic
350
118B
  3
Shaded
350
119A
  3
Shaded with edges
350
1199
  3
Shades of Gray
350
1196
  3
Sketchy
350
1197
  3
Thicken
350
118F
  3
Wireframe
350
1188
  3
X-Ray
350
1198
  0
XRECORD
  5
14D1
102
{ACAD_REACTORS
330
C
102
}
330
C
100
AcDbXrecord
280
     1
 90
        1
330
119D
  0
DICTIONARY
  5
11B5
102
{ACAD_REACTORS
330
C
102
}
330
C
100
AcDbDictionary
281
     1
  3
CANNOSCALE
350
11B9
  3
CMLEADERSTYLE
350
11B7
  3
CTABLESTYLE
350
11B6
  3
XCLIPFRAME
350
11B8
  0
DICTIONARY
  5
11B4
102
{ACAD_REACTORS
330
11B3
102
}
330
11B3
100
AcDbDictionary
281
     1
1001
ACAD
1000
<All
  0
DIMASSOC
  5
122B
102
{ACAD_REACTORS
330
122A
102
}
330
122A
100
AcDbDimAssoc
330
1229
 90
        3
 70
     0
 71
     0
  1
AcDbOsnapPointRef
 72
     1
331
6A1
 73
     2
 91
        0
 40
1.0
 10
0.0
 20
0.0
 30
2.000000000000000E+50
 75
     0
  1
AcDbOsnapPointRef
 72
    13
331
6A1
 73
     2
 91
        0
 40
0.0
 10
0.0
 20
0.0
 30
2.000000000000000E+50
 75
     0
  0
DIMASSOC
  5
1246
102
{ACAD_REACTORS
330
1245
102
}
330
1245
100
AcDbDimAssoc
330
1244
 90
        3
 70
     0
 71
     0
  1
AcDbOsnapPointRef
 72
     1
331
6A1
 73
     2
 91
        0
 40
1.0
 10
0.0
 20
0.0
 30
2.000000000000000E+50
 75
     0
  1
AcDbOsnapPointRef
 72
    13
331
688
 73
     2
 91
        0
 40
0.0
 10
0.0
 20
0.0
 30
2.000000000000000E+50
 75
     0
  0
DIMASSOC
  5
1275
102
{ACAD_REACTORS
330
1274
102
}
330
1274
100
AcDbDimAssoc
330
1273
 90
        3
 70
     0
 71
     0
  1
AcDbOsnapPointRef
 72
    13
331
68E
 73
     2
 91
        0
 40
0.0
 10
0.0
 20
0.0
 30
2.000000000000000E+50
 75
     0
  1
AcDbOsnapPointRef
 72
    13
331
113B
 73
     2
 91
        0
 40
-0.7853640361000132
 10
-0.7853640361000132
 20
0.7853640366000257
 30
2.000000000000000E+50
 75
     0
  0
DIMASSOC
  5
128F
102
{ACAD_REACTORS
330
128E
102
}
330
128E
100
AcDbDimAssoc
330
128D
 90
        3
 70
     0
 71
     0
  1
AcDbOsnapPointRef
 72
    13
331
113C
 73
     2
 91
        0
 40
-0.7853637958000093
 10
-0.7853637958000093
 20
0.7853637963000084
 30
2.000000000000000E+50
 75
     0
  1
AcDbOsnapPointRef
 72
     1
331
113D
 73
     2
 91
        0
 40
0.7853637962999827
 10
-0.7853637958000102
 20
0.7853637962999827
 30
2.000000000000000E+50
 75
     0
  0
DIMASSOC
  5
12D9
102
{ACAD_REACTORS
330
12D8
102
}
330
12D8
100
AcDbDimAssoc
330
12D7
 90
        3
 70
     0
 71
     0
  1
AcDbOsnapPointRef
 72
     1
331
E36
 73
     2
 91
        0
 40
3.141592653593274
 10
0.0
 20
0.0
 30
2.000000000000000E+50
 75
     0
  1
AcDbOsnapPointRef
 72
     1
331
98D
 73
     2
 91
        0
 40
0.9999999999999998
 10
0.0
 20
0.0
 30
2.000000000000000E+50
 75
     0
  0
DIMASSOC
  5
12F3
102
{ACAD_REACTORS
330
12F2
102
}
330
12F2
100
AcDbDimAssoc
330
12F1
 90
        3
 70
     0
 71
     0
  1
AcDbOsnapPointRef
 72
     3
331
F00
 73
     2
 91
        0
 40
0.0
 10
0.0
 20
0.0
 30
0.0
 75
     0
  1
AcDbOsnapPointRef
 72
     3
331
F25
 73
     2
 91
        0
 40
0.8575707477961973
 10
0.0
 20
0.0
 30
0.0
 75
     0
  0
DIMASSOC
  5
130D
102
{ACAD_REACTORS
330
130C
102
}
330
130C
100
AcDbDimAssoc
330
130B
 90
        3
 70
     0
 71
     0
  1
AcDbOsnapPointRef
 72
     3
331
F00
 73
     2
 91
        0
 40
0.0
 10
0.0
 20
0.0
 30
0.0
 75
     0
  1
AcDbOsnapPointRef
 72
     3
331
EF3
 73
     2
 91
        0
 40
0.0
 10
0.0
 20
0.0
 30
0.0
 75
     0
  0
DIMASSOC
  5
1327
102
{ACAD_REACTORS
330
1326
102
}
330
1326
100
AcDbDimAssoc
330
1325
 90
        3
 70
     0
 71
     0
  1
AcDbOsnapPointRef
 72
     3
331
F02
 73
     2
 91
        0
 40
0.0
 10
0.0
 20
0.0
 30
0.0
 75
     0
  1
AcDbOsnapPointRef
 72
     1
331
115A
 73
     2
 91
        0
 40
3.926956689699995
 10
2.356228617000009
 20
3.926956689699995
 30
2.000000000000000E+50
 75
     0
  0
DIMASSOC
  5
1341
102
{ACAD_REACTORS
330
1340
102
}
330
1340
100
AcDbDimAssoc
330
133F
 90
        3
 70
     0
 71
     0
  1
AcDbOsnapPointRef
 72
     3
331
F07
 73
     2
 91
        0
 40
4.019157080416718
 10
0.0
 20
0.0
 30
0.0
 75
     0
  1
AcDbOsnapPointRef
 72
     1
331
DA6
 73
     2
 91
        0
 40
1.0
 10
0.0
 20
0.0
 30
2.000000000000000E+50
 75
     0
  0
DIMASSOC
  5
135B
102
{ACAD_REACTORS
330
135A
102
}
330
135A
100
AcDbDimAssoc
330
1359
 90
        3
 70
     0
 71
     0
  1
AcDbOsnapPointRef
 72
     2
331
C9A
 73
     2
 91
        0
 40
0.5
 10
0.0
 20
0.0
 30
0.0
 75
     0
  1
AcDbOsnapPointRef
 72
     3
331
F05
 73
     2
 91
        0
 40
4.048006844456016
 10
0.0
 20
0.0
 30
0.0
 75
     0
  0
DIMASSOC
  5
1375
102
{ACAD_REACTORS
330
1374
102
}
330
1374
100
AcDbDimAssoc
330
1373
 90
        3
 70
     0
 71
     0
  1
AcDbOsnapPointRef
 72
     3
331
F05
 73
     2
 91
        0
 40
4.048006844456016
 10
0.0
 20
0.0
 30
0.0
 75
     0
  1
AcDbOsnapPointRef
 72
     2
331
C8D
 73
     2
 91
        0
 40
0.5
 10
0.0
 20
0.0
 30
0.0
 75
     0
  0
DIMASSOC
  5
13C1
102
{ACAD_REACTORS
330
13C0
102
}
330
13C0
100
AcDbDimAssoc
330
13BF
 90
        3
 70
     0
 71
     0
  1
AcDbOsnapPointRef
 72
     3
331
F02
 73
     2
 91
        0
 40
0.0
 10
0.0
 20
0.0
 30
0.0
 75
     0
  1
AcDbOsnapPointRef
 72
     2
331
9EB
 73
     2
 91
        0
 40
0.5
 10
0.0
 20
0.0
 30
0.0
 75
     0
  0
DIMASSOC
  5
13DB
102
{ACAD_REACTORS
330
13DA
102
}
330
13DA
100
AcDbDimAssoc
330
13D9
 90
        3
 70
     0
 71
     0
  1
AcDbOsnapPointRef
 72
     2
331
BF8
 73
     2
 91
        0
 40
0.5
 10
0.0
 20
0.0
 30
0.0
 75
     0
  1
AcDbOsnapPointRef
 72
     3
331
F25
 73
     2
 91
        0
 40
0.8575707477961973
 10
0.0
 20
0.0
 30
0.0
 75
     0
  0
DIMASSOC
  5
13F5
102
{ACAD_REACTORS
330
13F4
102
}
330
13F4
100
AcDbDimAssoc
330
13F3
 90
        3
 70
     0
 71
     0
  1
AcDbOsnapPointRef
 72
     2
331
6CF
 73
     2
 91
        0
 40
0.5
 10
0.0
 20
0.0
 30
0.0
 75
     0
  1
AcDbOsnapPointRef
 72
     2
331
6D0
 73
     2
 91
        0
 40
0.5000000000000001
 10
0.0
 20
0.0
 30
0.0
 75
     0
  0
DIMASSOC
  5
140F
102
{ACAD_REACTORS
330
140E
102
}
330
140E
100
AcDbDimAssoc
330
140D
 90
        3
 70
     0
 71
     0
  1
AcDbOsnapPointRef
 72
     2
331
6D0
 73
     2
 91
        0
 40
0.5000000000000001
 10
0.0
 20
0.0
 30
0.0
 75
     0
  1
AcDbOsnapPointRef
 72
     2
331
6D2
 73
     2
 91
        0
 40
0.5
 10
0.0
 20
0.0
 30
0.0
 75
     0
  0
DIMASSOC
  5
1429
102
{ACAD_REACTORS
330
1428
102
}
330
1428
100
AcDbDimAssoc
330
1427
 90
        1
 70
     0
 71
     0
  1
AcDbOsnapPointRef
 72
     2
331
6D1
 73
     2
 91
        0
 40
0.5
 10
0.0
 20
0.0
 30
0.0
 75
     0
  0
DIMASSOC
  5
144D
102
{ACAD_REACTORS
330
144C
102
}
330
144C
100
AcDbDimAssoc
330
144B
 90
        3
 70
     0
 71
     0
  1
AcDbOsnapPointRef
 72
     2
331
6CB
 73
     2
 91
        0
 40
0.5
 10
0.0
 20
0.0
 30
0.0
 75
     0
  1
AcDbOsnapPointRef
 72
     1
331
98D
 73
     2
 91
        0
 40
0.9999999999999998
 10
0.0
 20
0.0
 30
2.000000000000000E+50
 75
     0
  0
LAYOUT
  5
117D
102
{ACAD_REACTORS
330
1A
102
}
330
1A
100
AcDbPlotSettings
  1

  2
none_device
  4
ANSI_C_(22.00_x_17.00_Inches)
  6

 40
0.0
 41
0.0
 42
0.0
 43
0.0
 44
558.8
 45
431.8
 46
0.0
 47
0.0
 48
0.0
 49
0.0
140
0.0
141
0.0
142
1.0
143
1.0
 70
     0
 72
     0
 73
     0
 74
     0
  7

 75
     0
 76
     0
 77
     2
 78
   300
147
1.0
148
0.0
149
0.0
100
AcDbLayout
  1
Layout1
 70
     0
 71
     1
 10
0.0
 20
0.0
 11
22.0
 21
17.0
 12
0.0
 22
0.0
 32
0.0
 14
0.0
 24
0.0
 34
0.0
 15
0.0
 25
0.0
 35
0.0
146
0.0
 13
0.0
 23
0.0
 33
0.0
 16
1.0
 26
0.0
 36
0.0
 17
0.0
 27
1.0
 37
0.0
 76
     0
330
232
  0
LAYOUT
  5
117C
102
{ACAD_REACTORS
330
1A
102
}
330
1A
100
AcDbPlotSettings
  1

  2
None
  4
ANSI_C_(22.00_x_17.00_Inches)
  6

 40
0.0
 41
0.0
 42
0.0
 43
0.0
 44
558.8
 45
431.8
 46
0.0
 47
0.0
 48
0.0
 49
0.0
140
0.0
141
0.0
142
1.0
143
1.0
 70
  1024
 72
     0
 73
     0
 74
     0
  7

 75
     0
 76
     0
 77
     2
 78
   300
147
1.0
148
0.0
149
0.0
100
AcDbLayout
  1
Model
 70
     0
 71
     0
 10
0.0
 20
0.0
 11
22.0
 21
17.0
 12
0.0
 22
0.0
 32
0.0
 14
0.0
 24
0.0
 34
0.0
 15
0.0
 25
0.0
 35
0.0
146
0.0
 13
0.0
 23
0.0
 33
0.0
 16
1.0
 26
0.0
 36
0.0
 17
0.0
 27
1.0
 37
0.0
 76
     0
330
231
331
1F4
  0
MATERIAL
  5
1180
102
{ACAD_REACTORS
330
117E
102
}
330
117E
100
AcDbMaterial
  1
ByBlock
 72
     0
 73
     2
 77
     0
 78
     2
171
     0
172
     2
175
     0
176
     2
179
     0
270
     2
274
     2
 94
      127
  0
MATERIAL
  5
117F
102
{ACAD_REACTORS
330
117E
102
}
330
117E
100
AcDbMaterial
  1
ByLayer
 72
     0
 73
     2
 77
     0
 78
     2
171
     0
172
     2
175
     0
176
     2
179
     0
270
     2
274
     2
 94
      127
  0
MATERIAL
  5
1181
102
{ACAD_REACTORS
330
117E
102
}
330
117E
100
AcDbMaterial
  1
Global
 72
     0
 73
     2
 77
     0
 78
     2
171
     0
172
     2
175
     0
176
     2
179
     0
270
     2
274
     2
 94
      127
  0
MLEADERSTYLE
  5
119F
102
{ACAD_XDICTIONARY
360
149D
102
}
102
{ACAD_REACTORS
330
119E
102
}
330
119E
100
AcDbMLeaderStyle
170
     2
171
     1
172
     0
 90
        2
 40
0.0
 41
0.0
173
     1
 91
-1056964608
340
14
 92
       -2
290
     1
 42
0.4
291
     1
 43
2.0
  3
Standard
 44
0.18
300

342
11
174
     1
178
     1
175
     1
176
     0
 93
-1056964608
 45
0.2
292
     0
297
     0
 46
5.0
 94
-1056964608
 47
1.0
 49
1.0
140
1.0
293
     1
141
0.0
294
     1
177
     0
142
1.0
295
     0
296
     0
143
0.125
1001
ACAD_MLEADERVER
1070
     2
  0
MLINESTYLE
  5
18
102
{ACAD_REACTORS
330
17
102
}
330
17
100
AcDbMlineStyle
  2
STANDARD
 70
     0
  3

 62
   256
 51
90.0
 52
90.0
 71
     2
 49
0.5
 62
   256
  6
BYLAYER
 49
-0.5
 62
   256
  6
BYLAYER
  0
ACDBPLACEHOLDER
  5
F
102
{ACAD_REACTORS
330
E
102
}
330
E
  0
SCALE
  5
11A1
102
{ACAD_REACTORS
330
11A0
102
}
330
11A0
100
AcDbScale
 70
     0
300
1:1
140
1.0
141
1.0
290
     1
  0
SCALE
  5
11A2
102
{ACAD_REACTORS
330
11A0
102
}
330
11A0
100
AcDbScale
 70
     0
300
1:2
140
1.0
141
2.0
290
     0
  0
SCALE
  5
11A3
102
{ACAD_REACTORS
330
11A0
102
}
330
11A0
100
AcDbScale
 70
     0
300
1:4
140
1.0
141
4.0
290
     0
  0
SCALE
  5
11A4
102
{ACAD_REACTORS
330
11A0
102
}
330
11A0
100
AcDbScale
 70
     0
300
1:5
140
1.0
141
5.0
290
     0
  0
SCALE
  5
11A5
102
{ACAD_REACTORS
330
11A0
102
}
330
11A0
100
AcDbScale
 70
     0
300
1:8
140
1.0
141
8.0
290
     0
  0
SCALE
  5
11A6
102
{ACAD_REACTORS
330
11A0
102
}
330
11A0
100
AcDbScale
 70
     0
300
1:10
140
1.0
141
10.0
290
     0
  0
SCALE
  5
11A7
102
{ACAD_REACTORS
330
11A0
102
}
330
11A0
100
AcDbScale
 70
     0
300
1:16
140
1.0
141
16.0
290
     0
  0
SCALE
  5
11A8
102
{ACAD_REACTORS
330
11A0
102
}
330
11A0
100
AcDbScale
 70
     0
300
1:20
140
1.0
141
20.0
290
     0
  0
SCALE
  5
11A9
102
{ACAD_REACTORS
330
11A0
102
}
330
11A0
100
AcDbScale
 70
     0
300
1:30
140
1.0
141
30.0
290
     0
  0
SCALE
  5
11AA
102
{ACAD_REACTORS
330
11A0
102
}
330
11A0
100
AcDbScale
 70
     0
300
1:40
140
1.0
141
40.0
290
     0
  0
SCALE
  5
11AB
102
{ACAD_REACTORS
330
11A0
102
}
330
11A0
100
AcDbScale
 70
     0
300
1:50
140
1.0
141
50.0
290
     0
  0
SCALE
  5
11AC
102
{ACAD_REACTORS
330
11A0
102
}
330
11A0
100
AcDbScale
 70
     0
300
1:100
140
1.0
141
100.0
290
     0
  0
SCALE
  5
11AD
102
{ACAD_REACTORS
330
11A0
102
}
330
11A0
100
AcDbScale
 70
     0
300
2:1
140
2.0
141
1.0
290
     0
  0
SCALE
  5
11AE
102
{ACAD_REACTORS
330
11A0
102
}
330
11A0
100
AcDbScale
 70
     0
300
4:1
140
4.0
141
1.0
290
     0
  0
SCALE
  5
11AF
102
{ACAD_REACTORS
330
11A0
102
}
330
11A0
100
AcDbScale
 70
     0
300
8:1
140
8.0
141
1.0
290
     0
  0
SCALE
  5
11B0
102
{ACAD_REACTORS
330
11A0
102
}
330
11A0
100
AcDbScale
 70
     0
300
10:1
140
10.0
141
1.0
290
     0
  0
SCALE
  5
11B1
102
{ACAD_REACTORS
330
11A0
102
}
330
11A0
100
AcDbScale
 70
     0
300
100:1
140
100.0
141
1.0
290
     0
  0
TABLESTYLE
  5
119D
102
{ACAD_XDICTIONARY
360
149F
102
}
102
{ACAD_REACTORS
330
119C
102
}
330
119C
100
AcDbTableStyle
  3
Standard
 70
     0
 71
     0
 40
0.06
 41
0.06
280
     0
281
     0
  7
STANDARD
140
0.18
170
     2
 62
     7
 63
   257
283
     0
 90
        4
 91
        0
  1

274
    -2
284
     1
 64
     0
275
    -2
285
     1
 65
     0
276
    -2
286
     1
 66
     0
277
    -2
287
     1
 67
     0
278
    -2
288
     1
 68
     0
279
    -2
289
     1
 69
     0
  7
STANDARD
140
0.25
170
     5
 62
     7
 63
   257
283
     0
 90
        4
 91
        0
  1

274
    -2
284
     1
 64
     0
275
    -2
285
     1
 65
     0
276
    -2
286
     1
 66
     0
277
    -2
287
     1
 67
     0
278
    -2
288
     1
 68
     0
279
    -2
289
     1
 69
     0
  7
STANDARD
140
0.18
170
     5
 62
     7
 63
   257
283
     0
 90
        4
 91
        0
  1

274
    -2
284
     1
 64
     0
275
    -2
285
     1
 65
     0
276
    -2
286
     1
 66
     0
277
    -2
287
     1
 67
     0
278
    -2
288
     1
 68
     0
279
    -2
289
     1
 69
     0
  0
VISUALSTYLE
  5
1187
102
{ACAD_XDICTIONARY
360
14A1
102
}
102
{ACAD_REACTORS
330
1182
102
}
330
1182
100
AcDbVisualStyle
  2
2dWireframe
 70
     4
 71
     0
 72
     2
 73
     0
 90
        0
 40
0.6
 41
30.0
 62
     5
 63
     7
421
 16777215
 74
     1
 91
        4
 64
     7
 65
   257
 75
     1
175
     1
 42
1.0
 92
        0
 66
   257
 43
1.0
 76
     1
 77
     6
 78
     2
 67
     7
 79
     5
170
     0
171
     0
290
     0
174
     0
 93
        1
 44
0.0
173
     0
291
     0
 45
0.0
  0
VISUALSTYLE
  5
118A
102
{ACAD_XDICTIONARY
360
14A3
102
}
102
{ACAD_REACTORS
330
1182
102
}
330
1182
100
AcDbVisualStyle
  2
Basic
 70
     7
 71
     1
 72
     0
 73
     1
 90
        0
 40
0.6
 41
30.0
 62
     5
 63
     7
421
 16777215
 74
     0
 91
        4
 64
     7
 65
   257
 75
     1
175
     1
 42
1.0
 92
        8
 66
     7
 43
1.0
 76
     1
 77
     6
 78
     2
 67
     7
 79
     5
170
     0
171
     0
290
     0
174
     0
 93
        1
 44
0.0
173
     0
291
     1
 45
0.0
  0
VISUALSTYLE
  5
118E
102
{ACAD_XDICTIONARY
360
14A5
102
}
102
{ACAD_REACTORS
330
1182
102
}
330
1182
100
AcDbVisualStyle
  2
Brighten
 70
    12
 71
     2
 72
     2
 73
     0
 90
        0
 40
0.6
 41
30.0
 62
     5
 63
     7
421
 16777215
 74
     1
 91
        4
 64
     7
 65
   257
 75
     1
175
     1
 42
1.0
 92
        8
 66
     7
 43
1.0
 76
     1
 77
     6
 78
     2
 67
     7
 79
     5
170
     0
171
     0
290
     0
174
     0
 93
        1
 44
50.0
173
     0
291
     1
 45
0.0
  0
VISUALSTYLE
  5
1192
102
{ACAD_XDICTIONARY
360
14A7
102
}
102
{ACAD_REACTORS
330
1182
102
}
330
1182
100
AcDbVisualStyle
  2
ColorChange
 70
    16
 71
     2
 72
     2
 73
     3
 90
        0
 40
0.6
 41
30.0
 62
     5
 63
     8
421
  8421504
 74
     1
 91
        4
 64
     7
 65
   257
 75
     1
175
     1
 42
1.0
 92
        8
 66
     8
424
  8421504
 43
1.0
 76
     1
 77
     6
 78
     2
 67
     7
 79
     5
170
     0
171
     0
290
     0
174
     0
 93
        1
 44
0.0
173
     0
291
     1
 45
0.0
  0
VISUALSTYLE
  5
118C
102
{ACAD_XDICTIONARY
360
14A9
102
}
102
{ACAD_REACTORS
330
1182
102
}
330
1182
100
AcDbVisualStyle
  2
Conceptual
 70
     9
 71
     3
 72
     2
 73
     0
 90
        0
 40
0.6
 41
30.0
 62
     5
 63
     7
421
 16777215
 74
     2
 91
        2
 64
     7
 65
   257
 75
     1
175
     1
 42
179.0
 92
        8
 66
     7
 43
1.0
 76
     1
 77
     6
 78
     2
 67
     7
 79
     3
170
     0
171
     0
290
     0
174
     0
 93
        1
 44
0.0
173
     0
291
     0
 45
0.0
  0
VISUALSTYLE
  5
118D
102
{ACAD_XDICTIONARY
360
14AB
102
}
102
{ACAD_REACTORS
330
1182
102
}
330
1182
100
AcDbVisualStyle
  2
Dim
 70
    11
 71
     2
 72
     2
 73
     0
 90
        0
 40
0.6
 41
30.0
 62
     5
 63
     7
421
 16777215
 74
     1
 91
        4
 64
     7
 65
   257
 75
     1
175
     1
 42
1.0
 92
        8
 66
     7
 43
1.0
 76
     1
 77
     6
 78
     2
 67
     7
 79
     5
170
     0
171
     0
290
     0
174
     0
 93
        1
 44
-50.0
173
     0
291
     1
 45
0.0
  0
VISUALSTYLE
  5
1195
102
{ACAD_XDICTIONARY
360
14AD
102
}
102
{ACAD_REACTORS
330
1182
102
}
330
1182
100
AcDbVisualStyle
  2
EdgeColorOff
 70
    22
 71
     2
 72
     2
 73
     0
 90
        0
 40
0.6
 41
30.0
 62
     5
 63
     7
421
 16777215
 74
     1
 91
        4
 64
     7
 65
   257
 75
     1
175
     1
 42
1.0
 92
        8
 66
     7
 43
1.0
 76
     1
 77
     6
 78
     2
 67
     7
 79
     5
170
     0
171
     0
290
     0
174
     0
 93
        1
 44
0.0
173
     0
291
     1
 45
0.0
  0
VISUALSTYLE
  5
1191
102
{ACAD_XDICTIONARY
360
14AF
102
}
102
{ACAD_REACTORS
330
1182
102
}
330
1182
100
AcDbVisualStyle
  2
Facepattern
 70
    15
 71
     2
 72
     2
 73
     0
 90
        0
 40
0.6
 41
30.0
 62
     5
 63
     7
421
 16777215
 74
     1
 91
        4
 64
     7
 65
   257
 75
     1
175
     1
 42
1.0
 92
        8
 66
     7
 43
1.0
 76
     1
 77
     6
 78
     2
 67
     7
 79
     5
170
     0
171
     0
290
     0
174
     0
 93
        1
 44
0.0
173
     0
291
     1
 45
0.0
  0
VISUALSTYLE
  5
1183
102
{ACAD_XDICTIONARY
360
14B1
102
}
102
{ACAD_REACTORS
330
1182
102
}
330
1182
100
AcDbVisualStyle
  2
Flat
 70
     0
 71
     2
 72
     1
 73
     1
 90
        2
 40
0.6
 41
30.0
 62
     5
 63
     7
421
 16777215
 74
     0
 91
        0
 64
     7
 65
   257
 75
     1
175
     1
 42
1.0
 92
        8
 66
     7
 43
1.0
 76
     1
 77
     6
 78
     2
 67
     7
 79
     5
170
     0
171
     0
290
     0
174
     0
 93
       13
 44
0.0
173
     0
291
     1
 45
0.0
  0
VISUALSTYLE
  5
1184
102
{ACAD_XDICTIONARY
360
14B3
102
}
102
{ACAD_REACTORS
330
1182
102
}
330
1182
100
AcDbVisualStyle
  2
FlatWithEdges
 70
     1
 71
     2
 72
     1
 73
     1
 90
        2
 40
0.6
 41
30.0
 62
     5
 63
     7
421
 16777215
 74
     1
 91
        0
 64
     7
 65
   257
 75
     1
175
     1
 42
1.0
 92
        0
 66
   257
 43
1.0
 76
     1
 77
     6
 78
     2
 67
     7
 79
     5
170
     0
171
     0
290
     0
174
     0
 93
       13
 44
0.0
173
     0
291
     1
 45
0.0
  0
VISUALSTYLE
  5
1185
102
{ACAD_XDICTIONARY
360
14B5
102
}
102
{ACAD_REACTORS
330
1182
102
}
330
1182
100
AcDbVisualStyle
  2
Gouraud
 70
     2
 71
     2
 72
     2
 73
     1
 90
        2
 40
0.6
 41
30.0
 62
     5
 63
     7
421
 16777215
 74
     0
 91
        0
 64
     7
 65
   257
 75
     1
175
     1
 42
1.0
 92
        0
 66
     7
 43
1.0
 76
     1
 77
     6
 78
     2
 67
     7
 79
     5
170
     0
171
     0
290
     0
174
     0
 93
       13
 44
0.0
173
     0
291
     1
 45
0.0
  0
VISUALSTYLE
  5
1186
102
{ACAD_XDICTIONARY
360
14B7
102
}
102
{ACAD_REACTORS
330
1182
102
}
330
1182
100
AcDbVisualStyle
  2
GouraudWithEdges
 70
     3
 71
     2
 72
     2
 73
     1
 90
        2
 40
0.6
 41
30.0
 62
     5
 63
     7
421
 16777215
 74
     1
 91
        0
 64
     7
 65
   257
 75
     1
175
     1
 42
1.0
 92
        0
 66
   257
 43
1.0
 76
     1
 77
     6
 78
     2
 67
     7
 79
     5
170
     0
171
     0
290
     0
174
     0
 93
       13
 44
0.0
173
     0
291
     1
 45
0.0
  0
VISUALSTYLE
  5
1189
102
{ACAD_XDICTIONARY
360
14B9
102
}
102
{ACAD_REACTORS
330
1182
102
}
330
1182
100
AcDbVisualStyle
  2
Hidden
 70
     6
 71
     1
 72
     2
 73
     2
 90
        0
 40
0.6
 41
30.0
 62
     5
 63
     7
421
 16777215
 74
     2
 91
        2
 64
     7
 65
   257
 75
     2
175
     1
 42
40.0
 92
        0
 66
   257
 43
1.0
 76
     1
 77
     6
 78
     2
 67
     7
 79
     3
170
     0
171
     0
290
     0
174
     0
 93
        1
 44
0.0
173
     0
291
     0
 45
0.0
  0
VISUALSTYLE
  5
1193
102
{ACAD_XDICTIONARY
360
14BB
102
}
102
{ACAD_REACTORS
330
1182
102
}
330
1182
100
AcDbVisualStyle
  2
JitterOff
 70
    20
 71
     2
 72
     2
 73
     0
 90
        0
 40
0.6
 41
30.0
 62
     5
 63
     7
421
 16777215
 74
     1
 91
        4
 64
     7
 65
   257
 75
     1
175
     1
 42
1.0
 92
       10
 66
     7
 43
1.0
 76
     1
 77
     6
 78
     2
 67
     7
 79
     5
170
     0
171
     0
290
     0
174
     0
 93
        1
 44
0.0
173
     0
291
     1
 45
0.0
  0
VISUALSTYLE
  5
1190
102
{ACAD_XDICTIONARY
360
14BD
102
}
102
{ACAD_REACTORS
330
1182
102
}
330
1182
100
AcDbVisualStyle
  2
Linepattern
 70
    14
 71
     2
 72
     2
 73
     0
 90
        0
 40
0.6
 41
30.0
 62
     5
 63
     7
421
 16777215
 74
     1
 91
        4
 64
     7
 65
   257
 75
     7
175
     7
 42
1.0
 92
        8
 66
     7
 43
1.0
 76
     1
 77
     6
 78
     2
 67
     7
 79
     5
170
     0
171
     0
290
     0
174
     0
 93
        1
 44
0.0
173
     0
291
     1
 45
0.0
  0
VISUALSTYLE
  5
1194
102
{ACAD_XDICTIONARY
360
14BF
102
}
102
{ACAD_REACTORS
330
1182
102
}
330
1182
100
AcDbVisualStyle
  2
OverhangOff
 70
    21
 71
     2
 72
     2
 73
     0
 90
        0
 40
0.6
 41
30.0
 62
     5
 63
     7
421
 16777215
 74
     1
 91
        4
 64
     7
 65
   257
 75
     1
175
     1
 42
1.0
 92
        9
 66
     7
 43
1.0
 76
     1
 77
     6
 78
     2
 67
     7
 79
     5
170
     0
171
     0
290
     0
174
     0
 93
        1
 44
0.0
173
     0
291
     1
 45
0.0
  0
VISUALSTYLE
  5
118B
102
{ACAD_XDICTIONARY
360
14C1
102
}
102
{ACAD_REACTORS
330
1182
102
}
330
1182
100
AcDbVisualStyle
  2
Realistic
 70
     8
 71
     2
 72
     3
 73
     0
 90
        2
 40
0.6
 41
30.0
 62
     5
 63
     7
421
 16777215
 74
     0
 91
        0
 64
     7
 65
   257
 75
     1
175
     1
 42
1.0
 92
        8
 66
   257
 43
1.0
 76
     1
 77
     6
 78
     2
 67
     7
 79
     3
170
     0
171
     0
290
     0
174
     0
 93
       13
 44
0.0
173
     0
291
     0
 45
0.0
  0
VISUALSTYLE
  5
119A
102
{ACAD_XDICTIONARY
360
14C3
102
}
102
{ACAD_REACTORS
330
1182
102
}
330
1182
100
AcDbVisualStyle
  2
Shaded
 70
    27
 71
     2
 72
     2
 73
     1
 90
        2
 40
0.6
 41
30.0
 62
     5
 63
     7
421
 16777215
 74
     0
 91
        4
 64
     7
 65
   257
 75
     1
175
     1
 42
1.0
 92
        8
 66
   257
 43
1.0
 76
     1
 77
     6
 78
     2
 67
     8
425
  7895160
 79
     3
170
     0
171
     0
290
     0
174
     0
 93
        5
 44
0.0
173
     0
291
     0
 45
0.0
  0
VISUALSTYLE
  5
1199
102
{ACAD_XDICTIONARY
360
14C5
102
}
102
{ACAD_REACTORS
330
1182
102
}
330
1182
100
AcDbVisualStyle
  2
Shaded with edges
 70
    26
 71
     2
 72
     2
 73
     1
 90
        2
 40
0.6
 41
30.0
 62
     5
 63
     7
421
 16777215
 74
     1
 91
       10
 64
     7
 65
   257
 75
     2
175
     1
 42
1.0
 92
        8
 66
   257
 43
1.0
 76
     1
 77
     6
 78
     2
 67
     7
 79
     3
170
     0
171
     0
290
     0
174
     0
 93
        5
 44
0.0
173
     0
291
     0
 45
0.0
  0
VISUALSTYLE
  5
1196
102
{ACAD_XDICTIONARY
360
14C7
102
}
102
{ACAD_REACTORS
330
1182
102
}
330
1182
100
AcDbVisualStyle
  2
Shades of Gray
 70
    23
 71
     2
 72
     2
 73
     3
 90
        0
 40
0.6
 41
30.0
 62
     5
 63
     7
421
 16777215
 74
     2
 91
        2
 64
     7
 65
     7
 75
     1
175
     1
 42
40.0
 92
        8
 66
     7
 43
1.0
 76
     1
 77
     6
 78
     2
 67
     7
 79
     3
170
     0
171
     0
290
     0
174
     0
 93
        1
 44
0.0
173
     0
291
     0
 45
0.0
  0
VISUALSTYLE
  5
1197
102
{ACAD_XDICTIONARY
360
14C9
102
}
102
{ACAD_REACTORS
330
1182
102
}
330
1182
100
AcDbVisualStyle
  2
Sketchy
 70
    24
 71
     1
 72
     2
 73
     2
 90
        0
 40
0.6
 41
30.0
 62
     5
 63
     7
421
 16777215
 74
     2
 91
        2
 64
     7
 65
     7
 75
     1
175
     1
 42
40.0
 92
       11
 66
     7
 43
1.0
 76
     1
 77
     6
 78
     2
 67
     7
 79
     6
170
     0
171
     0
290
     0
174
     0
 93
        1
 44
0.0
173
     0
291
     0
 45
0.0
  0
VISUALSTYLE
  5
118F
102
{ACAD_XDICTIONARY
360
14CB
102
}
102
{ACAD_REACTORS
330
1182
102
}
330
1182
100
AcDbVisualStyle
  2
Thicken
 70
    13
 71
     2
 72
     2
 73
     0
 90
        0
 40
0.6
 41
30.0
 62
     5
 63
     7
421
 16777215
 74
     1
 91
        4
 64
     7
 65
   257
 75
     1
175
     1
 42
1.0
 92
       12
 66
     7
 43
1.0
 76
     1
 77
     6
 78
     2
 67
     7
 79
     5
170
     0
171
     0
290
     0
174
     0
 93
        1
 44
0.0
173
     0
291
     1
 45
0.0
  0
VISUALSTYLE
  5
1188
102
{ACAD_XDICTIONARY
360
14CD
102
}
102
{ACAD_REACTORS
330
1182
102
}
330
1182
100
AcDbVisualStyle
  2
Wireframe
 70
     5
 71
     0
 72
     2
 73
     0
 90
        0
 40
0.6
 41
30.0
 62
     5
 63
     7
421
 16777215
 74
     1
 91
        4
 64
     7
 65
   257
 75
     1
175
     1
 42
1.0
 92
        0
 66
   257
 43
1.0
 76
     1
 77
     6
 78
     2
 67
     7
 79
     3
170
     0
171
     0
290
     0
174
     0
 93
        1
 44
0.0
173
     0
291
     0
 45
0.0
  0
VISUALSTYLE
  5
1198
102
{ACAD_XDICTIONARY
360
14CF
102
}
102
{ACAD_REACTORS
330
1182
102
}
330
1182
100
AcDbVisualStyle
  2
X-Ray
 70
    25
 71
     2
 72
     2
 73
     1
 90
        1
 40
0.5
 41
30.0
 62
     5
 63
     7
421
 16777215
 74
     1
 91
        0
 64
     7
 65
   257
 75
     1
175
     1
 42
1.0
 92
        8
 66
     7
 43
1.0
 76
     1
 77
     6
 78
     2
 67
     7
 79
     3
170
     0
171
     0
290
     0
174
     0
 93
       13
 44
0.0
173
     0
291
     0
 45
0.0
  0
DICTIONARYVAR
  5
11B9
102
{ACAD_REACTORS
330
11B5
102
}
330
11B5
100
DictionaryVariables
280
     0
  1
1:1
  0
DICTIONARYVAR
  5
11B7
102
{ACAD_REACTORS
330
11B5
102
}
330
11B5
100
DictionaryVariables
280
     0
  1
Standard
  0
DICTIONARYVAR
  5
11B6
102
{ACAD_REACTORS
330
11B5
102
}
330
11B5
100
DictionaryVariables
280
     0
  1
Standard
  0
DICTIONARYVAR
  5
11B8
102
{ACAD_REACTORS
330
11B5
102
}
330
11B5
100
DictionaryVariables
280
     0
  1
2
  0
DICTIONARY
  5
149D
330
119F
100
AcDbDictionary
280
     1
281
     1
  3
ACAD_XREC_ROUNDTRIP
360
149E
  0
DICTIONARY
  5
149F
330
119D
100
AcDbDictionary
280
     1
281
     1
  3
ACAD_ROUNDTRIP_2008_TABLESTYLE_CELLSTYLEMAP
360
14A0
  0
DICTIONARY
  5
14A1
330
1187
100
AcDbDictionary
280
     1
281
     1
  3
ACAD_XREC_ROUNDTRIP
360
14A2
  0
DICTIONARY
  5
14A3
330
118A
100
AcDbDictionary
280
     1
281
     1
  3
ACAD_XREC_ROUNDTRIP
360
14A4
  0
DICTIONARY
  5
14A5
330
118E
100
AcDbDictionary
280
     1
281
     1
  3
ACAD_XREC_ROUNDTRIP
360
14A6
  0
DICTIONARY
  5
14A7
330
1192
100
AcDbDictionary
280
     1
281
     1
  3
ACAD_XREC_ROUNDTRIP
360
14A8
  0
DICTIONARY
  5
14A9
330
118C
100
AcDbDictionary
280
     1
281
     1
  3
ACAD_XREC_ROUNDTRIP
360
14AA
  0
DICTIONARY
  5
14AB
330
118D
100
AcDbDictionary
280
     1
281
     1
  3
ACAD_XREC_ROUNDTRIP
360
14AC
  0
DICTIONARY
  5
14AD
330
1195
100
AcDbDictionary
280
     1
281
     1
  3
ACAD_XREC_ROUNDTRIP
360
14AE
  0
DICTIONARY
  5
14AF
330
1191
100
AcDbDictionary
280
     1
281
     1
  3
ACAD_XREC_ROUNDTRIP
360
14B0
  0
DICTIONARY
  5
14B1
330
1183
100
AcDbDictionary
280
     1
281
     1
  3
ACAD_XREC_ROUNDTRIP
360
14B2
  0
DICTIONARY
  5
14B3
330
1184
100
AcDbDictionary
280
     1
281
     1
  3
ACAD_XREC_ROUNDTRIP
360
14B4
  0
DICTIONARY
  5
14B5
330
1185
100
AcDbDictionary
280
     1
281
     1
  3
ACAD_XREC_ROUNDTRIP
360
14B6
  0
DICTIONARY
  5
14B7
330
1186
100
AcDbDictionary
280
     1
281
     1
  3
ACAD_XREC_ROUNDTRIP
360
14B8
  0
DICTIONARY
  5
14B9
330
1189
100
AcDbDictionary
280
     1
281
     1
  3
ACAD_XREC_ROUNDTRIP
360
14BA
  0
DICTIONARY
  5
14BB
330
1193
100
AcDbDictionary
280
     1
281
     1
  3
ACAD_XREC_ROUNDTRIP
360
14BC
  0
DICTIONARY
  5
14BD
330
1190
100
AcDbDictionary
280
     1
281
     1
  3
ACAD_XREC_ROUNDTRIP
360
14BE
  0
DICTIONARY
  5
14BF
330
1194
100
AcDbDictionary
280
     1
281
     1
  3
ACAD_XREC_ROUNDTRIP
360
14C0
  0
DICTIONARY
  5
14C1
330
118B
100
AcDbDictionary
280
     1
281
     1
  3
ACAD_XREC_ROUNDTRIP
360
14C2
  0
DICTIONARY
  5
14C3
330
119A
100
AcDbDictionary
280
     1
281
     1
  3
ACAD_XREC_ROUNDTRIP
360
14C4
  0
DICTIONARY
  5
14C5
330
1199
100
AcDbDictionary
280
     1
281
     1
  3
ACAD_XREC_ROUNDTRIP
360
14C6
  0
DICTIONARY
  5
14C7
330
1196
100
AcDbDictionary
280
     1
281
     1
  3
ACAD_XREC_ROUNDTRIP
360
14C8
  0
DICTIONARY
  5
14C9
330
1197
100
AcDbDictionary
280
     1
281
     1
  3
ACAD_XREC_ROUNDTRIP
360
14CA
  0
DICTIONARY
  5
14CB
330
118F
100
AcDbDictionary
280
     1
281
     1
  3
ACAD_XREC_ROUNDTRIP
360
14CC
  0
DICTIONARY
  5
14CD
330
1188
100
AcDbDictionary
280
     1
281
     1
  3
ACAD_XREC_ROUNDTRIP
360
14CE
  0
DICTIONARY
  5
14CF
330
1198
100
AcDbDictionary
280
     1
281
     1
  3
ACAD_XREC_ROUNDTRIP
360
14D0
  0
XRECORD
  5
149E
102
{ACAD_REACTORS
330
149D
102
}
330
149D
100
AcDbXrecord
280
     1
102
ACAD_ROUNDTRIP_2010_MLEADER_STYLE
  0
CELLSTYLEMAP
  5
14A0
102
{ACAD_REACTORS
330
149F
102
}
330
149F
100
AcDbCellStyleMap
 90
        3
300
CELLSTYLE
  1
TABLEFORMAT_BEGIN
 90
        5
170
     1
 91
        0
 92
    32768
 62
   257
 93
        1
300
CONTENTFORMAT
  1
CONTENTFORMAT_BEGIN
 90
        0
 91
        0
 92
        4
 93
        0
300

 40
0.0
140
1.0
 94
        5
 62
     7
340
11
144
0.25
309
CONTENTFORMAT_END
171
     1
301
MARGIN
  1
CELLMARGIN_BEGIN
 40
0.06
 40
0.06
 40
0.06
 40
0.06
 40
0.06
 40
0.06
309
CELLMARGIN_END
 94
        6
 95
        1
302
GRIDFORMAT
  1
GRIDFORMAT_BEGIN
 90
        0
 91
        1
 62
     0
 92
       -2
340
0
 93
        0
 40
0.045
309
GRIDFORMAT_END
 95
        2
302
GRIDFORMAT
  1
GRIDFORMAT_BEGIN
 90
        0
 91
        1
 62
     0
 92
       -2
340
0
 93
        0
 40
0.045
309
GRIDFORMAT_END
 95
        4
302
GRIDFORMAT
  1
GRIDFORMAT_BEGIN
 90
        0
 91
        1
 62
     0
 92
       -2
340
0
 93
        0
 40
0.045
309
GRIDFORMAT_END
 95
        8
302
GRIDFORMAT
  1
GRIDFORMAT_BEGIN
 90
        0
 91
        1
 62
     0
 92
       -2
340
0
 93
        0
 40
0.045
309
GRIDFORMAT_END
 95
       16
302
GRIDFORMAT
  1
GRIDFORMAT_BEGIN
 90
        0
 91
        1
 62
     0
 92
       -2
340
0
 93
        0
 40
0.045
309
GRIDFORMAT_END
 95
       32
302
GRIDFORMAT
  1
GRIDFORMAT_BEGIN
 90
        0
 91
        1
 62
     0
 92
       -2
340
0
 93
        0
 40
0.045
309
GRIDFORMAT_END
309
TABLEFORMAT_END
  1
CELLSTYLE_BEGIN
 90
        1
 91
        1
300
_TITLE
309
CELLSTYLE_END
300
CELLSTYLE
  1
TABLEFORMAT_BEGIN
 90
        5
170
     1
 91
        0
 92
        0
 62
   257
 93
        1
300
CONTENTFORMAT
  1
CONTENTFORMAT_BEGIN
 90
        0
 91
        0
 92
        4
 93
        0
300

 40
0.0
140
1.0
 94
        5
 62
     7
340
11
144
0.18
309
CONTENTFORMAT_END
171
     1
301
MARGIN
  1
CELLMARGIN_BEGIN
 40
0.06
 40
0.06
 40
0.06
 40
0.06
 40
0.06
 40
0.06
309
CELLMARGIN_END
 94
        6
 95
        1
302
GRIDFORMAT
  1
GRIDFORMAT_BEGIN
 90
        0
 91
        1
 62
     0
 92
       -2
340
0
 93
        0
 40
0.045
309
GRIDFORMAT_END
 95
        2
302
GRIDFORMAT
  1
GRIDFORMAT_BEGIN
 90
        0
 91
        1
 62
     0
 92
       -2
340
0
 93
        0
 40
0.045
309
GRIDFORMAT_END
 95
        4
302
GRIDFORMAT
  1
GRIDFORMAT_BEGIN
 90
        0
 91
        1
 62
     0
 92
       -2
340
0
 93
        0
 40
0.045
309
GRIDFORMAT_END
 95
        8
302
GRIDFORMAT
  1
GRIDFORMAT_BEGIN
 90
        0
 91
        1
 62
     0
 92
       -2
340
0
 93
        0
 40
0.045
309
GRIDFORMAT_END
 95
       16
302
GRIDFORMAT
  1
GRIDFORMAT_BEGIN
 90
        0
 91
        1
 62
     0
 92
       -2
340
0
 93
        0
 40
0.045
309
GRIDFORMAT_END
 95
       32
302
GRIDFORMAT
  1
GRIDFORMAT_BEGIN
 90
        0
 91
        1
 62
     0
 92
       -2
340
0
 93
        0
 40
0.045
309
GRIDFORMAT_END
309
TABLEFORMAT_END
  1
CELLSTYLE_BEGIN
 90
        2
 91
        1
300
_HEADER
309
CELLSTYLE_END
300
CELLSTYLE
  1
TABLEFORMAT_BEGIN
 90
        5
170
     1
 91
        0
 92
        0
 62
   257
 93
        1
300
CONTENTFORMAT
  1
CONTENTFORMAT_BEGIN
 90
        0
 91
        0
 92
        4
 93
        0
300

 40
0.0
140
1.0
 94
        2
 62
     7
340
11
144
0.18
309
CONTENTFORMAT_END
171
     1
301
MARGIN
  1
CELLMARGIN_BEGIN
 40
0.06
 40
0.06
 40
0.06
 40
0.06
 40
0.06
 40
0.06
309
CELLMARGIN_END
 94
        6
 95
        1
302
GRIDFORMAT
  1
GRIDFORMAT_BEGIN
 90
        0
 91
        1
 62
     0
 92
       -2
340
0
 93
        0
 40
0.045
309
GRIDFORMAT_END
 95
        2
302
GRIDFORMAT
  1
GRIDFORMAT_BEGIN
 90
        0
 91
        1
 62
     0
 92
       -2
340
0
 93
        0
 40
0.045
309
GRIDFORMAT_END
 95
        4
302
GRIDFORMAT
  1
GRIDFORMAT_BEGIN
 90
        0
 91
        1
 62
     0
 92
       -2
340
0
 93
        0
 40
0.045
309
GRIDFORMAT_END
 95
        8
302
GRIDFORMAT
  1
GRIDFORMAT_BEGIN
 90
        0
 91
        1
 62
     0
 92
       -2
340
0
 93
        0
 40
0.045
309
GRIDFORMAT_END
 95
       16
302
GRIDFORMAT
  1
GRIDFORMAT_BEGIN
 90
        0
 91
        1
 62
     0
 92
       -2
340
0
 93
        0
 40
0.045
309
GRIDFORMAT_END
 95
       32
302
GRIDFORMAT
  1
GRIDFORMAT_BEGIN
 90
        0
 91
        1
 62
     0
 92
       -2
340
0
 93
        0
 40
0.045
309
GRIDFORMAT_END
309
TABLEFORMAT_END
  1
CELLSTYLE_BEGIN
 90
        3
 91
        2
300
_DATA
309
CELLSTYLE_END
  0
XRECORD
  5
14A2
102
{ACAD_REACTORS
330
14A1
102
}
330
14A1
100
AcDbXrecord
280
     1
102
RTVSPropertyOp0
 70
     1
102
RTVSPropertyOp1
 70
     1
102
RTVSPropertyOp2
 70
     1
102
RTVSPropertyOp3
 70
     1
102
RTVSPropertyOp4
 70
     1
102
RTVSPropertyOp5
 70
     1
102
RTVSPropertyOp6
 70
     1
102
RTVSPropertyOp7
 70
     1
102
RTVSPropertyOp8
 70
     1
102
RTVSPropertyOp9
 70
     1
102
RTVSPropertyOp10
 70
     1
102
RTVSPropertyOp11
 70
     1
102
RTVSPropertyOp12
 70
     1
102
RTVSPropertyOp13
 70
     1
102
RTVSPropertyOp14
 70
     1
102
RTVSPropertyOp15
 70
     1
102
RTVSPropertyOp16
 70
     1
102
RTVSPropertyOp17
 70
     1
102
RTVSPropertyOp18
 70
     1
102
RTVSPropertyOp19
 70
     1
102
RTVSPropertyOp20
 70
     1
102
RTVSPropertyOp21
 70
     1
102
RTVSPropertyOp22
 70
     1
102
RTVSPropertyOp23
 70
     1
102
RTVSPropertyOp24
 70
     1
102
RTVSPropertyOp25
 70
     1
102
RTVSPropertyOp26
 70
     1
102
RTVSPropertyOp27
 70
     1
102
RTVSPropertyOp28
 70
     1
102
RTVSPropertyOp29
 70
     1
102
RTVSPropertyOp30
 70
     1
102
RTVSPropertyOp31
 70
     1
102
RTVSPropertyOp32
 70
     1
102
RTVSPropertyOp33
 70
     1
102
RTVSPropertyOp34
 70
     1
102
RTVSPropertyOp35
 70
     1
102
RTVSPropertyOp36
 70
     1
102
RTVSPropertyOp37
 70
     1
102
RTVSPropertyOp38
 70
     1
102
RTVSPropertyOp39
 70
     1
102
RTVSPropertyOp40
 70
     1
102
RTVSPropertyOp41
 70
     1
102
RTVSPropertyOp42
 70
     1
102
RTVSPropertyOp43
 70
     1
102
RTVSPropertyOp44
 70
     1
102
RTVSPropertyOp45
 70
     1
102
RTVSPropertyOp46
 70
     1
102
RTVSPropertyOp47
 70
     1
102
RTVSPropertyOp48
 70
     1
102
RTVSPropertyOp49
 70
     1
102
RTVSPropertyOp50
 70
     1
102
RTVSPropertyOp51
 70
     0
102
RTVSPropertyOp52
 70
     0
102
RTVSPropertyOp53
 70
     1
102
RTVSPropertyOp54
 70
     1
102
RTVSPropertyOp55
 70
     1
102
RTVSPropertyOp56
 70
     1
102
RTVSPropertyOp57
 70
     1
102
RTVSPost2010Prop28
280
     1
102
RTVSPost2010PropOp28
 70
     1
102
RTVSPost2010Prop29
280
     1
102
RTVSPost2010PropOp29
 70
     1
102
RTVSPost2010Prop30
280
     0
102
RTVSPost2010PropOp30
 70
     1
102
RTVSPost2010Prop31
280
     0
102
RTVSPost2010PropOp31
 70
     1
102
RTVSPost2010Prop32
280
     0
102
RTVSPost2010PropOp32
 70
     1
102
RTVSPost2010Prop33
280
     0
102
RTVSPost2010PropOp33
 70
     1
102
RTVSPost2010Prop34
280
     0
102
RTVSPost2010PropOp34
 70
     1
102
RTVSPost2010Prop35
280
     0
102
RTVSPost2010PropOp35
 70
     1
102
RTVSPost2010Prop36
280
     0
102
RTVSPost2010PropOp36
 70
     1
102
RTVSPost2010Prop37
 90
       50
102
RTVSPost2010PropOp37
 70
     1
102
RTVSPost2010Prop38
140
0.0
102
RTVSPost2010PropOp38
 70
     1
102
RTVSPost2010Prop39
140
1.0
102
RTVSPost2010PropOp39
 70
     1
102
RTVSPost2010Prop40
 90
        0
102
RTVSPost2010PropOp40
 70
     1
102
RTVSPost2010Prop41ColorIndex
 90
       18
102
RTVSPost2010Prop41ColorRGB
 90
        0
102
RTVSPost2010PropOp41
 70
     1
102
RTVSPost2010Prop42
 90
       50
102
RTVSPost2010PropOp42
 70
     1
102
RTVSPost2010Prop43
 90
        3
102
RTVSPost2010PropOp43
 70
     1
102
RTVSPost2010Prop44ColorIndex
 90
        5
102
RTVSPost2010Prop44ColorRGB
 90
      255
102
RTVSPost2010PropOp44
 70
     1
102
RTVSPost2010Prop45
280
     0
102
RTVSPost2010PropOp45
 70
     1
102
RTVSPost2010Prop46
 90
       50
102
RTVSPost2010PropOp46
 70
     1
102
RTVSPost2010Prop47
 90
       50
102
RTVSPost2010PropOp47
 70
     1
102
RTVSPost2010Prop48
 90
       50
102
RTVSPost2010PropOp48
 70
     1
102
RTVSPost2010Prop49
280
     0
102
RTVSPost2010PropOp49
 70
     1
102
RTVSPost2010Prop50
 90
       50
102
RTVSPost2010PropOp50
 70
     1
102
RTVSPost2010Prop51ColorIndex
 90
      256
102
RTVSPost2010Prop51ColorRGB
 90
-16777216
102
RTVSPost2010PropOp51
 70
     0
102
RTVSPost2010Prop52
140
1.0
102
RTVSPost2010PropOp52
 70
     0
102
RTVSPost2010Prop53
 90
        2
102
RTVSPost2010PropOp53
 70
     1
102
RTVSPost2010Prop54
  1
strokes_ogs.tif
102
RTVSPost2010PropOp54
 70
     1
102
RTVSPost2010Prop55
280
     0
102
RTVSPost2010PropOp55
 70
     1
102
RTVSPost2010Prop56
140
1.0
102
RTVSPost2010PropOp56
 70
     1
102
RTVSPost2010Prop57
140
1.0
102
RTVSPost2010PropOp57
 70
     1
  0
XRECORD
  5
14A4
102
{ACAD_REACTORS
330
14A3
102
}
330
14A3
100
AcDbXrecord
280
     1
102
RTVSPropertyOp0
 70
     1
102
RTVSPropertyOp1
 70
     1
102
RTVSPropertyOp2
 70
     1
102
RTVSPropertyOp3
 70
     1
102
RTVSPropertyOp4
 70
     1
102
RTVSPropertyOp5
 70
     1
102
RTVSPropertyOp6
 70
     1
102
RTVSPropertyOp7
 70
     1
102
RTVSPropertyOp8
 70
     1
102
RTVSPropertyOp9
 70
     1
102
RTVSPropertyOp10
 70
     1
102
RTVSPropertyOp11
 70
     1
102
RTVSPropertyOp12
 70
     1
102
RTVSPropertyOp13
 70
     1
102
RTVSPropertyOp14
 70
     1
102
RTVSPropertyOp15
 70
     1
102
RTVSPropertyOp16
 70
     1
102
RTVSPropertyOp17
 70
     1
102
RTVSPropertyOp18
 70
     1
102
RTVSPropertyOp19
 70
     1
102
RTVSPropertyOp20
 70
     1
102
RTVSPropertyOp21
 70
     1
102
RTVSPropertyOp22
 70
     1
102
RTVSPropertyOp23
 70
     1
102
RTVSPropertyOp24
 70
     1
102
RTVSPropertyOp25
 70
     1
102
RTVSPropertyOp26
 70
     1
102
RTVSPropertyOp27
 70
     1
102
RTVSPropertyOp28
 70
     1
102
RTVSPropertyOp29
 70
     1
102
RTVSPropertyOp30
 70
     1
102
RTVSPropertyOp31
 70
     1
102
RTVSPropertyOp32
 70
     1
102
RTVSPropertyOp33
 70
     1
102
RTVSPropertyOp34
 70
     1
102
RTVSPropertyOp35
 70
     1
102
RTVSPropertyOp36
 70
     1
102
RTVSPropertyOp37
 70
     1
102
RTVSPropertyOp38
 70
     1
102
RTVSPropertyOp39
 70
     1
102
RTVSPropertyOp40
 70
     1
102
RTVSPropertyOp41
 70
     1
102
RTVSPropertyOp42
 70
     1
102
RTVSPropertyOp43
 70
     1
102
RTVSPropertyOp44
 70
     1
102
RTVSPropertyOp45
 70
     1
102
RTVSPropertyOp46
 70
     1
102
RTVSPropertyOp47
 70
     1
102
RTVSPropertyOp48
 70
     1
102
RTVSPropertyOp49
 70
     1
102
RTVSPropertyOp50
 70
     1
102
RTVSPropertyOp51
 70
     0
102
RTVSPropertyOp52
 70
     0
102
RTVSPropertyOp53
 70
     1
102
RTVSPropertyOp54
 70
     1
102
RTVSPropertyOp55
 70
     1
102
RTVSPropertyOp56
 70
     1
102
RTVSPropertyOp57
 70
     1
102
RTVSPost2010Prop28
280
     0
102
RTVSPost2010PropOp28
 70
     1
102
RTVSPost2010Prop29
280
     1
102
RTVSPost2010PropOp29
 70
     1
102
RTVSPost2010Prop30
280
     1
102
RTVSPost2010PropOp30
 70
     1
102
RTVSPost2010Prop31
280
     0
102
RTVSPost2010PropOp31
 70
     1
102
RTVSPost2010Prop32
280
     0
102
RTVSPost2010PropOp32
 70
     1
102
RTVSPost2010Prop33
280
     0
102
RTVSPost2010PropOp33
 70
     1
102
RTVSPost2010Prop34
280
     0
102
RTVSPost2010PropOp34
 70
     1
102
RTVSPost2010Prop35
280
     0
102
RTVSPost2010PropOp35
 70
     1
102
RTVSPost2010Prop36
280
     0
102
RTVSPost2010PropOp36
 70
     1
102
RTVSPost2010Prop37
 90
       50
102
RTVSPost2010PropOp37
 70
     1
102
RTVSPost2010Prop38
140
0.0
102
RTVSPost2010PropOp38
 70
     1
102
RTVSPost2010Prop39
140
1.0
102
RTVSPost2010PropOp39
 70
     1
102
RTVSPost2010Prop40
 90
        0
102
RTVSPost2010PropOp40
 70
     1
102
RTVSPost2010Prop41ColorIndex
 90
       18
102
RTVSPost2010Prop41ColorRGB
 90
        0
102
RTVSPost2010PropOp41
 70
     1
102
RTVSPost2010Prop42
 90
       50
102
RTVSPost2010PropOp42
 70
     1
102
RTVSPost2010Prop43
 90
        3
102
RTVSPost2010PropOp43
 70
     1
102
RTVSPost2010Prop44ColorIndex
 90
        5
102
RTVSPost2010Prop44ColorRGB
 90
      255
102
RTVSPost2010PropOp44
 70
     1
102
RTVSPost2010Prop45
280
     0
102
RTVSPost2010PropOp45
 70
     1
102
RTVSPost2010Prop46
 90
       50
102
RTVSPost2010PropOp46
 70
     1
102
RTVSPost2010Prop47
 90
       50
102
RTVSPost2010PropOp47
 70
     1
102
RTVSPost2010Prop48
 90
       50
102
RTVSPost2010PropOp48
 70
     1
102
RTVSPost2010Prop49
280
     0
102
RTVSPost2010PropOp49
 70
     1
102
RTVSPost2010Prop50
 90
       50
102
RTVSPost2010PropOp50
 70
     1
102
RTVSPost2010Prop51ColorIndex
 90
      256
102
RTVSPost2010Prop51ColorRGB
 90
-16777216
102
RTVSPost2010PropOp51
 70
     0
102
RTVSPost2010Prop52
140
1.0
102
RTVSPost2010PropOp52
 70
     0
102
RTVSPost2010Prop53
 90
        2
102
RTVSPost2010PropOp53
 70
     1
102
RTVSPost2010Prop54
  1
strokes_ogs.tif
102
RTVSPost2010PropOp54
 70
     1
102
RTVSPost2010Prop55
280
     0
102
RTVSPost2010PropOp55
 70
     1
102
RTVSPost2010Prop56
140
1.0
102
RTVSPost2010PropOp56
 70
     1
102
RTVSPost2010Prop57
140
1.0
102
RTVSPost2010PropOp57
 70
     1
  0
XRECORD
  5
14A6
102
{ACAD_REACTORS
330
14A5
102
}
330
14A5
100
AcDbXrecord
280
     1
102
RTVSPropertyOp0
 70
     1
102
RTVSPropertyOp1
 70
     1
102
RTVSPropertyOp2
 70
     1
102
RTVSPropertyOp3
 70
     1
102
RTVSPropertyOp4
 70
     1
102
RTVSPropertyOp5
 70
     1
102
RTVSPropertyOp6
 70
     1
102
RTVSPropertyOp7
 70
     1
102
RTVSPropertyOp8
 70
     1
102
RTVSPropertyOp9
 70
     1
102
RTVSPropertyOp10
 70
     1
102
RTVSPropertyOp11
 70
     1
102
RTVSPropertyOp12
 70
     1
102
RTVSPropertyOp13
 70
     1
102
RTVSPropertyOp14
 70
     1
102
RTVSPropertyOp15
 70
     1
102
RTVSPropertyOp16
 70
     1
102
RTVSPropertyOp17
 70
     1
102
RTVSPropertyOp18
 70
     1
102
RTVSPropertyOp19
 70
     1
102
RTVSPropertyOp20
 70
     1
102
RTVSPropertyOp21
 70
     1
102
RTVSPropertyOp22
 70
     1
102
RTVSPropertyOp23
 70
     1
102
RTVSPropertyOp24
 70
     1
102
RTVSPropertyOp25
 70
     1
102
RTVSPropertyOp26
 70
     1
102
RTVSPropertyOp27
 70
     1
102
RTVSPropertyOp28
 70
     1
102
RTVSPropertyOp29
 70
     1
102
RTVSPropertyOp30
 70
     1
102
RTVSPropertyOp31
 70
     1
102
RTVSPropertyOp32
 70
     1
102
RTVSPropertyOp33
 70
     1
102
RTVSPropertyOp34
 70
     1
102
RTVSPropertyOp35
 70
     1
102
RTVSPropertyOp36
 70
     1
102
RTVSPropertyOp37
 70
     1
102
RTVSPropertyOp38
 70
     1
102
RTVSPropertyOp39
 70
     1
102
RTVSPropertyOp40
 70
     1
102
RTVSPropertyOp41
 70
     1
102
RTVSPropertyOp42
 70
     1
102
RTVSPropertyOp43
 70
     1
102
RTVSPropertyOp44
 70
     1
102
RTVSPropertyOp45
 70
     1
102
RTVSPropertyOp46
 70
     1
102
RTVSPropertyOp47
 70
     1
102
RTVSPropertyOp48
 70
     1
102
RTVSPropertyOp49
 70
     1
102
RTVSPropertyOp50
 70
     1
102
RTVSPropertyOp51
 70
     0
102
RTVSPropertyOp52
 70
     0
102
RTVSPropertyOp53
 70
     1
102
RTVSPropertyOp54
 70
     1
102
RTVSPropertyOp55
 70
     1
102
RTVSPropertyOp56
 70
     1
102
RTVSPropertyOp57
 70
     1
102
RTVSPost2010Prop28
280
     0
102
RTVSPost2010PropOp28
 70
     1
102
RTVSPost2010Prop29
280
     1
102
RTVSPost2010PropOp29
 70
     1
102
RTVSPost2010Prop30
280
     1
102
RTVSPost2010PropOp30
 70
     1
102
RTVSPost2010Prop31
280
     0
102
RTVSPost2010PropOp31
 70
     1
102
RTVSPost2010Prop32
280
     0
102
RTVSPost2010PropOp32
 70
     1
102
RTVSPost2010Prop33
280
     0
102
RTVSPost2010PropOp33
 70
     1
102
RTVSPost2010Prop34
280
     0
102
RTVSPost2010PropOp34
 70
     1
102
RTVSPost2010Prop35
280
     0
102
RTVSPost2010PropOp35
 70
     1
102
RTVSPost2010Prop36
280
     0
102
RTVSPost2010PropOp36
 70
     1
102
RTVSPost2010Prop37
 90
       50
102
RTVSPost2010PropOp37
 70
     1
102
RTVSPost2010Prop38
140
0.0
102
RTVSPost2010PropOp38
 70
     1
102
RTVSPost2010Prop39
140
1.0
102
RTVSPost2010PropOp39
 70
     1
102
RTVSPost2010Prop40
 90
        0
102
RTVSPost2010PropOp40
 70
     1
102
RTVSPost2010Prop41ColorIndex
 90
       18
102
RTVSPost2010Prop41ColorRGB
 90
        0
102
RTVSPost2010PropOp41
 70
     1
102
RTVSPost2010Prop42
 90
       50
102
RTVSPost2010PropOp42
 70
     1
102
RTVSPost2010Prop43
 90
        3
102
RTVSPost2010PropOp43
 70
     1
102
RTVSPost2010Prop44ColorIndex
 90
        5
102
RTVSPost2010Prop44ColorRGB
 90
      255
102
RTVSPost2010PropOp44
 70
     1
102
RTVSPost2010Prop45
280
     0
102
RTVSPost2010PropOp45
 70
     1
102
RTVSPost2010Prop46
 90
       50
102
RTVSPost2010PropOp46
 70
     1
102
RTVSPost2010Prop47
 90
       50
102
RTVSPost2010PropOp47
 70
     1
102
RTVSPost2010Prop48
 90
       50
102
RTVSPost2010PropOp48
 70
     1
102
RTVSPost2010Prop49
280
     0
102
RTVSPost2010PropOp49
 70
     1
102
RTVSPost2010Prop50
 90
       50
102
RTVSPost2010PropOp50
 70
     1
102
RTVSPost2010Prop51ColorIndex
 90
      256
102
RTVSPost2010Prop51ColorRGB
 90
-16777216
102
RTVSPost2010PropOp51
 70
     0
102
RTVSPost2010Prop52
140
1.0
102
RTVSPost2010PropOp52
 70
     0
102
RTVSPost2010Prop53
 90
        2
102
RTVSPost2010PropOp53
 70
     1
102
RTVSPost2010Prop54
  1
strokes_ogs.tif
102
RTVSPost2010PropOp54
 70
     1
102
RTVSPost2010Prop55
280
     0
102
RTVSPost2010PropOp55
 70
     1
102
RTVSPost2010Prop56
140
1.0
102
RTVSPost2010PropOp56
 70
     1
102
RTVSPost2010Prop57
140
1.0
102
RTVSPost2010PropOp57
 70
     1
  0
XRECORD
  5
14A8
102
{ACAD_REACTORS
330
14A7
102
}
330
14A7
100
AcDbXrecord
280
     1
102
RTVSPropertyOp0
 70
     1
102
RTVSPropertyOp1
 70
     1
102
RTVSPropertyOp2
 70
     1
102
RTVSPropertyOp3
 70
     1
102
RTVSPropertyOp4
 70
     1
102
RTVSPropertyOp5
 70
     1
102
RTVSPropertyOp6
 70
     1
102
RTVSPropertyOp7
 70
     1
102
RTVSPropertyOp8
 70
     1
102
RTVSPropertyOp9
 70
     1
102
RTVSPropertyOp10
 70
     1
102
RTVSPropertyOp11
 70
     1
102
RTVSPropertyOp12
 70
     1
102
RTVSPropertyOp13
 70
     1
102
RTVSPropertyOp14
 70
     1
102
RTVSPropertyOp15
 70
     1
102
RTVSPropertyOp16
 70
     1
102
RTVSPropertyOp17
 70
     1
102
RTVSPropertyOp18
 70
     1
102
RTVSPropertyOp19
 70
     1
102
RTVSPropertyOp20
 70
     1
102
RTVSPropertyOp21
 70
     1
102
RTVSPropertyOp22
 70
     1
102
RTVSPropertyOp23
 70
     1
102
RTVSPropertyOp24
 70
     1
102
RTVSPropertyOp25
 70
     1
102
RTVSPropertyOp26
 70
     1
102
RTVSPropertyOp27
 70
     1
102
RTVSPropertyOp28
 70
     1
102
RTVSPropertyOp29
 70
     1
102
RTVSPropertyOp30
 70
     1
102
RTVSPropertyOp31
 70
     1
102
RTVSPropertyOp32
 70
     1
102
RTVSPropertyOp33
 70
     1
102
RTVSPropertyOp34
 70
     1
102
RTVSPropertyOp35
 70
     1
102
RTVSPropertyOp36
 70
     1
102
RTVSPropertyOp37
 70
     1
102
RTVSPropertyOp38
 70
     1
102
RTVSPropertyOp39
 70
     1
102
RTVSPropertyOp40
 70
     1
102
RTVSPropertyOp41
 70
     1
102
RTVSPropertyOp42
 70
     1
102
RTVSPropertyOp43
 70
     1
102
RTVSPropertyOp44
 70
     1
102
RTVSPropertyOp45
 70
     1
102
RTVSPropertyOp46
 70
     1
102
RTVSPropertyOp47
 70
     1
102
RTVSPropertyOp48
 70
     1
102
RTVSPropertyOp49
 70
     1
102
RTVSPropertyOp50
 70
     1
102
RTVSPropertyOp51
 70
     0
102
RTVSPropertyOp52
 70
     0
102
RTVSPropertyOp53
 70
     1
102
RTVSPropertyOp54
 70
     1
102
RTVSPropertyOp55
 70
     1
102
RTVSPropertyOp56
 70
     1
102
RTVSPropertyOp57
 70
     1
102
RTVSPost2010Prop28
280
     0
102
RTVSPost2010PropOp28
 70
     1
102
RTVSPost2010Prop29
280
     1
102
RTVSPost2010PropOp29
 70
     1
102
RTVSPost2010Prop30
280
     1
102
RTVSPost2010PropOp30
 70
     1
102
RTVSPost2010Prop31
280
     0
102
RTVSPost2010PropOp31
 70
     1
102
RTVSPost2010Prop32
280
     0
102
RTVSPost2010PropOp32
 70
     1
102
RTVSPost2010Prop33
280
     0
102
RTVSPost2010PropOp33
 70
     1
102
RTVSPost2010Prop34
280
     0
102
RTVSPost2010PropOp34
 70
     1
102
RTVSPost2010Prop35
280
     0
102
RTVSPost2010PropOp35
 70
     1
102
RTVSPost2010Prop36
280
     0
102
RTVSPost2010PropOp36
 70
     1
102
RTVSPost2010Prop37
 90
       50
102
RTVSPost2010PropOp37
 70
     1
102
RTVSPost2010Prop38
140
0.0
102
RTVSPost2010PropOp38
 70
     1
102
RTVSPost2010Prop39
140
1.0
102
RTVSPost2010PropOp39
 70
     1
102
RTVSPost2010Prop40
 90
        0
102
RTVSPost2010PropOp40
 70
     1
102
RTVSPost2010Prop41ColorIndex
 90
       18
102
RTVSPost2010Prop41ColorRGB
 90
        0
102
RTVSPost2010PropOp41
 70
     1
102
RTVSPost2010Prop42
 90
       50
102
RTVSPost2010PropOp42
 70
     1
102
RTVSPost2010Prop43
 90
        3
102
RTVSPost2010PropOp43
 70
     1
102
RTVSPost2010Prop44ColorIndex
 90
        5
102
RTVSPost2010Prop44ColorRGB
 90
      255
102
RTVSPost2010PropOp44
 70
     1
102
RTVSPost2010Prop45
280
     0
102
RTVSPost2010PropOp45
 70
     1
102
RTVSPost2010Prop46
 90
       50
102
RTVSPost2010PropOp46
 70
     1
102
RTVSPost2010Prop47
 90
       50
102
RTVSPost2010PropOp47
 70
     1
102
RTVSPost2010Prop48
 90
       50
102
RTVSPost2010PropOp48
 70
     1
102
RTVSPost2010Prop49
280
     0
102
RTVSPost2010PropOp49
 70
     1
102
RTVSPost2010Prop50
 90
       50
102
RTVSPost2010PropOp50
 70
     1
102
RTVSPost2010Prop51ColorIndex
 90
      256
102
RTVSPost2010Prop51ColorRGB
 90
-16777216
102
RTVSPost2010PropOp51
 70
     0
102
RTVSPost2010Prop52
140
1.0
102
RTVSPost2010PropOp52
 70
     0
102
RTVSPost2010Prop53
 90
        2
102
RTVSPost2010PropOp53
 70
     1
102
RTVSPost2010Prop54
  1
strokes_ogs.tif
102
RTVSPost2010PropOp54
 70
     1
102
RTVSPost2010Prop55
280
     0
102
RTVSPost2010PropOp55
 70
     1
102
RTVSPost2010Prop56
140
1.0
102
RTVSPost2010PropOp56
 70
     1
102
RTVSPost2010Prop57
140
1.0
102
RTVSPost2010PropOp57
 70
     1
  0
XRECORD
  5
14AA
102
{ACAD_REACTORS
330
14A9
102
}
330
14A9
100
AcDbXrecord
280
     1
102
RTVSPropertyOp0
 70
     1
102
RTVSPropertyOp1
 70
     1
102
RTVSPropertyOp2
 70
     1
102
RTVSPropertyOp3
 70
     1
102
RTVSPropertyOp4
 70
     1
102
RTVSPropertyOp5
 70
     1
102
RTVSPropertyOp6
 70
     1
102
RTVSPropertyOp7
 70
     1
102
RTVSPropertyOp8
 70
     1
102
RTVSPropertyOp9
 70
     1
102
RTVSPropertyOp10
 70
     1
102
RTVSPropertyOp11
 70
     1
102
RTVSPropertyOp12
 70
     1
102
RTVSPropertyOp13
 70
     1
102
RTVSPropertyOp14
 70
     1
102
RTVSPropertyOp15
 70
     1
102
RTVSPropertyOp16
 70
     1
102
RTVSPropertyOp17
 70
     1
102
RTVSPropertyOp18
 70
     1
102
RTVSPropertyOp19
 70
     1
102
RTVSPropertyOp20
 70
     1
102
RTVSPropertyOp21
 70
     1
102
RTVSPropertyOp22
 70
     1
102
RTVSPropertyOp23
 70
     1
102
RTVSPropertyOp24
 70
     1
102
RTVSPropertyOp25
 70
     1
102
RTVSPropertyOp26
 70
     1
102
RTVSPropertyOp27
 70
     1
102
RTVSPropertyOp28
 70
     1
102
RTVSPropertyOp29
 70
     1
102
RTVSPropertyOp30
 70
     1
102
RTVSPropertyOp31
 70
     1
102
RTVSPropertyOp32
 70
     1
102
RTVSPropertyOp33
 70
     1
102
RTVSPropertyOp34
 70
     1
102
RTVSPropertyOp35
 70
     1
102
RTVSPropertyOp36
 70
     1
102
RTVSPropertyOp37
 70
     1
102
RTVSPropertyOp38
 70
     1
102
RTVSPropertyOp39
 70
     1
102
RTVSPropertyOp40
 70
     1
102
RTVSPropertyOp41
 70
     1
102
RTVSPropertyOp42
 70
     1
102
RTVSPropertyOp43
 70
     1
102
RTVSPropertyOp44
 70
     1
102
RTVSPropertyOp45
 70
     1
102
RTVSPropertyOp46
 70
     1
102
RTVSPropertyOp47
 70
     1
102
RTVSPropertyOp48
 70
     1
102
RTVSPropertyOp49
 70
     1
102
RTVSPropertyOp50
 70
     1
102
RTVSPropertyOp51
 70
     0
102
RTVSPropertyOp52
 70
     0
102
RTVSPropertyOp53
 70
     1
102
RTVSPropertyOp54
 70
     1
102
RTVSPropertyOp55
 70
     1
102
RTVSPropertyOp56
 70
     1
102
RTVSPropertyOp57
 70
     1
102
RTVSPost2010Prop28
280
     0
102
RTVSPost2010PropOp28
 70
     1
102
RTVSPost2010Prop29
280
     1
102
RTVSPost2010PropOp29
 70
     1
102
RTVSPost2010Prop30
280
     1
102
RTVSPost2010PropOp30
 70
     1
102
RTVSPost2010Prop31
280
     0
102
RTVSPost2010PropOp31
 70
     1
102
RTVSPost2010Prop32
280
     0
102
RTVSPost2010PropOp32
 70
     1
102
RTVSPost2010Prop33
280
     0
102
RTVSPost2010PropOp33
 70
     1
102
RTVSPost2010Prop34
280
     0
102
RTVSPost2010PropOp34
 70
     1
102
RTVSPost2010Prop35
280
     0
102
RTVSPost2010PropOp35
 70
     1
102
RTVSPost2010Prop36
280
     0
102
RTVSPost2010PropOp36
 70
     1
102
RTVSPost2010Prop37
 90
       50
102
RTVSPost2010PropOp37
 70
     1
102
RTVSPost2010Prop38
140
0.0
102
RTVSPost2010PropOp38
 70
     1
102
RTVSPost2010Prop39
140
1.0
102
RTVSPost2010PropOp39
 70
     1
102
RTVSPost2010Prop40
 90
        0
102
RTVSPost2010PropOp40
 70
     1
102
RTVSPost2010Prop41ColorIndex
 90
       18
102
RTVSPost2010Prop41ColorRGB
 90
        0
102
RTVSPost2010PropOp41
 70
     1
102
RTVSPost2010Prop42
 90
       50
102
RTVSPost2010PropOp42
 70
     1
102
RTVSPost2010Prop43
 90
        3
102
RTVSPost2010PropOp43
 70
     1
102
RTVSPost2010Prop44ColorIndex
 90
        5
102
RTVSPost2010Prop44ColorRGB
 90
      255
102
RTVSPost2010PropOp44
 70
     1
102
RTVSPost2010Prop45
280
     0
102
RTVSPost2010PropOp45
 70
     1
102
RTVSPost2010Prop46
 90
       50
102
RTVSPost2010PropOp46
 70
     1
102
RTVSPost2010Prop47
 90
       50
102
RTVSPost2010PropOp47
 70
     1
102
RTVSPost2010Prop48
 90
       50
102
RTVSPost2010PropOp48
 70
     1
102
RTVSPost2010Prop49
280
     0
102
RTVSPost2010PropOp49
 70
     1
102
RTVSPost2010Prop50
 90
       50
102
RTVSPost2010PropOp50
 70
     1
102
RTVSPost2010Prop51ColorIndex
 90
      256
102
RTVSPost2010Prop51ColorRGB
 90
-16777216
102
RTVSPost2010PropOp51
 70
     0
102
RTVSPost2010Prop52
140
1.0
102
RTVSPost2010PropOp52
 70
     0
102
RTVSPost2010Prop53
 90
        2
102
RTVSPost2010PropOp53
 70
     1
102
RTVSPost2010Prop54
  1
strokes_ogs.tif
102
RTVSPost2010PropOp54
 70
     1
102
RTVSPost2010Prop55
280
     0
102
RTVSPost2010PropOp55
 70
     1
102
RTVSPost2010Prop56
140
1.0
102
RTVSPost2010PropOp56
 70
     1
102
RTVSPost2010Prop57
140
1.0
102
RTVSPost2010PropOp57
 70
     1
  0
XRECORD
  5
14AC
102
{ACAD_REACTORS
330
14AB
102
}
330
14AB
100
AcDbXrecord
280
     1
102
RTVSPropertyOp0
 70
     1
102
RTVSPropertyOp1
 70
     1
102
RTVSPropertyOp2
 70
     1
102
RTVSPropertyOp3
 70
     1
102
RTVSPropertyOp4
 70
     1
102
RTVSPropertyOp5
 70
     1
102
RTVSPropertyOp6
 70
     1
102
RTVSPropertyOp7
 70
     1
102
RTVSPropertyOp8
 70
     1
102
RTVSPropertyOp9
 70
     1
102
RTVSPropertyOp10
 70
     1
102
RTVSPropertyOp11
 70
     1
102
RTVSPropertyOp12
 70
     1
102
RTVSPropertyOp13
 70
     1
102
RTVSPropertyOp14
 70
     1
102
RTVSPropertyOp15
 70
     1
102
RTVSPropertyOp16
 70
     1
102
RTVSPropertyOp17
 70
     1
102
RTVSPropertyOp18
 70
     1
102
RTVSPropertyOp19
 70
     1
102
RTVSPropertyOp20
 70
     1
102
RTVSPropertyOp21
 70
     1
102
RTVSPropertyOp22
 70
     1
102
RTVSPropertyOp23
 70
     1
102
RTVSPropertyOp24
 70
     1
102
RTVSPropertyOp25
 70
     1
102
RTVSPropertyOp26
 70
     1
102
RTVSPropertyOp27
 70
     1
102
RTVSPropertyOp28
 70
     1
102
RTVSPropertyOp29
 70
     1
102
RTVSPropertyOp30
 70
     1
102
RTVSPropertyOp31
 70
     1
102
RTVSPropertyOp32
 70
     1
102
RTVSPropertyOp33
 70
     1
102
RTVSPropertyOp34
 70
     1
102
RTVSPropertyOp35
 70
     1
102
RTVSPropertyOp36
 70
     1
102
RTVSPropertyOp37
 70
     1
102
RTVSPropertyOp38
 70
     1
102
RTVSPropertyOp39
 70
     1
102
RTVSPropertyOp40
 70
     1
102
RTVSPropertyOp41
 70
     1
102
RTVSPropertyOp42
 70
     1
102
RTVSPropertyOp43
 70
     1
102
RTVSPropertyOp44
 70
     1
102
RTVSPropertyOp45
 70
     1
102
RTVSPropertyOp46
 70
     1
102
RTVSPropertyOp47
 70
     1
102
RTVSPropertyOp48
 70
     1
102
RTVSPropertyOp49
 70
     1
102
RTVSPropertyOp50
 70
     1
102
RTVSPropertyOp51
 70
     0
102
RTVSPropertyOp52
 70
     0
102
RTVSPropertyOp53
 70
     1
102
RTVSPropertyOp54
 70
     1
102
RTVSPropertyOp55
 70
     1
102
RTVSPropertyOp56
 70
     1
102
RTVSPropertyOp57
 70
     1
102
RTVSPost2010Prop28
280
     0
102
RTVSPost2010PropOp28
 70
     1
102
RTVSPost2010Prop29
280
     1
102
RTVSPost2010PropOp29
 70
     1
102
RTVSPost2010Prop30
280
     1
102
RTVSPost2010PropOp30
 70
     1
102
RTVSPost2010Prop31
280
     0
102
RTVSPost2010PropOp31
 70
     1
102
RTVSPost2010Prop32
280
     0
102
RTVSPost2010PropOp32
 70
     1
102
RTVSPost2010Prop33
280
     0
102
RTVSPost2010PropOp33
 70
     1
102
RTVSPost2010Prop34
280
     0
102
RTVSPost2010PropOp34
 70
     1
102
RTVSPost2010Prop35
280
     0
102
RTVSPost2010PropOp35
 70
     1
102
RTVSPost2010Prop36
280
     0
102
RTVSPost2010PropOp36
 70
     1
102
RTVSPost2010Prop37
 90
       50
102
RTVSPost2010PropOp37
 70
     1
102
RTVSPost2010Prop38
140
0.0
102
RTVSPost2010PropOp38
 70
     1
102
RTVSPost2010Prop39
140
1.0
102
RTVSPost2010PropOp39
 70
     1
102
RTVSPost2010Prop40
 90
        0
102
RTVSPost2010PropOp40
 70
     1
102
RTVSPost2010Prop41ColorIndex
 90
       18
102
RTVSPost2010Prop41ColorRGB
 90
        0
102
RTVSPost2010PropOp41
 70
     1
102
RTVSPost2010Prop42
 90
       50
102
RTVSPost2010PropOp42
 70
     1
102
RTVSPost2010Prop43
 90
        3
102
RTVSPost2010PropOp43
 70
     1
102
RTVSPost2010Prop44ColorIndex
 90
        5
102
RTVSPost2010Prop44ColorRGB
 90
      255
102
RTVSPost2010PropOp44
 70
     1
102
RTVSPost2010Prop45
280
     0
102
RTVSPost2010PropOp45
 70
     1
102
RTVSPost2010Prop46
 90
       50
102
RTVSPost2010PropOp46
 70
     1
102
RTVSPost2010Prop47
 90
       50
102
RTVSPost2010PropOp47
 70
     1
102
RTVSPost2010Prop48
 90
       50
102
RTVSPost2010PropOp48
 70
     1
102
RTVSPost2010Prop49
280
     0
102
RTVSPost2010PropOp49
 70
     1
102
RTVSPost2010Prop50
 90
       50
102
RTVSPost2010PropOp50
 70
     1
102
RTVSPost2010Prop51ColorIndex
 90
      256
102
RTVSPost2010Prop51ColorRGB
 90
-16777216
102
RTVSPost2010PropOp51
 70
     0
102
RTVSPost2010Prop52
140
1.0
102
RTVSPost2010PropOp52
 70
     0
102
RTVSPost2010Prop53
 90
        2
102
RTVSPost2010PropOp53
 70
     1
102
RTVSPost2010Prop54
  1
strokes_ogs.tif
102
RTVSPost2010PropOp54
 70
     1
102
RTVSPost2010Prop55
280
     0
102
RTVSPost2010PropOp55
 70
     1
102
RTVSPost2010Prop56
140
1.0
102
RTVSPost2010PropOp56
 70
     1
102
RTVSPost2010Prop57
140
1.0
102
RTVSPost2010PropOp57
 70
     1
  0
XRECORD
  5
14AE
102
{ACAD_REACTORS
330
14AD
102
}
330
14AD
100
AcDbXrecord
280
     1
102
RTVSPropertyOp0
 70
     0
102
RTVSPropertyOp1
 70
     0
102
RTVSPropertyOp2
 70
     0
102
RTVSPropertyOp3
 70
     0
102
RTVSPropertyOp4
 70
     0
102
RTVSPropertyOp5
 70
     0
102
RTVSPropertyOp6
 70
     0
102
RTVSPropertyOp7
 70
     0
102
RTVSPropertyOp8
 70
     0
102
RTVSPropertyOp9
 70
     0
102
RTVSPropertyOp10
 70
     0
102
RTVSPropertyOp11
 70
     0
102
RTVSPropertyOp12
 70
     0
102
RTVSPropertyOp13
 70
     0
102
RTVSPropertyOp14
 70
     2
102
RTVSPropertyOp15
 70
     0
102
RTVSPropertyOp16
 70
     0
102
RTVSPropertyOp17
 70
     0
102
RTVSPropertyOp18
 70
     0
102
RTVSPropertyOp19
 70
     0
102
RTVSPropertyOp20
 70
     0
102
RTVSPropertyOp21
 70
     0
102
RTVSPropertyOp22
 70
     0
102
RTVSPropertyOp23
 70
     0
102
RTVSPropertyOp24
 70
     0
102
RTVSPropertyOp25
 70
     0
102
RTVSPropertyOp26
 70
     0
102
RTVSPropertyOp27
 70
     0
102
RTVSPropertyOp28
 70
     0
102
RTVSPropertyOp29
 70
     0
102
RTVSPropertyOp30
 70
     0
102
RTVSPropertyOp31
 70
     0
102
RTVSPropertyOp32
 70
     0
102
RTVSPropertyOp33
 70
     0
102
RTVSPropertyOp34
 70
     0
102
RTVSPropertyOp35
 70
     0
102
RTVSPropertyOp36
 70
     0
102
RTVSPropertyOp37
 70
     0
102
RTVSPropertyOp38
 70
     0
102
RTVSPropertyOp39
 70
     0
102
RTVSPropertyOp40
 70
     0
102
RTVSPropertyOp41
 70
     0
102
RTVSPropertyOp42
 70
     0
102
RTVSPropertyOp43
 70
     0
102
RTVSPropertyOp44
 70
     0
102
RTVSPropertyOp45
 70
     0
102
RTVSPropertyOp46
 70
     0
102
RTVSPropertyOp47
 70
     0
102
RTVSPropertyOp48
 70
     0
102
RTVSPropertyOp49
 70
     0
102
RTVSPropertyOp50
 70
     0
102
RTVSPropertyOp51
 70
     0
102
RTVSPropertyOp52
 70
     0
102
RTVSPropertyOp53
 70
     0
102
RTVSPropertyOp54
 70
     0
102
RTVSPropertyOp55
 70
     0
102
RTVSPropertyOp56
 70
     0
102
RTVSPropertyOp57
 70
     0
102
RTVSPost2010Prop28
280
     0
102
RTVSPost2010PropOp28
 70
     0
102
RTVSPost2010Prop29
280
     1
102
RTVSPost2010PropOp29
 70
     0
102
RTVSPost2010Prop30
280
     1
102
RTVSPost2010PropOp30
 70
     0
102
RTVSPost2010Prop31
280
     0
102
RTVSPost2010PropOp31
 70
     0
102
RTVSPost2010Prop32
280
     0
102
RTVSPost2010PropOp32
 70
     0
102
RTVSPost2010Prop33
280
     0
102
RTVSPost2010PropOp33
 70
     0
102
RTVSPost2010Prop34
280
     0
102
RTVSPost2010PropOp34
 70
     0
102
RTVSPost2010Prop35
280
     0
102
RTVSPost2010PropOp35
 70
     0
102
RTVSPost2010Prop36
280
     0
102
RTVSPost2010PropOp36
 70
     0
102
RTVSPost2010Prop37
 90
       50
102
RTVSPost2010PropOp37
 70
     0
102
RTVSPost2010Prop38
140
0.0
102
RTVSPost2010PropOp38
 70
     0
102
RTVSPost2010Prop39
140
1.0
102
RTVSPost2010PropOp39
 70
     0
102
RTVSPost2010Prop40
 90
        0
102
RTVSPost2010PropOp40
 70
     0
102
RTVSPost2010Prop41ColorIndex
 90
       18
102
RTVSPost2010Prop41ColorRGB
 90
        0
102
RTVSPost2010PropOp41
 70
     0
102
RTVSPost2010Prop42
 90
       50
102
RTVSPost2010PropOp42
 70
     0
102
RTVSPost2010Prop43
 90
        3
102
RTVSPost2010PropOp43
 70
     0
102
RTVSPost2010Prop44ColorIndex
 90
        5
102
RTVSPost2010Prop44ColorRGB
 90
      255
102
RTVSPost2010PropOp44
 70
     0
102
RTVSPost2010Prop45
280
     0
102
RTVSPost2010PropOp45
 70
     0
102
RTVSPost2010Prop46
 90
       50
102
RTVSPost2010PropOp46
 70
     0
102
RTVSPost2010Prop47
 90
       50
102
RTVSPost2010PropOp47
 70
     0
102
RTVSPost2010Prop48
 90
       50
102
RTVSPost2010PropOp48
 70
     0
102
RTVSPost2010Prop49
280
     0
102
RTVSPost2010PropOp49
 70
     0
102
RTVSPost2010Prop50
 90
       50
102
RTVSPost2010PropOp50
 70
     0
102
RTVSPost2010Prop51ColorIndex
 90
      256
102
RTVSPost2010Prop51ColorRGB
 90
-16777216
102
RTVSPost2010PropOp51
 70
     0
102
RTVSPost2010Prop52
140
1.0
102
RTVSPost2010PropOp52
 70
     0
102
RTVSPost2010Prop53
 90
        2
102
RTVSPost2010PropOp53
 70
     0
102
RTVSPost2010Prop54
  1
strokes_ogs.tif
102
RTVSPost2010PropOp54
 70
     0
102
RTVSPost2010Prop55
280
     0
102
RTVSPost2010PropOp55
 70
     0
102
RTVSPost2010Prop56
140
1.0
102
RTVSPost2010PropOp56
 70
     0
102
RTVSPost2010Prop57
140
1.0
102
RTVSPost2010PropOp57
 70
     0
  0
XRECORD
  5
14B0
102
{ACAD_REACTORS
330
14AF
102
}
330
14AF
100
AcDbXrecord
280
     1
102
RTVSPropertyOp0
 70
     1
102
RTVSPropertyOp1
 70
     1
102
RTVSPropertyOp2
 70
     1
102
RTVSPropertyOp3
 70
     1
102
RTVSPropertyOp4
 70
     1
102
RTVSPropertyOp5
 70
     1
102
RTVSPropertyOp6
 70
     1
102
RTVSPropertyOp7
 70
     1
102
RTVSPropertyOp8
 70
     1
102
RTVSPropertyOp9
 70
     1
102
RTVSPropertyOp10
 70
     1
102
RTVSPropertyOp11
 70
     1
102
RTVSPropertyOp12
 70
     1
102
RTVSPropertyOp13
 70
     1
102
RTVSPropertyOp14
 70
     1
102
RTVSPropertyOp15
 70
     1
102
RTVSPropertyOp16
 70
     1
102
RTVSPropertyOp17
 70
     1
102
RTVSPropertyOp18
 70
     1
102
RTVSPropertyOp19
 70
     1
102
RTVSPropertyOp20
 70
     1
102
RTVSPropertyOp21
 70
     1
102
RTVSPropertyOp22
 70
     1
102
RTVSPropertyOp23
 70
     1
102
RTVSPropertyOp24
 70
     1
102
RTVSPropertyOp25
 70
     1
102
RTVSPropertyOp26
 70
     1
102
RTVSPropertyOp27
 70
     1
102
RTVSPropertyOp28
 70
     1
102
RTVSPropertyOp29
 70
     1
102
RTVSPropertyOp30
 70
     1
102
RTVSPropertyOp31
 70
     1
102
RTVSPropertyOp32
 70
     1
102
RTVSPropertyOp33
 70
     1
102
RTVSPropertyOp34
 70
     1
102
RTVSPropertyOp35
 70
     1
102
RTVSPropertyOp36
 70
     1
102
RTVSPropertyOp37
 70
     1
102
RTVSPropertyOp38
 70
     1
102
RTVSPropertyOp39
 70
     1
102
RTVSPropertyOp40
 70
     1
102
RTVSPropertyOp41
 70
     1
102
RTVSPropertyOp42
 70
     1
102
RTVSPropertyOp43
 70
     1
102
RTVSPropertyOp44
 70
     1
102
RTVSPropertyOp45
 70
     1
102
RTVSPropertyOp46
 70
     1
102
RTVSPropertyOp47
 70
     1
102
RTVSPropertyOp48
 70
     1
102
RTVSPropertyOp49
 70
     1
102
RTVSPropertyOp50
 70
     1
102
RTVSPropertyOp51
 70
     0
102
RTVSPropertyOp52
 70
     0
102
RTVSPropertyOp53
 70
     1
102
RTVSPropertyOp54
 70
     1
102
RTVSPropertyOp55
 70
     1
102
RTVSPropertyOp56
 70
     1
102
RTVSPropertyOp57
 70
     1
102
RTVSPost2010Prop28
280
     0
102
RTVSPost2010PropOp28
 70
     1
102
RTVSPost2010Prop29
280
     1
102
RTVSPost2010PropOp29
 70
     1
102
RTVSPost2010Prop30
280
     1
102
RTVSPost2010PropOp30
 70
     1
102
RTVSPost2010Prop31
280
     0
102
RTVSPost2010PropOp31
 70
     1
102
RTVSPost2010Prop32
280
     0
102
RTVSPost2010PropOp32
 70
     1
102
RTVSPost2010Prop33
280
     0
102
RTVSPost2010PropOp33
 70
     1
102
RTVSPost2010Prop34
280
     0
102
RTVSPost2010PropOp34
 70
     1
102
RTVSPost2010Prop35
280
     0
102
RTVSPost2010PropOp35
 70
     1
102
RTVSPost2010Prop36
280
     0
102
RTVSPost2010PropOp36
 70
     1
102
RTVSPost2010Prop37
 90
       50
102
RTVSPost2010PropOp37
 70
     1
102
RTVSPost2010Prop38
140
0.0
102
RTVSPost2010PropOp38
 70
     1
102
RTVSPost2010Prop39
140
1.0
102
RTVSPost2010PropOp39
 70
     1
102
RTVSPost2010Prop40
 90
        0
102
RTVSPost2010PropOp40
 70
     1
102
RTVSPost2010Prop41ColorIndex
 90
       18
102
RTVSPost2010Prop41ColorRGB
 90
        0
102
RTVSPost2010PropOp41
 70
     1
102
RTVSPost2010Prop42
 90
       50
102
RTVSPost2010PropOp42
 70
     1
102
RTVSPost2010Prop43
 90
        3
102
RTVSPost2010PropOp43
 70
     1
102
RTVSPost2010Prop44ColorIndex
 90
        5
102
RTVSPost2010Prop44ColorRGB
 90
      255
102
RTVSPost2010PropOp44
 70
     1
102
RTVSPost2010Prop45
280
     0
102
RTVSPost2010PropOp45
 70
     1
102
RTVSPost2010Prop46
 90
       50
102
RTVSPost2010PropOp46
 70
     1
102
RTVSPost2010Prop47
 90
       50
102
RTVSPost2010PropOp47
 70
     1
102
RTVSPost2010Prop48
 90
       50
102
RTVSPost2010PropOp48
 70
     1
102
RTVSPost2010Prop49
280
     0
102
RTVSPost2010PropOp49
 70
     1
102
RTVSPost2010Prop50
 90
       50
102
RTVSPost2010PropOp50
 70
     1
102
RTVSPost2010Prop51ColorIndex
 90
      256
102
RTVSPost2010Prop51ColorRGB
 90
-16777216
102
RTVSPost2010PropOp51
 70
     0
102
RTVSPost2010Prop52
140
1.0
102
RTVSPost2010PropOp52
 70
     0
102
RTVSPost2010Prop53
 90
        2
102
RTVSPost2010PropOp53
 70
     1
102
RTVSPost2010Prop54
  1
strokes_ogs.tif
102
RTVSPost2010PropOp54
 70
     1
102
RTVSPost2010Prop55
280
     0
102
RTVSPost2010PropOp55
 70
     1
102
RTVSPost2010Prop56
140
1.0
102
RTVSPost2010PropOp56
 70
     1
102
RTVSPost2010Prop57
140
1.0
102
RTVSPost2010PropOp57
 70
     1
  0
XRECORD
  5
14B2
102
{ACAD_REACTORS
330
14B1
102
}
330
14B1
100
AcDbXrecord
280
     1
102
RTVSPropertyOp0
 70
     1
102
RTVSPropertyOp1
 70
     1
102
RTVSPropertyOp2
 70
     1
102
RTVSPropertyOp3
 70
     1
102
RTVSPropertyOp4
 70
     1
102
RTVSPropertyOp5
 70
     1
102
RTVSPropertyOp6
 70
     1
102
RTVSPropertyOp7
 70
     1
102
RTVSPropertyOp8
 70
     1
102
RTVSPropertyOp9
 70
     1
102
RTVSPropertyOp10
 70
     1
102
RTVSPropertyOp11
 70
     1
102
RTVSPropertyOp12
 70
     1
102
RTVSPropertyOp13
 70
     1
102
RTVSPropertyOp14
 70
     1
102
RTVSPropertyOp15
 70
     1
102
RTVSPropertyOp16
 70
     1
102
RTVSPropertyOp17
 70
     1
102
RTVSPropertyOp18
 70
     1
102
RTVSPropertyOp19
 70
     1
102
RTVSPropertyOp20
 70
     1
102
RTVSPropertyOp21
 70
     1
102
RTVSPropertyOp22
 70
     1
102
RTVSPropertyOp23
 70
     1
102
RTVSPropertyOp24
 70
     1
102
RTVSPropertyOp25
 70
     1
102
RTVSPropertyOp26
 70
     1
102
RTVSPropertyOp27
 70
     1
102
RTVSPropertyOp28
 70
     1
102
RTVSPropertyOp29
 70
     1
102
RTVSPropertyOp30
 70
     1
102
RTVSPropertyOp31
 70
     1
102
RTVSPropertyOp32
 70
     1
102
RTVSPropertyOp33
 70
     1
102
RTVSPropertyOp34
 70
     1
102
RTVSPropertyOp35
 70
     1
102
RTVSPropertyOp36
 70
     1
102
RTVSPropertyOp37
 70
     1
102
RTVSPropertyOp38
 70
     1
102
RTVSPropertyOp39
 70
     1
102
RTVSPropertyOp40
 70
     1
102
RTVSPropertyOp41
 70
     1
102
RTVSPropertyOp42
 70
     1
102
RTVSPropertyOp43
 70
     1
102
RTVSPropertyOp44
 70
     1
102
RTVSPropertyOp45
 70
     1
102
RTVSPropertyOp46
 70
     1
102
RTVSPropertyOp47
 70
     1
102
RTVSPropertyOp48
 70
     1
102
RTVSPropertyOp49
 70
     1
102
RTVSPropertyOp50
 70
     1
102
RTVSPropertyOp51
 70
     0
102
RTVSPropertyOp52
 70
     0
102
RTVSPropertyOp53
 70
     1
102
RTVSPropertyOp54
 70
     1
102
RTVSPropertyOp55
 70
     1
102
RTVSPropertyOp56
 70
     1
102
RTVSPropertyOp57
 70
     1
102
RTVSPost2010Prop28
280
     0
102
RTVSPost2010PropOp28
 70
     1
102
RTVSPost2010Prop29
280
     1
102
RTVSPost2010PropOp29
 70
     1
102
RTVSPost2010Prop30
280
     1
102
RTVSPost2010PropOp30
 70
     1
102
RTVSPost2010Prop31
280
     0
102
RTVSPost2010PropOp31
 70
     1
102
RTVSPost2010Prop32
280
     0
102
RTVSPost2010PropOp32
 70
     1
102
RTVSPost2010Prop33
280
     0
102
RTVSPost2010PropOp33
 70
     1
102
RTVSPost2010Prop34
280
     0
102
RTVSPost2010PropOp34
 70
     1
102
RTVSPost2010Prop35
280
     0
102
RTVSPost2010PropOp35
 70
     1
102
RTVSPost2010Prop36
280
     0
102
RTVSPost2010PropOp36
 70
     1
102
RTVSPost2010Prop37
 90
       50
102
RTVSPost2010PropOp37
 70
     1
102
RTVSPost2010Prop38
140
0.0
102
RTVSPost2010PropOp38
 70
     1
102
RTVSPost2010Prop39
140
1.0
102
RTVSPost2010PropOp39
 70
     1
102
RTVSPost2010Prop40
 90
        0
102
RTVSPost2010PropOp40
 70
     1
102
RTVSPost2010Prop41ColorIndex
 90
       18
102
RTVSPost2010Prop41ColorRGB
 90
        0
102
RTVSPost2010PropOp41
 70
     1
102
RTVSPost2010Prop42
 90
       50
102
RTVSPost2010PropOp42
 70
     1
102
RTVSPost2010Prop43
 90
        3
102
RTVSPost2010PropOp43
 70
     1
102
RTVSPost2010Prop44ColorIndex
 90
        5
102
RTVSPost2010Prop44ColorRGB
 90
      255
102
RTVSPost2010PropOp44
 70
     1
102
RTVSPost2010Prop45
280
     0
102
RTVSPost2010PropOp45
 70
     1
102
RTVSPost2010Prop46
 90
       50
102
RTVSPost2010PropOp46
 70
     1
102
RTVSPost2010Prop47
 90
       50
102
RTVSPost2010PropOp47
 70
     1
102
RTVSPost2010Prop48
 90
       50
102
RTVSPost2010PropOp48
 70
     1
102
RTVSPost2010Prop49
280
     0
102
RTVSPost2010PropOp49
 70
     1
102
RTVSPost2010Prop50
 90
       50
102
RTVSPost2010PropOp50
 70
     1
102
RTVSPost2010Prop51ColorIndex
 90
      256
102
RTVSPost2010Prop51ColorRGB
 90
-16777216
102
RTVSPost2010PropOp51
 70
     0
102
RTVSPost2010Prop52
140
1.0
102
RTVSPost2010PropOp52
 70
     0
102
RTVSPost2010Prop53
 90
        2
102
RTVSPost2010PropOp53
 70
     1
102
RTVSPost2010Prop54
  1
strokes_ogs.tif
102
RTVSPost2010PropOp54
 70
     1
102
RTVSPost2010Prop55
280
     0
102
RTVSPost2010PropOp55
 70
     1
102
RTVSPost2010Prop56
140
1.0
102
RTVSPost2010PropOp56
 70
     1
102
RTVSPost2010Prop57
140
1.0
102
RTVSPost2010PropOp57
 70
     1
  0
XRECORD
  5
14B4
102
{ACAD_REACTORS
330
14B3
102
}
330
14B3
100
AcDbXrecord
280
     1
102
RTVSPropertyOp0
 70
     1
102
RTVSPropertyOp1
 70
     1
102
RTVSPropertyOp2
 70
     1
102
RTVSPropertyOp3
 70
     1
102
RTVSPropertyOp4
 70
     1
102
RTVSPropertyOp5
 70
     1
102
RTVSPropertyOp6
 70
     1
102
RTVSPropertyOp7
 70
     1
102
RTVSPropertyOp8
 70
     1
102
RTVSPropertyOp9
 70
     1
102
RTVSPropertyOp10
 70
     1
102
RTVSPropertyOp11
 70
     1
102
RTVSPropertyOp12
 70
     1
102
RTVSPropertyOp13
 70
     1
102
RTVSPropertyOp14
 70
     1
102
RTVSPropertyOp15
 70
     1
102
RTVSPropertyOp16
 70
     1
102
RTVSPropertyOp17
 70
     1
102
RTVSPropertyOp18
 70
     1
102
RTVSPropertyOp19
 70
     1
102
RTVSPropertyOp20
 70
     1
102
RTVSPropertyOp21
 70
     1
102
RTVSPropertyOp22
 70
     1
102
RTVSPropertyOp23
 70
     1
102
RTVSPropertyOp24
 70
     1
102
RTVSPropertyOp25
 70
     1
102
RTVSPropertyOp26
 70
     1
102
RTVSPropertyOp27
 70
     1
102
RTVSPropertyOp28
 70
     1
102
RTVSPropertyOp29
 70
     1
102
RTVSPropertyOp30
 70
     1
102
RTVSPropertyOp31
 70
     1
102
RTVSPropertyOp32
 70
     1
102
RTVSPropertyOp33
 70
     1
102
RTVSPropertyOp34
 70
     1
102
RTVSPropertyOp35
 70
     1
102
RTVSPropertyOp36
 70
     1
102
RTVSPropertyOp37
 70
     1
102
RTVSPropertyOp38
 70
     1
102
RTVSPropertyOp39
 70
     1
102
RTVSPropertyOp40
 70
     1
102
RTVSPropertyOp41
 70
     1
102
RTVSPropertyOp42
 70
     1
102
RTVSPropertyOp43
 70
     1
102
RTVSPropertyOp44
 70
     1
102
RTVSPropertyOp45
 70
     1
102
RTVSPropertyOp46
 70
     1
102
RTVSPropertyOp47
 70
     1
102
RTVSPropertyOp48
 70
     1
102
RTVSPropertyOp49
 70
     1
102
RTVSPropertyOp50
 70
     1
102
RTVSPropertyOp51
 70
     0
102
RTVSPropertyOp52
 70
     0
102
RTVSPropertyOp53
 70
     1
102
RTVSPropertyOp54
 70
     1
102
RTVSPropertyOp55
 70
     1
102
RTVSPropertyOp56
 70
     1
102
RTVSPropertyOp57
 70
     1
102
RTVSPost2010Prop28
280
     0
102
RTVSPost2010PropOp28
 70
     1
102
RTVSPost2010Prop29
280
     1
102
RTVSPost2010PropOp29
 70
     1
102
RTVSPost2010Prop30
280
     1
102
RTVSPost2010PropOp30
 70
     1
102
RTVSPost2010Prop31
280
     0
102
RTVSPost2010PropOp31
 70
     1
102
RTVSPost2010Prop32
280
     0
102
RTVSPost2010PropOp32
 70
     1
102
RTVSPost2010Prop33
280
     0
102
RTVSPost2010PropOp33
 70
     1
102
RTVSPost2010Prop34
280
     0
102
RTVSPost2010PropOp34
 70
     1
102
RTVSPost2010Prop35
280
     0
102
RTVSPost2010PropOp35
 70
     1
102
RTVSPost2010Prop36
280
     0
102
RTVSPost2010PropOp36
 70
     1
102
RTVSPost2010Prop37
 90
       50
102
RTVSPost2010PropOp37
 70
     1
102
RTVSPost2010Prop38
140
0.0
102
RTVSPost2010PropOp38
 70
     1
102
RTVSPost2010Prop39
140
1.0
102
RTVSPost2010PropOp39
 70
     1
102
RTVSPost2010Prop40
 90
        0
102
RTVSPost2010PropOp40
 70
     1
102
RTVSPost2010Prop41ColorIndex
 90
       18
102
RTVSPost2010Prop41ColorRGB
 90
        0
102
RTVSPost2010PropOp41
 70
     1
102
RTVSPost2010Prop42
 90
       50
102
RTVSPost2010PropOp42
 70
     1
102
RTVSPost2010Prop43
 90
        3
102
RTVSPost2010PropOp43
 70
     1
102
RTVSPost2010Prop44ColorIndex
 90
        5
102
RTVSPost2010Prop44ColorRGB
 90
      255
102
RTVSPost2010PropOp44
 70
     1
102
RTVSPost2010Prop45
280
     0
102
RTVSPost2010PropOp45
 70
     1
102
RTVSPost2010Prop46
 90
       50
102
RTVSPost2010PropOp46
 70
     1
102
RTVSPost2010Prop47
 90
       50
102
RTVSPost2010PropOp47
 70
     1
102
RTVSPost2010Prop48
 90
       50
102
RTVSPost2010PropOp48
 70
     1
102
RTVSPost2010Prop49
280
     0
102
RTVSPost2010PropOp49
 70
     1
102
RTVSPost2010Prop50
 90
       50
102
RTVSPost2010PropOp50
 70
     1
102
RTVSPost2010Prop51ColorIndex
 90
      256
102
RTVSPost2010Prop51ColorRGB
 90
-16777216
102
RTVSPost2010PropOp51
 70
     0
102
RTVSPost2010Prop52
140
1.0
102
RTVSPost2010PropOp52
 70
     0
102
RTVSPost2010Prop53
 90
        2
102
RTVSPost2010PropOp53
 70
     1
102
RTVSPost2010Prop54
  1
strokes_ogs.tif
102
RTVSPost2010PropOp54
 70
     1
102
RTVSPost2010Prop55
280
     0
102
RTVSPost2010PropOp55
 70
     1
102
RTVSPost2010Prop56
140
1.0
102
RTVSPost2010PropOp56
 70
     1
102
RTVSPost2010Prop57
140
1.0
102
RTVSPost2010PropOp57
 70
     1
  0
XRECORD
  5
14B6
102
{ACAD_REACTORS
330
14B5
102
}
330
14B5
100
AcDbXrecord
280
     1
102
RTVSPropertyOp0
 70
     1
102
RTVSPropertyOp1
 70
     1
102
RTVSPropertyOp2
 70
     1
102
RTVSPropertyOp3
 70
     1
102
RTVSPropertyOp4
 70
     1
102
RTVSPropertyOp5
 70
     1
102
RTVSPropertyOp6
 70
     1
102
RTVSPropertyOp7
 70
     1
102
RTVSPropertyOp8
 70
     1
102
RTVSPropertyOp9
 70
     1
102
RTVSPropertyOp10
 70
     1
102
RTVSPropertyOp11
 70
     1
102
RTVSPropertyOp12
 70
     1
102
RTVSPropertyOp13
 70
     1
102
RTVSPropertyOp14
 70
     1
102
RTVSPropertyOp15
 70
     1
102
RTVSPropertyOp16
 70
     1
102
RTVSPropertyOp17
 70
     1
102
RTVSPropertyOp18
 70
     1
102
RTVSPropertyOp19
 70
     1
102
RTVSPropertyOp20
 70
     1
102
RTVSPropertyOp21
 70
     1
102
RTVSPropertyOp22
 70
     1
102
RTVSPropertyOp23
 70
     1
102
RTVSPropertyOp24
 70
     1
102
RTVSPropertyOp25
 70
     1
102
RTVSPropertyOp26
 70
     1
102
RTVSPropertyOp27
 70
     1
102
RTVSPropertyOp28
 70
     1
102
RTVSPropertyOp29
 70
     1
102
RTVSPropertyOp30
 70
     1
102
RTVSPropertyOp31
 70
     1
102
RTVSPropertyOp32
 70
     1
102
RTVSPropertyOp33
 70
     1
102
RTVSPropertyOp34
 70
     1
102
RTVSPropertyOp35
 70
     1
102
RTVSPropertyOp36
 70
     1
102
RTVSPropertyOp37
 70
     1
102
RTVSPropertyOp38
 70
     1
102
RTVSPropertyOp39
 70
     1
102
RTVSPropertyOp40
 70
     1
102
RTVSPropertyOp41
 70
     1
102
RTVSPropertyOp42
 70
     1
102
RTVSPropertyOp43
 70
     1
102
RTVSPropertyOp44
 70
     1
102
RTVSPropertyOp45
 70
     1
102
RTVSPropertyOp46
 70
     1
102
RTVSPropertyOp47
 70
     1
102
RTVSPropertyOp48
 70
     1
102
RTVSPropertyOp49
 70
     1
102
RTVSPropertyOp50
 70
     1
102
RTVSPropertyOp51
 70
     0
102
RTVSPropertyOp52
 70
     0
102
RTVSPropertyOp53
 70
     1
102
RTVSPropertyOp54
 70
     1
102
RTVSPropertyOp55
 70
     1
102
RTVSPropertyOp56
 70
     1
102
RTVSPropertyOp57
 70
     1
102
RTVSPost2010Prop28
280
     0
102
RTVSPost2010PropOp28
 70
     1
102
RTVSPost2010Prop29
280
     1
102
RTVSPost2010PropOp29
 70
     1
102
RTVSPost2010Prop30
280
     1
102
RTVSPost2010PropOp30
 70
     1
102
RTVSPost2010Prop31
280
     0
102
RTVSPost2010PropOp31
 70
     1
102
RTVSPost2010Prop32
280
     0
102
RTVSPost2010PropOp32
 70
     1
102
RTVSPost2010Prop33
280
     0
102
RTVSPost2010PropOp33
 70
     1
102
RTVSPost2010Prop34
280
     0
102
RTVSPost2010PropOp34
 70
     1
102
RTVSPost2010Prop35
280
     0
102
RTVSPost2010PropOp35
 70
     1
102
RTVSPost2010Prop36
280
     0
102
RTVSPost2010PropOp36
 70
     1
102
RTVSPost2010Prop37
 90
       50
102
RTVSPost2010PropOp37
 70
     1
102
RTVSPost2010Prop38
140
0.0
102
RTVSPost2010PropOp38
 70
     1
102
RTVSPost2010Prop39
140
1.0
102
RTVSPost2010PropOp39
 70
     1
102
RTVSPost2010Prop40
 90
        0
102
RTVSPost2010PropOp40
 70
     1
102
RTVSPost2010Prop41ColorIndex
 90
       18
102
RTVSPost2010Prop41ColorRGB
 90
        0
102
RTVSPost2010PropOp41
 70
     1
102
RTVSPost2010Prop42
 90
       50
102
RTVSPost2010PropOp42
 70
     1
102
RTVSPost2010Prop43
 90
        3
102
RTVSPost2010PropOp43
 70
     1
102
RTVSPost2010Prop44ColorIndex
 90
        5
102
RTVSPost2010Prop44ColorRGB
 90
      255
102
RTVSPost2010PropOp44
 70
     1
102
RTVSPost2010Prop45
280
     0
102
RTVSPost2010PropOp45
 70
     1
102
RTVSPost2010Prop46
 90
       50
102
RTVSPost2010PropOp46
 70
     1
102
RTVSPost2010Prop47
 90
       50
102
RTVSPost2010PropOp47
 70
     1
102
RTVSPost2010Prop48
 90
       50
102
RTVSPost2010PropOp48
 70
     1
102
RTVSPost2010Prop49
280
     0
102
RTVSPost2010PropOp49
 70
     1
102
RTVSPost2010Prop50
 90
       50
102
RTVSPost2010PropOp50
 70
     1
102
RTVSPost2010Prop51ColorIndex
 90
      256
102
RTVSPost2010Prop51ColorRGB
 90
-16777216
102
RTVSPost2010PropOp51
 70
     0
102
RTVSPost2010Prop52
140
1.0
102
RTVSPost2010PropOp52
 70
     0
102
RTVSPost2010Prop53
 90
        2
102
RTVSPost2010PropOp53
 70
     1
102
RTVSPost2010Prop54
  1
strokes_ogs.tif
102
RTVSPost2010PropOp54
 70
     1
102
RTVSPost2010Prop55
280
     0
102
RTVSPost2010PropOp55
 70
     1
102
RTVSPost2010Prop56
140
1.0
102
RTVSPost2010PropOp56
 70
     1
102
RTVSPost2010Prop57
140
1.0
102
RTVSPost2010PropOp57
 70
     1
  0
XRECORD
  5
14B8
102
{ACAD_REACTORS
330
14B7
102
}
330
14B7
100
AcDbXrecord
280
     1
102
RTVSPropertyOp0
 70
     1
102
RTVSPropertyOp1
 70
     1
102
RTVSPropertyOp2
 70
     1
102
RTVSPropertyOp3
 70
     1
102
RTVSPropertyOp4
 70
     1
102
RTVSPropertyOp5
 70
     1
102
RTVSPropertyOp6
 70
     1
102
RTVSPropertyOp7
 70
     1
102
RTVSPropertyOp8
 70
     1
102
RTVSPropertyOp9
 70
     1
102
RTVSPropertyOp10
 70
     1
102
RTVSPropertyOp11
 70
     1
102
RTVSPropertyOp12
 70
     1
102
RTVSPropertyOp13
 70
     1
102
RTVSPropertyOp14
 70
     1
102
RTVSPropertyOp15
 70
     1
102
RTVSPropertyOp16
 70
     1
102
RTVSPropertyOp17
 70
     1
102
RTVSPropertyOp18
 70
     1
102
RTVSPropertyOp19
 70
     1
102
RTVSPropertyOp20
 70
     1
102
RTVSPropertyOp21
 70
     1
102
RTVSPropertyOp22
 70
     1
102
RTVSPropertyOp23
 70
     1
102
RTVSPropertyOp24
 70
     1
102
RTVSPropertyOp25
 70
     1
102
RTVSPropertyOp26
 70
     1
102
RTVSPropertyOp27
 70
     1
102
RTVSPropertyOp28
 70
     1
102
RTVSPropertyOp29
 70
     1
102
RTVSPropertyOp30
 70
     1
102
RTVSPropertyOp31
 70
     1
102
RTVSPropertyOp32
 70
     1
102
RTVSPropertyOp33
 70
     1
102
RTVSPropertyOp34
 70
     1
102
RTVSPropertyOp35
 70
     1
102
RTVSPropertyOp36
 70
     1
102
RTVSPropertyOp37
 70
     1
102
RTVSPropertyOp38
 70
     1
102
RTVSPropertyOp39
 70
     1
102
RTVSPropertyOp40
 70
     1
102
RTVSPropertyOp41
 70
     1
102
RTVSPropertyOp42
 70
     1
102
RTVSPropertyOp43
 70
     1
102
RTVSPropertyOp44
 70
     1
102
RTVSPropertyOp45
 70
     1
102
RTVSPropertyOp46
 70
     1
102
RTVSPropertyOp47
 70
     1
102
RTVSPropertyOp48
 70
     1
102
RTVSPropertyOp49
 70
     1
102
RTVSPropertyOp50
 70
     1
102
RTVSPropertyOp51
 70
     0
102
RTVSPropertyOp52
 70
     0
102
RTVSPropertyOp53
 70
     1
102
RTVSPropertyOp54
 70
     1
102
RTVSPropertyOp55
 70
     1
102
RTVSPropertyOp56
 70
     1
102
RTVSPropertyOp57
 70
     1
102
RTVSPost2010Prop28
280
     0
102
RTVSPost2010PropOp28
 70
     1
102
RTVSPost2010Prop29
280
     1
102
RTVSPost2010PropOp29
 70
     1
102
RTVSPost2010Prop30
280
     1
102
RTVSPost2010PropOp30
 70
     1
102
RTVSPost2010Prop31
280
     0
102
RTVSPost2010PropOp31
 70
     1
102
RTVSPost2010Prop32
280
     0
102
RTVSPost2010PropOp32
 70
     1
102
RTVSPost2010Prop33
280
     0
102
RTVSPost2010PropOp33
 70
     1
102
RTVSPost2010Prop34
280
     0
102
RTVSPost2010PropOp34
 70
     1
102
RTVSPost2010Prop35
280
     0
102
RTVSPost2010PropOp35
 70
     1
102
RTVSPost2010Prop36
280
     0
102
RTVSPost2010PropOp36
 70
     1
102
RTVSPost2010Prop37
 90
       50
102
RTVSPost2010PropOp37
 70
     1
102
RTVSPost2010Prop38
140
0.0
102
RTVSPost2010PropOp38
 70
     1
102
RTVSPost2010Prop39
140
1.0
102
RTVSPost2010PropOp39
 70
     1
102
RTVSPost2010Prop40
 90
        0
102
RTVSPost2010PropOp40
 70
     1
102
RTVSPost2010Prop41ColorIndex
 90
       18
102
RTVSPost2010Prop41ColorRGB
 90
        0
102
RTVSPost2010PropOp41
 70
     1
102
RTVSPost2010Prop42
 90
       50
102
RTVSPost2010PropOp42
 70
     1
102
RTVSPost2010Prop43
 90
        3
102
RTVSPost2010PropOp43
 70
     1
102
RTVSPost2010Prop44ColorIndex
 90
        5
102
RTVSPost2010Prop44ColorRGB
 90
      255
102
RTVSPost2010PropOp44
 70
     1
102
RTVSPost2010Prop45
280
     0
102
RTVSPost2010PropOp45
 70
     1
102
RTVSPost2010Prop46
 90
       50
102
RTVSPost2010PropOp46
 70
     1
102
RTVSPost2010Prop47
 90
       50
102
RTVSPost2010PropOp47
 70
     1
102
RTVSPost2010Prop48
 90
       50
102
RTVSPost2010PropOp48
 70
     1
102
RTVSPost2010Prop49
280
     0
102
RTVSPost2010PropOp49
 70
     1
102
RTVSPost2010Prop50
 90
       50
102
RTVSPost2010PropOp50
 70
     1
102
RTVSPost2010Prop51ColorIndex
 90
      256
102
RTVSPost2010Prop51ColorRGB
 90
-16777216
102
RTVSPost2010PropOp51
 70
     0
102
RTVSPost2010Prop52
140
1.0
102
RTVSPost2010PropOp52
 70
     0
102
RTVSPost2010Prop53
 90
        2
102
RTVSPost2010PropOp53
 70
     1
102
RTVSPost2010Prop54
  1
strokes_ogs.tif
102
RTVSPost2010PropOp54
 70
     1
102
RTVSPost2010Prop55
280
     0
102
RTVSPost2010PropOp55
 70
     1
102
RTVSPost2010Prop56
140
1.0
102
RTVSPost2010PropOp56
 70
     1
102
RTVSPost2010Prop57
140
1.0
102
RTVSPost2010PropOp57
 70
     1
  0
XRECORD
  5
14BA
102
{ACAD_REACTORS
330
14B9
102
}
330
14B9
100
AcDbXrecord
280
     1
102
RTVSPropertyOp0
 70
     1
102
RTVSPropertyOp1
 70
     1
102
RTVSPropertyOp2
 70
     1
102
RTVSPropertyOp3
 70
     1
102
RTVSPropertyOp4
 70
     1
102
RTVSPropertyOp5
 70
     1
102
RTVSPropertyOp6
 70
     1
102
RTVSPropertyOp7
 70
     1
102
RTVSPropertyOp8
 70
     1
102
RTVSPropertyOp9
 70
     1
102
RTVSPropertyOp10
 70
     1
102
RTVSPropertyOp11
 70
     1
102
RTVSPropertyOp12
 70
     1
102
RTVSPropertyOp13
 70
     1
102
RTVSPropertyOp14
 70
     1
102
RTVSPropertyOp15
 70
     1
102
RTVSPropertyOp16
 70
     1
102
RTVSPropertyOp17
 70
     1
102
RTVSPropertyOp18
 70
     1
102
RTVSPropertyOp19
 70
     1
102
RTVSPropertyOp20
 70
     1
102
RTVSPropertyOp21
 70
     1
102
RTVSPropertyOp22
 70
     1
102
RTVSPropertyOp23
 70
     1
102
RTVSPropertyOp24
 70
     1
102
RTVSPropertyOp25
 70
     1
102
RTVSPropertyOp26
 70
     1
102
RTVSPropertyOp27
 70
     1
102
RTVSPropertyOp28
 70
     1
102
RTVSPropertyOp29
 70
     1
102
RTVSPropertyOp30
 70
     1
102
RTVSPropertyOp31
 70
     1
102
RTVSPropertyOp32
 70
     1
102
RTVSPropertyOp33
 70
     1
102
RTVSPropertyOp34
 70
     1
102
RTVSPropertyOp35
 70
     1
102
RTVSPropertyOp36
 70
     1
102
RTVSPropertyOp37
 70
     1
102
RTVSPropertyOp38
 70
     1
102
RTVSPropertyOp39
 70
     1
102
RTVSPropertyOp40
 70
     1
102
RTVSPropertyOp41
 70
     1
102
RTVSPropertyOp42
 70
     1
102
RTVSPropertyOp43
 70
     1
102
RTVSPropertyOp44
 70
     1
102
RTVSPropertyOp45
 70
     1
102
RTVSPropertyOp46
 70
     1
102
RTVSPropertyOp47
 70
     1
102
RTVSPropertyOp48
 70
     1
102
RTVSPropertyOp49
 70
     1
102
RTVSPropertyOp50
 70
     1
102
RTVSPropertyOp51
 70
     0
102
RTVSPropertyOp52
 70
     0
102
RTVSPropertyOp53
 70
     1
102
RTVSPropertyOp54
 70
     1
102
RTVSPropertyOp55
 70
     1
102
RTVSPropertyOp56
 70
     1
102
RTVSPropertyOp57
 70
     1
102
RTVSPost2010Prop28
280
     0
102
RTVSPost2010PropOp28
 70
     1
102
RTVSPost2010Prop29
280
     1
102
RTVSPost2010PropOp29
 70
     1
102
RTVSPost2010Prop30
280
     1
102
RTVSPost2010PropOp30
 70
     1
102
RTVSPost2010Prop31
280
     0
102
RTVSPost2010PropOp31
 70
     1
102
RTVSPost2010Prop32
280
     0
102
RTVSPost2010PropOp32
 70
     1
102
RTVSPost2010Prop33
280
     0
102
RTVSPost2010PropOp33
 70
     1
102
RTVSPost2010Prop34
280
     0
102
RTVSPost2010PropOp34
 70
     1
102
RTVSPost2010Prop35
280
     0
102
RTVSPost2010PropOp35
 70
     1
102
RTVSPost2010Prop36
280
     0
102
RTVSPost2010PropOp36
 70
     1
102
RTVSPost2010Prop37
 90
       50
102
RTVSPost2010PropOp37
 70
     1
102
RTVSPost2010Prop38
140
0.0
102
RTVSPost2010PropOp38
 70
     1
102
RTVSPost2010Prop39
140
1.0
102
RTVSPost2010PropOp39
 70
     1
102
RTVSPost2010Prop40
 90
        0
102
RTVSPost2010PropOp40
 70
     1
102
RTVSPost2010Prop41ColorIndex
 90
       18
102
RTVSPost2010Prop41ColorRGB
 90
        0
102
RTVSPost2010PropOp41
 70
     1
102
RTVSPost2010Prop42
 90
       50
102
RTVSPost2010PropOp42
 70
     1
102
RTVSPost2010Prop43
 90
        3
102
RTVSPost2010PropOp43
 70
     1
102
RTVSPost2010Prop44ColorIndex
 90
        5
102
RTVSPost2010Prop44ColorRGB
 90
      255
102
RTVSPost2010PropOp44
 70
     1
102
RTVSPost2010Prop45
280
     0
102
RTVSPost2010PropOp45
 70
     1
102
RTVSPost2010Prop46
 90
       50
102
RTVSPost2010PropOp46
 70
     1
102
RTVSPost2010Prop47
 90
       50
102
RTVSPost2010PropOp47
 70
     1
102
RTVSPost2010Prop48
 90
       50
102
RTVSPost2010PropOp48
 70
     1
102
RTVSPost2010Prop49
280
     0
102
RTVSPost2010PropOp49
 70
     1
102
RTVSPost2010Prop50
 90
       50
102
RTVSPost2010PropOp50
 70
     1
102
RTVSPost2010Prop51ColorIndex
 90
      256
102
RTVSPost2010Prop51ColorRGB
 90
-16777216
102
RTVSPost2010PropOp51
 70
     0
102
RTVSPost2010Prop52
140
1.0
102
RTVSPost2010PropOp52
 70
     0
102
RTVSPost2010Prop53
 90
        2
102
RTVSPost2010PropOp53
 70
     1
102
RTVSPost2010Prop54
  1
strokes_ogs.tif
102
RTVSPost2010PropOp54
 70
     1
102
RTVSPost2010Prop55
280
     0
102
RTVSPost2010PropOp55
 70
     1
102
RTVSPost2010Prop56
140
1.0
102
RTVSPost2010PropOp56
 70
     1
102
RTVSPost2010Prop57
140
1.0
102
RTVSPost2010PropOp57
 70
     1
  0
XRECORD
  5
14BC
102
{ACAD_REACTORS
330
14BB
102
}
330
14BB
100
AcDbXrecord
280
     1
102
RTVSPropertyOp0
 70
     0
102
RTVSPropertyOp1
 70
     0
102
RTVSPropertyOp2
 70
     0
102
RTVSPropertyOp3
 70
     0
102
RTVSPropertyOp4
 70
     0
102
RTVSPropertyOp5
 70
     0
102
RTVSPropertyOp6
 70
     0
102
RTVSPropertyOp7
 70
     0
102
RTVSPropertyOp8
 70
     0
102
RTVSPropertyOp9
 70
     0
102
RTVSPropertyOp10
 70
     0
102
RTVSPropertyOp11
 70
     0
102
RTVSPropertyOp12
 70
     0
102
RTVSPropertyOp13
 70
     0
102
RTVSPropertyOp14
 70
     2
102
RTVSPropertyOp15
 70
     0
102
RTVSPropertyOp16
 70
     0
102
RTVSPropertyOp17
 70
     0
102
RTVSPropertyOp18
 70
     0
102
RTVSPropertyOp19
 70
     0
102
RTVSPropertyOp20
 70
     0
102
RTVSPropertyOp21
 70
     0
102
RTVSPropertyOp22
 70
     0
102
RTVSPropertyOp23
 70
     0
102
RTVSPropertyOp24
 70
     0
102
RTVSPropertyOp25
 70
     0
102
RTVSPropertyOp26
 70
     0
102
RTVSPropertyOp27
 70
     0
102
RTVSPropertyOp28
 70
     0
102
RTVSPropertyOp29
 70
     0
102
RTVSPropertyOp30
 70
     0
102
RTVSPropertyOp31
 70
     0
102
RTVSPropertyOp32
 70
     0
102
RTVSPropertyOp33
 70
     0
102
RTVSPropertyOp34
 70
     0
102
RTVSPropertyOp35
 70
     0
102
RTVSPropertyOp36
 70
     0
102
RTVSPropertyOp37
 70
     0
102
RTVSPropertyOp38
 70
     0
102
RTVSPropertyOp39
 70
     0
102
RTVSPropertyOp40
 70
     0
102
RTVSPropertyOp41
 70
     0
102
RTVSPropertyOp42
 70
     0
102
RTVSPropertyOp43
 70
     0
102
RTVSPropertyOp44
 70
     0
102
RTVSPropertyOp45
 70
     0
102
RTVSPropertyOp46
 70
     0
102
RTVSPropertyOp47
 70
     0
102
RTVSPropertyOp48
 70
     0
102
RTVSPropertyOp49
 70
     0
102
RTVSPropertyOp50
 70
     0
102
RTVSPropertyOp51
 70
     0
102
RTVSPropertyOp52
 70
     0
102
RTVSPropertyOp53
 70
     0
102
RTVSPropertyOp54
 70
     0
102
RTVSPropertyOp55
 70
     0
102
RTVSPropertyOp56
 70
     0
102
RTVSPropertyOp57
 70
     0
102
RTVSPost2010Prop28
280
     0
102
RTVSPost2010PropOp28
 70
     0
102
RTVSPost2010Prop29
280
     1
102
RTVSPost2010PropOp29
 70
     0
102
RTVSPost2010Prop30
280
     1
102
RTVSPost2010PropOp30
 70
     0
102
RTVSPost2010Prop31
280
     0
102
RTVSPost2010PropOp31
 70
     0
102
RTVSPost2010Prop32
280
     0
102
RTVSPost2010PropOp32
 70
     0
102
RTVSPost2010Prop33
280
     0
102
RTVSPost2010PropOp33
 70
     0
102
RTVSPost2010Prop34
280
     0
102
RTVSPost2010PropOp34
 70
     0
102
RTVSPost2010Prop35
280
     0
102
RTVSPost2010PropOp35
 70
     0
102
RTVSPost2010Prop36
280
     0
102
RTVSPost2010PropOp36
 70
     0
102
RTVSPost2010Prop37
 90
       50
102
RTVSPost2010PropOp37
 70
     0
102
RTVSPost2010Prop38
140
0.0
102
RTVSPost2010PropOp38
 70
     0
102
RTVSPost2010Prop39
140
1.0
102
RTVSPost2010PropOp39
 70
     0
102
RTVSPost2010Prop40
 90
        0
102
RTVSPost2010PropOp40
 70
     0
102
RTVSPost2010Prop41ColorIndex
 90
       18
102
RTVSPost2010Prop41ColorRGB
 90
        0
102
RTVSPost2010PropOp41
 70
     0
102
RTVSPost2010Prop42
 90
       50
102
RTVSPost2010PropOp42
 70
     0
102
RTVSPost2010Prop43
 90
        3
102
RTVSPost2010PropOp43
 70
     0
102
RTVSPost2010Prop44ColorIndex
 90
        5
102
RTVSPost2010Prop44ColorRGB
 90
      255
102
RTVSPost2010PropOp44
 70
     0
102
RTVSPost2010Prop45
280
     0
102
RTVSPost2010PropOp45
 70
     0
102
RTVSPost2010Prop46
 90
       50
102
RTVSPost2010PropOp46
 70
     0
102
RTVSPost2010Prop47
 90
       50
102
RTVSPost2010PropOp47
 70
     0
102
RTVSPost2010Prop48
 90
       50
102
RTVSPost2010PropOp48
 70
     0
102
RTVSPost2010Prop49
280
     0
102
RTVSPost2010PropOp49
 70
     0
102
RTVSPost2010Prop50
 90
       50
102
RTVSPost2010PropOp50
 70
     0
102
RTVSPost2010Prop51ColorIndex
 90
      256
102
RTVSPost2010Prop51ColorRGB
 90
-16777216
102
RTVSPost2010PropOp51
 70
     0
102
RTVSPost2010Prop52
140
1.0
102
RTVSPost2010PropOp52
 70
     0
102
RTVSPost2010Prop53
 90
        2
102
RTVSPost2010PropOp53
 70
     0
102
RTVSPost2010Prop54
  1
strokes_ogs.tif
102
RTVSPost2010PropOp54
 70
     0
102
RTVSPost2010Prop55
280
     0
102
RTVSPost2010PropOp55
 70
     0
102
RTVSPost2010Prop56
140
1.0
102
RTVSPost2010PropOp56
 70
     0
102
RTVSPost2010Prop57
140
1.0
102
RTVSPost2010PropOp57
 70
     0
  0
XRECORD
  5
14BE
102
{ACAD_REACTORS
330
14BD
102
}
330
14BD
100
AcDbXrecord
280
     1
102
RTVSPropertyOp0
 70
     1
102
RTVSPropertyOp1
 70
     1
102
RTVSPropertyOp2
 70
     1
102
RTVSPropertyOp3
 70
     1
102
RTVSPropertyOp4
 70
     1
102
RTVSPropertyOp5
 70
     1
102
RTVSPropertyOp6
 70
     1
102
RTVSPropertyOp7
 70
     1
102
RTVSPropertyOp8
 70
     1
102
RTVSPropertyOp9
 70
     1
102
RTVSPropertyOp10
 70
     1
102
RTVSPropertyOp11
 70
     1
102
RTVSPropertyOp12
 70
     1
102
RTVSPropertyOp13
 70
     1
102
RTVSPropertyOp14
 70
     1
102
RTVSPropertyOp15
 70
     1
102
RTVSPropertyOp16
 70
     1
102
RTVSPropertyOp17
 70
     1
102
RTVSPropertyOp18
 70
     1
102
RTVSPropertyOp19
 70
     1
102
RTVSPropertyOp20
 70
     1
102
RTVSPropertyOp21
 70
     1
102
RTVSPropertyOp22
 70
     1
102
RTVSPropertyOp23
 70
     1
102
RTVSPropertyOp24
 70
     1
102
RTVSPropertyOp25
 70
     1
102
RTVSPropertyOp26
 70
     1
102
RTVSPropertyOp27
 70
     1
102
RTVSPropertyOp28
 70
     1
102
RTVSPropertyOp29
 70
     1
102
RTVSPropertyOp30
 70
     1
102
RTVSPropertyOp31
 70
     1
102
RTVSPropertyOp32
 70
     1
102
RTVSPropertyOp33
 70
     1
102
RTVSPropertyOp34
 70
     1
102
RTVSPropertyOp35
 70
     1
102
RTVSPropertyOp36
 70
     1
102
RTVSPropertyOp37
 70
     1
102
RTVSPropertyOp38
 70
     1
102
RTVSPropertyOp39
 70
     1
102
RTVSPropertyOp40
 70
     1
102
RTVSPropertyOp41
 70
     1
102
RTVSPropertyOp42
 70
     1
102
RTVSPropertyOp43
 70
     1
102
RTVSPropertyOp44
 70
     1
102
RTVSPropertyOp45
 70
     1
102
RTVSPropertyOp46
 70
     1
102
RTVSPropertyOp47
 70
     1
102
RTVSPropertyOp48
 70
     1
102
RTVSPropertyOp49
 70
     1
102
RTVSPropertyOp50
 70
     1
102
RTVSPropertyOp51
 70
     0
102
RTVSPropertyOp52
 70
     0
102
RTVSPropertyOp53
 70
     1
102
RTVSPropertyOp54
 70
     1
102
RTVSPropertyOp55
 70
     1
102
RTVSPropertyOp56
 70
     1
102
RTVSPropertyOp57
 70
     1
102
RTVSPost2010Prop28
280
     0
102
RTVSPost2010PropOp28
 70
     1
102
RTVSPost2010Prop29
280
     1
102
RTVSPost2010PropOp29
 70
     1
102
RTVSPost2010Prop30
280
     1
102
RTVSPost2010PropOp30
 70
     1
102
RTVSPost2010Prop31
280
     0
102
RTVSPost2010PropOp31
 70
     1
102
RTVSPost2010Prop32
280
     0
102
RTVSPost2010PropOp32
 70
     1
102
RTVSPost2010Prop33
280
     0
102
RTVSPost2010PropOp33
 70
     1
102
RTVSPost2010Prop34
280
     0
102
RTVSPost2010PropOp34
 70
     1
102
RTVSPost2010Prop35
280
     0
102
RTVSPost2010PropOp35
 70
     1
102
RTVSPost2010Prop36
280
     0
102
RTVSPost2010PropOp36
 70
     1
102
RTVSPost2010Prop37
 90
       50
102
RTVSPost2010PropOp37
 70
     1
102
RTVSPost2010Prop38
140
0.0
102
RTVSPost2010PropOp38
 70
     1
102
RTVSPost2010Prop39
140
1.0
102
RTVSPost2010PropOp39
 70
     1
102
RTVSPost2010Prop40
 90
        0
102
RTVSPost2010PropOp40
 70
     1
102
RTVSPost2010Prop41ColorIndex
 90
       18
102
RTVSPost2010Prop41ColorRGB
 90
        0
102
RTVSPost2010PropOp41
 70
     1
102
RTVSPost2010Prop42
 90
       50
102
RTVSPost2010PropOp42
 70
     1
102
RTVSPost2010Prop43
 90
        3
102
RTVSPost2010PropOp43
 70
     1
102
RTVSPost2010Prop44ColorIndex
 90
        5
102
RTVSPost2010Prop44ColorRGB
 90
      255
102
RTVSPost2010PropOp44
 70
     1
102
RTVSPost2010Prop45
280
     0
102
RTVSPost2010PropOp45
 70
     1
102
RTVSPost2010Prop46
 90
       50
102
RTVSPost2010PropOp46
 70
     1
102
RTVSPost2010Prop47
 90
       50
102
RTVSPost2010PropOp47
 70
     1
102
RTVSPost2010Prop48
 90
       50
102
RTVSPost2010PropOp48
 70
     1
102
RTVSPost2010Prop49
280
     0
102
RTVSPost2010PropOp49
 70
     1
102
RTVSPost2010Prop50
 90
       50
102
RTVSPost2010PropOp50
 70
     1
102
RTVSPost2010Prop51ColorIndex
 90
      256
102
RTVSPost2010Prop51ColorRGB
 90
-16777216
102
RTVSPost2010PropOp51
 70
     0
102
RTVSPost2010Prop52
140
1.0
102
RTVSPost2010PropOp52
 70
     0
102
RTVSPost2010Prop53
 90
        2
102
RTVSPost2010PropOp53
 70
     1
102
RTVSPost2010Prop54
  1
strokes_ogs.tif
102
RTVSPost2010PropOp54
 70
     1
102
RTVSPost2010Prop55
280
     0
102
RTVSPost2010PropOp55
 70
     1
102
RTVSPost2010Prop56
140
1.0
102
RTVSPost2010PropOp56
 70
     1
102
RTVSPost2010Prop57
140
1.0
102
RTVSPost2010PropOp57
 70
     1
  0
XRECORD
  5
14C0
102
{ACAD_REACTORS
330
14BF
102
}
330
14BF
100
AcDbXrecord
280
     1
102
RTVSPropertyOp0
 70
     0
102
RTVSPropertyOp1
 70
     0
102
RTVSPropertyOp2
 70
     0
102
RTVSPropertyOp3
 70
     0
102
RTVSPropertyOp4
 70
     0
102
RTVSPropertyOp5
 70
     0
102
RTVSPropertyOp6
 70
     0
102
RTVSPropertyOp7
 70
     0
102
RTVSPropertyOp8
 70
     0
102
RTVSPropertyOp9
 70
     0
102
RTVSPropertyOp10
 70
     0
102
RTVSPropertyOp11
 70
     0
102
RTVSPropertyOp12
 70
     0
102
RTVSPropertyOp13
 70
     0
102
RTVSPropertyOp14
 70
     2
102
RTVSPropertyOp15
 70
     0
102
RTVSPropertyOp16
 70
     0
102
RTVSPropertyOp17
 70
     0
102
RTVSPropertyOp18
 70
     0
102
RTVSPropertyOp19
 70
     0
102
RTVSPropertyOp20
 70
     0
102
RTVSPropertyOp21
 70
     0
102
RTVSPropertyOp22
 70
     0
102
RTVSPropertyOp23
 70
     0
102
RTVSPropertyOp24
 70
     0
102
RTVSPropertyOp25
 70
     0
102
RTVSPropertyOp26
 70
     0
102
RTVSPropertyOp27
 70
     0
102
RTVSPropertyOp28
 70
     0
102
RTVSPropertyOp29
 70
     0
102
RTVSPropertyOp30
 70
     0
102
RTVSPropertyOp31
 70
     0
102
RTVSPropertyOp32
 70
     0
102
RTVSPropertyOp33
 70
     0
102
RTVSPropertyOp34
 70
     0
102
RTVSPropertyOp35
 70
     0
102
RTVSPropertyOp36
 70
     0
102
RTVSPropertyOp37
 70
     0
102
RTVSPropertyOp38
 70
     0
102
RTVSPropertyOp39
 70
     0
102
RTVSPropertyOp40
 70
     0
102
RTVSPropertyOp41
 70
     0
102
RTVSPropertyOp42
 70
     0
102
RTVSPropertyOp43
 70
     0
102
RTVSPropertyOp44
 70
     0
102
RTVSPropertyOp45
 70
     0
102
RTVSPropertyOp46
 70
     0
102
RTVSPropertyOp47
 70
     0
102
RTVSPropertyOp48
 70
     0
102
RTVSPropertyOp49
 70
     0
102
RTVSPropertyOp50
 70
     0
102
RTVSPropertyOp51
 70
     0
102
RTVSPropertyOp52
 70
     0
102
RTVSPropertyOp53
 70
     0
102
RTVSPropertyOp54
 70
     0
102
RTVSPropertyOp55
 70
     0
102
RTVSPropertyOp56
 70
     0
102
RTVSPropertyOp57
 70
     0
102
RTVSPost2010Prop28
280
     0
102
RTVSPost2010PropOp28
 70
     0
102
RTVSPost2010Prop29
280
     1
102
RTVSPost2010PropOp29
 70
     0
102
RTVSPost2010Prop30
280
     1
102
RTVSPost2010PropOp30
 70
     0
102
RTVSPost2010Prop31
280
     0
102
RTVSPost2010PropOp31
 70
     0
102
RTVSPost2010Prop32
280
     0
102
RTVSPost2010PropOp32
 70
     0
102
RTVSPost2010Prop33
280
     0
102
RTVSPost2010PropOp33
 70
     0
102
RTVSPost2010Prop34
280
     0
102
RTVSPost2010PropOp34
 70
     0
102
RTVSPost2010Prop35
280
     0
102
RTVSPost2010PropOp35
 70
     0
102
RTVSPost2010Prop36
280
     0
102
RTVSPost2010PropOp36
 70
     0
102
RTVSPost2010Prop37
 90
       50
102
RTVSPost2010PropOp37
 70
     0
102
RTVSPost2010Prop38
140
0.0
102
RTVSPost2010PropOp38
 70
     0
102
RTVSPost2010Prop39
140
1.0
102
RTVSPost2010PropOp39
 70
     0
102
RTVSPost2010Prop40
 90
        0
102
RTVSPost2010PropOp40
 70
     0
102
RTVSPost2010Prop41ColorIndex
 90
       18
102
RTVSPost2010Prop41ColorRGB
 90
        0
102
RTVSPost2010PropOp41
 70
     0
102
RTVSPost2010Prop42
 90
       50
102
RTVSPost2010PropOp42
 70
     0
102
RTVSPost2010Prop43
 90
        3
102
RTVSPost2010PropOp43
 70
     0
102
RTVSPost2010Prop44ColorIndex
 90
        5
102
RTVSPost2010Prop44ColorRGB
 90
      255
102
RTVSPost2010PropOp44
 70
     0
102
RTVSPost2010Prop45
280
     0
102
RTVSPost2010PropOp45
 70
     0
102
RTVSPost2010Prop46
 90
       50
102
RTVSPost2010PropOp46
 70
     0
102
RTVSPost2010Prop47
 90
       50
102
RTVSPost2010PropOp47
 70
     0
102
RTVSPost2010Prop48
 90
       50
102
RTVSPost2010PropOp48
 70
     0
102
RTVSPost2010Prop49
280
     0
102
RTVSPost2010PropOp49
 70
     0
102
RTVSPost2010Prop50
 90
       50
102
RTVSPost2010PropOp50
 70
     0
102
RTVSPost2010Prop51ColorIndex
 90
      256
102
RTVSPost2010Prop51ColorRGB
 90
-16777216
102
RTVSPost2010PropOp51
 70
     0
102
RTVSPost2010Prop52
140
1.0
102
RTVSPost2010PropOp52
 70
     0
102
RTVSPost2010Prop53
 90
        2
102
RTVSPost2010PropOp53
 70
     0
102
RTVSPost2010Prop54
  1
strokes_ogs.tif
102
RTVSPost2010PropOp54
 70
     0
102
RTVSPost2010Prop55
280
     0
102
RTVSPost2010PropOp55
 70
     0
102
RTVSPost2010Prop56
140
1.0
102
RTVSPost2010PropOp56
 70
     0
102
RTVSPost2010Prop57
140
1.0
102
RTVSPost2010PropOp57
 70
     0
  0
XRECORD
  5
14C2
102
{ACAD_REACTORS
330
14C1
102
}
330
14C1
100
AcDbXrecord
280
     1
102
RTVSPropertyOp0
 70
     1
102
RTVSPropertyOp1
 70
     1
102
RTVSPropertyOp2
 70
     1
102
RTVSPropertyOp3
 70
     1
102
RTVSPropertyOp4
 70
     1
102
RTVSPropertyOp5
 70
     1
102
RTVSPropertyOp6
 70
     1
102
RTVSPropertyOp7
 70
     1
102
RTVSPropertyOp8
 70
     1
102
RTVSPropertyOp9
 70
     1
102
RTVSPropertyOp10
 70
     1
102
RTVSPropertyOp11
 70
     1
102
RTVSPropertyOp12
 70
     1
102
RTVSPropertyOp13
 70
     1
102
RTVSPropertyOp14
 70
     1
102
RTVSPropertyOp15
 70
     1
102
RTVSPropertyOp16
 70
     1
102
RTVSPropertyOp17
 70
     1
102
RTVSPropertyOp18
 70
     1
102
RTVSPropertyOp19
 70
     1
102
RTVSPropertyOp20
 70
     1
102
RTVSPropertyOp21
 70
     1
102
RTVSPropertyOp22
 70
     1
102
RTVSPropertyOp23
 70
     1
102
RTVSPropertyOp24
 70
     1
102
RTVSPropertyOp25
 70
     1
102
RTVSPropertyOp26
 70
     1
102
RTVSPropertyOp27
 70
     1
102
RTVSPropertyOp28
 70
     1
102
RTVSPropertyOp29
 70
     1
102
RTVSPropertyOp30
 70
     1
102
RTVSPropertyOp31
 70
     1
102
RTVSPropertyOp32
 70
     1
102
RTVSPropertyOp33
 70
     1
102
RTVSPropertyOp34
 70
     1
102
RTVSPropertyOp35
 70
     1
102
RTVSPropertyOp36
 70
     1
102
RTVSPropertyOp37
 70
     1
102
RTVSPropertyOp38
 70
     1
102
RTVSPropertyOp39
 70
     1
102
RTVSPropertyOp40
 70
     1
102
RTVSPropertyOp41
 70
     1
102
RTVSPropertyOp42
 70
     1
102
RTVSPropertyOp43
 70
     1
102
RTVSPropertyOp44
 70
     1
102
RTVSPropertyOp45
 70
     1
102
RTVSPropertyOp46
 70
     1
102
RTVSPropertyOp47
 70
     1
102
RTVSPropertyOp48
 70
     1
102
RTVSPropertyOp49
 70
     1
102
RTVSPropertyOp50
 70
     1
102
RTVSPropertyOp51
 70
     0
102
RTVSPropertyOp52
 70
     0
102
RTVSPropertyOp53
 70
     1
102
RTVSPropertyOp54
 70
     1
102
RTVSPropertyOp55
 70
     1
102
RTVSPropertyOp56
 70
     1
102
RTVSPropertyOp57
 70
     1
102
RTVSPost2010Prop28
280
     0
102
RTVSPost2010PropOp28
 70
     1
102
RTVSPost2010Prop29
280
     1
102
RTVSPost2010PropOp29
 70
     1
102
RTVSPost2010Prop30
280
     1
102
RTVSPost2010PropOp30
 70
     1
102
RTVSPost2010Prop31
280
     0
102
RTVSPost2010PropOp31
 70
     1
102
RTVSPost2010Prop32
280
     0
102
RTVSPost2010PropOp32
 70
     1
102
RTVSPost2010Prop33
280
     0
102
RTVSPost2010PropOp33
 70
     1
102
RTVSPost2010Prop34
280
     0
102
RTVSPost2010PropOp34
 70
     1
102
RTVSPost2010Prop35
280
     0
102
RTVSPost2010PropOp35
 70
     1
102
RTVSPost2010Prop36
280
     0
102
RTVSPost2010PropOp36
 70
     1
102
RTVSPost2010Prop37
 90
       50
102
RTVSPost2010PropOp37
 70
     1
102
RTVSPost2010Prop38
140
0.0
102
RTVSPost2010PropOp38
 70
     1
102
RTVSPost2010Prop39
140
1.0
102
RTVSPost2010PropOp39
 70
     1
102
RTVSPost2010Prop40
 90
        0
102
RTVSPost2010PropOp40
 70
     1
102
RTVSPost2010Prop41ColorIndex
 90
       18
102
RTVSPost2010Prop41ColorRGB
 90
        0
102
RTVSPost2010PropOp41
 70
     1
102
RTVSPost2010Prop42
 90
       50
102
RTVSPost2010PropOp42
 70
     1
102
RTVSPost2010Prop43
 90
        3
102
RTVSPost2010PropOp43
 70
     1
102
RTVSPost2010Prop44ColorIndex
 90
        5
102
RTVSPost2010Prop44ColorRGB
 90
      255
102
RTVSPost2010PropOp44
 70
     1
102
RTVSPost2010Prop45
280
     0
102
RTVSPost2010PropOp45
 70
     1
102
RTVSPost2010Prop46
 90
       50
102
RTVSPost2010PropOp46
 70
     1
102
RTVSPost2010Prop47
 90
       50
102
RTVSPost2010PropOp47
 70
     1
102
RTVSPost2010Prop48
 90
       50
102
RTVSPost2010PropOp48
 70
     1
102
RTVSPost2010Prop49
280
     0
102
RTVSPost2010PropOp49
 70
     1
102
RTVSPost2010Prop50
 90
       50
102
RTVSPost2010PropOp50
 70
     1
102
RTVSPost2010Prop51ColorIndex
 90
      256
102
RTVSPost2010Prop51ColorRGB
 90
-16777216
102
RTVSPost2010PropOp51
 70
     0
102
RTVSPost2010Prop52
140
1.0
102
RTVSPost2010PropOp52
 70
     0
102
RTVSPost2010Prop53
 90
        2
102
RTVSPost2010PropOp53
 70
     1
102
RTVSPost2010Prop54
  1
strokes_ogs.tif
102
RTVSPost2010PropOp54
 70
     1
102
RTVSPost2010Prop55
280
     0
102
RTVSPost2010PropOp55
 70
     1
102
RTVSPost2010Prop56
140
1.0
102
RTVSPost2010PropOp56
 70
     1
102
RTVSPost2010Prop57
140
1.0
102
RTVSPost2010PropOp57
 70
     1
  0
XRECORD
  5
14C4
102
{ACAD_REACTORS
330
14C3
102
}
330
14C3
100
AcDbXrecord
280
     1
102
RTVSPropertyOp0
 70
     1
102
RTVSPropertyOp1
 70
     1
102
RTVSPropertyOp2
 70
     1
102
RTVSPropertyOp3
 70
     1
102
RTVSPropertyOp4
 70
     1
102
RTVSPropertyOp5
 70
     1
102
RTVSPropertyOp6
 70
     1
102
RTVSPropertyOp7
 70
     1
102
RTVSPropertyOp8
 70
     1
102
RTVSPropertyOp9
 70
     1
102
RTVSPropertyOp10
 70
     1
102
RTVSPropertyOp11
 70
     1
102
RTVSPropertyOp12
 70
     1
102
RTVSPropertyOp13
 70
     1
102
RTVSPropertyOp14
 70
     1
102
RTVSPropertyOp15
 70
     1
102
RTVSPropertyOp16
 70
     1
102
RTVSPropertyOp17
 70
     1
102
RTVSPropertyOp18
 70
     1
102
RTVSPropertyOp19
 70
     1
102
RTVSPropertyOp20
 70
     1
102
RTVSPropertyOp21
 70
     1
102
RTVSPropertyOp22
 70
     1
102
RTVSPropertyOp23
 70
     1
102
RTVSPropertyOp24
 70
     1
102
RTVSPropertyOp25
 70
     1
102
RTVSPropertyOp26
 70
     1
102
RTVSPropertyOp27
 70
     1
102
RTVSPropertyOp28
 70
     1
102
RTVSPropertyOp29
 70
     1
102
RTVSPropertyOp30
 70
     1
102
RTVSPropertyOp31
 70
     1
102
RTVSPropertyOp32
 70
     1
102
RTVSPropertyOp33
 70
     1
102
RTVSPropertyOp34
 70
     1
102
RTVSPropertyOp35
 70
     1
102
RTVSPropertyOp36
 70
     1
102
RTVSPropertyOp37
 70
     1
102
RTVSPropertyOp38
 70
     1
102
RTVSPropertyOp39
 70
     1
102
RTVSPropertyOp40
 70
     1
102
RTVSPropertyOp41
 70
     1
102
RTVSPropertyOp42
 70
     1
102
RTVSPropertyOp43
 70
     1
102
RTVSPropertyOp44
 70
     1
102
RTVSPropertyOp45
 70
     1
102
RTVSPropertyOp46
 70
     1
102
RTVSPropertyOp47
 70
     1
102
RTVSPropertyOp48
 70
     1
102
RTVSPropertyOp49
 70
     1
102
RTVSPropertyOp50
 70
     1
102
RTVSPropertyOp51
 70
     0
102
RTVSPropertyOp52
 70
     0
102
RTVSPropertyOp53
 70
     1
102
RTVSPropertyOp54
 70
     1
102
RTVSPropertyOp55
 70
     1
102
RTVSPropertyOp56
 70
     1
102
RTVSPropertyOp57
 70
     1
102
RTVSPost2010Prop28
280
     0
102
RTVSPost2010PropOp28
 70
     1
102
RTVSPost2010Prop29
280
     1
102
RTVSPost2010PropOp29
 70
     1
102
RTVSPost2010Prop30
280
     1
102
RTVSPost2010PropOp30
 70
     1
102
RTVSPost2010Prop31
280
     0
102
RTVSPost2010PropOp31
 70
     1
102
RTVSPost2010Prop32
280
     0
102
RTVSPost2010PropOp32
 70
     1
102
RTVSPost2010Prop33
280
     0
102
RTVSPost2010PropOp33
 70
     1
102
RTVSPost2010Prop34
280
     0
102
RTVSPost2010PropOp34
 70
     1
102
RTVSPost2010Prop35
280
     0
102
RTVSPost2010PropOp35
 70
     1
102
RTVSPost2010Prop36
280
     0
102
RTVSPost2010PropOp36
 70
     1
102
RTVSPost2010Prop37
 90
       50
102
RTVSPost2010PropOp37
 70
     1
102
RTVSPost2010Prop38
140
0.0
102
RTVSPost2010PropOp38
 70
     1
102
RTVSPost2010Prop39
140
1.0
102
RTVSPost2010PropOp39
 70
     1
102
RTVSPost2010Prop40
 90
        0
102
RTVSPost2010PropOp40
 70
     1
102
RTVSPost2010Prop41ColorIndex
 90
       18
102
RTVSPost2010Prop41ColorRGB
 90
        0
102
RTVSPost2010PropOp41
 70
     1
102
RTVSPost2010Prop42
 90
       50
102
RTVSPost2010PropOp42
 70
     1
102
RTVSPost2010Prop43
 90
        3
102
RTVSPost2010PropOp43
 70
     1
102
RTVSPost2010Prop44ColorIndex
 90
        5
102
RTVSPost2010Prop44ColorRGB
 90
      255
102
RTVSPost2010PropOp44
 70
     1
102
RTVSPost2010Prop45
280
     0
102
RTVSPost2010PropOp45
 70
     1
102
RTVSPost2010Prop46
 90
       50
102
RTVSPost2010PropOp46
 70
     1
102
RTVSPost2010Prop47
 90
       50
102
RTVSPost2010PropOp47
 70
     1
102
RTVSPost2010Prop48
 90
       50
102
RTVSPost2010PropOp48
 70
     1
102
RTVSPost2010Prop49
280
     0
102
RTVSPost2010PropOp49
 70
     1
102
RTVSPost2010Prop50
 90
       50
102
RTVSPost2010PropOp50
 70
     1
102
RTVSPost2010Prop51ColorIndex
 90
      256
102
RTVSPost2010Prop51ColorRGB
 90
-16777216
102
RTVSPost2010PropOp51
 70
     0
102
RTVSPost2010Prop52
140
1.0
102
RTVSPost2010PropOp52
 70
     0
102
RTVSPost2010Prop53
 90
        2
102
RTVSPost2010PropOp53
 70
     1
102
RTVSPost2010Prop54
  1
strokes_ogs.tif
102
RTVSPost2010PropOp54
 70
     1
102
RTVSPost2010Prop55
280
     0
102
RTVSPost2010PropOp55
 70
     1
102
RTVSPost2010Prop56
140
1.0
102
RTVSPost2010PropOp56
 70
     1
102
RTVSPost2010Prop57
140
1.0
102
RTVSPost2010PropOp57
 70
     1
  0
XRECORD
  5
14C6
102
{ACAD_REACTORS
330
14C5
102
}
330
14C5
100
AcDbXrecord
280
     1
102
RTVSPropertyOp0
 70
     1
102
RTVSPropertyOp1
 70
     1
102
RTVSPropertyOp2
 70
     1
102
RTVSPropertyOp3
 70
     1
102
RTVSPropertyOp4
 70
     1
102
RTVSPropertyOp5
 70
     1
102
RTVSPropertyOp6
 70
     1
102
RTVSPropertyOp7
 70
     1
102
RTVSPropertyOp8
 70
     1
102
RTVSPropertyOp9
 70
     1
102
RTVSPropertyOp10
 70
     1
102
RTVSPropertyOp11
 70
     1
102
RTVSPropertyOp12
 70
     1
102
RTVSPropertyOp13
 70
     1
102
RTVSPropertyOp14
 70
     1
102
RTVSPropertyOp15
 70
     1
102
RTVSPropertyOp16
 70
     1
102
RTVSPropertyOp17
 70
     1
102
RTVSPropertyOp18
 70
     1
102
RTVSPropertyOp19
 70
     1
102
RTVSPropertyOp20
 70
     1
102
RTVSPropertyOp21
 70
     1
102
RTVSPropertyOp22
 70
     1
102
RTVSPropertyOp23
 70
     1
102
RTVSPropertyOp24
 70
     1
102
RTVSPropertyOp25
 70
     1
102
RTVSPropertyOp26
 70
     1
102
RTVSPropertyOp27
 70
     1
102
RTVSPropertyOp28
 70
     1
102
RTVSPropertyOp29
 70
     1
102
RTVSPropertyOp30
 70
     1
102
RTVSPropertyOp31
 70
     1
102
RTVSPropertyOp32
 70
     1
102
RTVSPropertyOp33
 70
     1
102
RTVSPropertyOp34
 70
     1
102
RTVSPropertyOp35
 70
     1
102
RTVSPropertyOp36
 70
     1
102
RTVSPropertyOp37
 70
     1
102
RTVSPropertyOp38
 70
     1
102
RTVSPropertyOp39
 70
     1
102
RTVSPropertyOp40
 70
     1
102
RTVSPropertyOp41
 70
     1
102
RTVSPropertyOp42
 70
     1
102
RTVSPropertyOp43
 70
     1
102
RTVSPropertyOp44
 70
     1
102
RTVSPropertyOp45
 70
     1
102
RTVSPropertyOp46
 70
     1
102
RTVSPropertyOp47
 70
     1
102
RTVSPropertyOp48
 70
     1
102
RTVSPropertyOp49
 70
     1
102
RTVSPropertyOp50
 70
     1
102
RTVSPropertyOp51
 70
     0
102
RTVSPropertyOp52
 70
     0
102
RTVSPropertyOp53
 70
     1
102
RTVSPropertyOp54
 70
     1
102
RTVSPropertyOp55
 70
     1
102
RTVSPropertyOp56
 70
     1
102
RTVSPropertyOp57
 70
     1
102
RTVSPost2010Prop28
280
     0
102
RTVSPost2010PropOp28
 70
     1
102
RTVSPost2010Prop29
280
     1
102
RTVSPost2010PropOp29
 70
     1
102
RTVSPost2010Prop30
280
     1
102
RTVSPost2010PropOp30
 70
     1
102
RTVSPost2010Prop31
280
     0
102
RTVSPost2010PropOp31
 70
     1
102
RTVSPost2010Prop32
280
     0
102
RTVSPost2010PropOp32
 70
     1
102
RTVSPost2010Prop33
280
     0
102
RTVSPost2010PropOp33
 70
     1
102
RTVSPost2010Prop34
280
     0
102
RTVSPost2010PropOp34
 70
     1
102
RTVSPost2010Prop35
280
     0
102
RTVSPost2010PropOp35
 70
     1
102
RTVSPost2010Prop36
280
     0
102
RTVSPost2010PropOp36
 70
     1
102
RTVSPost2010Prop37
 90
       50
102
RTVSPost2010PropOp37
 70
     1
102
RTVSPost2010Prop38
140
0.0
102
RTVSPost2010PropOp38
 70
     1
102
RTVSPost2010Prop39
140
1.0
102
RTVSPost2010PropOp39
 70
     1
102
RTVSPost2010Prop40
 90
        0
102
RTVSPost2010PropOp40
 70
     1
102
RTVSPost2010Prop41ColorIndex
 90
       18
102
RTVSPost2010Prop41ColorRGB
 90
        0
102
RTVSPost2010PropOp41
 70
     1
102
RTVSPost2010Prop42
 90
       50
102
RTVSPost2010PropOp42
 70
     1
102
RTVSPost2010Prop43
 90
        3
102
RTVSPost2010PropOp43
 70
     1
102
RTVSPost2010Prop44ColorIndex
 90
        5
102
RTVSPost2010Prop44ColorRGB
 90
      255
102
RTVSPost2010PropOp44
 70
     1
102
RTVSPost2010Prop45
280
     0
102
RTVSPost2010PropOp45
 70
     1
102
RTVSPost2010Prop46
 90
       50
102
RTVSPost2010PropOp46
 70
     1
102
RTVSPost2010Prop47
 90
       50
102
RTVSPost2010PropOp47
 70
     1
102
RTVSPost2010Prop48
 90
       50
102
RTVSPost2010PropOp48
 70
     1
102
RTVSPost2010Prop49
280
     0
102
RTVSPost2010PropOp49
 70
     1
102
RTVSPost2010Prop50
 90
       50
102
RTVSPost2010PropOp50
 70
     1
102
RTVSPost2010Prop51ColorIndex
 90
      256
102
RTVSPost2010Prop51ColorRGB
 90
-16777216
102
RTVSPost2010PropOp51
 70
     0
102
RTVSPost2010Prop52
140
1.0
102
RTVSPost2010PropOp52
 70
     0
102
RTVSPost2010Prop53
 90
        2
102
RTVSPost2010PropOp53
 70
     1
102
RTVSPost2010Prop54
  1
strokes_ogs.tif
102
RTVSPost2010PropOp54
 70
     1
102
RTVSPost2010Prop55
280
     0
102
RTVSPost2010PropOp55
 70
     1
102
RTVSPost2010Prop56
140
1.0
102
RTVSPost2010PropOp56
 70
     1
102
RTVSPost2010Prop57
140
1.0
102
RTVSPost2010PropOp57
 70
     1
  0
XRECORD
  5
14C8
102
{ACAD_REACTORS
330
14C7
102
}
330
14C7
100
AcDbXrecord
280
     1
102
RTVSPropertyOp0
 70
     1
102
RTVSPropertyOp1
 70
     1
102
RTVSPropertyOp2
 70
     1
102
RTVSPropertyOp3
 70
     1
102
RTVSPropertyOp4
 70
     1
102
RTVSPropertyOp5
 70
     1
102
RTVSPropertyOp6
 70
     1
102
RTVSPropertyOp7
 70
     1
102
RTVSPropertyOp8
 70
     1
102
RTVSPropertyOp9
 70
     1
102
RTVSPropertyOp10
 70
     1
102
RTVSPropertyOp11
 70
     1
102
RTVSPropertyOp12
 70
     1
102
RTVSPropertyOp13
 70
     1
102
RTVSPropertyOp14
 70
     1
102
RTVSPropertyOp15
 70
     1
102
RTVSPropertyOp16
 70
     1
102
RTVSPropertyOp17
 70
     1
102
RTVSPropertyOp18
 70
     1
102
RTVSPropertyOp19
 70
     1
102
RTVSPropertyOp20
 70
     1
102
RTVSPropertyOp21
 70
     1
102
RTVSPropertyOp22
 70
     1
102
RTVSPropertyOp23
 70
     1
102
RTVSPropertyOp24
 70
     1
102
RTVSPropertyOp25
 70
     1
102
RTVSPropertyOp26
 70
     1
102
RTVSPropertyOp27
 70
     1
102
RTVSPropertyOp28
 70
     1
102
RTVSPropertyOp29
 70
     1
102
RTVSPropertyOp30
 70
     1
102
RTVSPropertyOp31
 70
     1
102
RTVSPropertyOp32
 70
     1
102
RTVSPropertyOp33
 70
     1
102
RTVSPropertyOp34
 70
     1
102
RTVSPropertyOp35
 70
     1
102
RTVSPropertyOp36
 70
     1
102
RTVSPropertyOp37
 70
     1
102
RTVSPropertyOp38
 70
     1
102
RTVSPropertyOp39
 70
     1
102
RTVSPropertyOp40
 70
     1
102
RTVSPropertyOp41
 70
     1
102
RTVSPropertyOp42
 70
     1
102
RTVSPropertyOp43
 70
     1
102
RTVSPropertyOp44
 70
     1
102
RTVSPropertyOp45
 70
     1
102
RTVSPropertyOp46
 70
     1
102
RTVSPropertyOp47
 70
     1
102
RTVSPropertyOp48
 70
     1
102
RTVSPropertyOp49
 70
     1
102
RTVSPropertyOp50
 70
     1
102
RTVSPropertyOp51
 70
     0
102
RTVSPropertyOp52
 70
     0
102
RTVSPropertyOp53
 70
     1
102
RTVSPropertyOp54
 70
     1
102
RTVSPropertyOp55
 70
     1
102
RTVSPropertyOp56
 70
     1
102
RTVSPropertyOp57
 70
     1
102
RTVSPost2010Prop28
280
     0
102
RTVSPost2010PropOp28
 70
     1
102
RTVSPost2010Prop29
280
     1
102
RTVSPost2010PropOp29
 70
     1
102
RTVSPost2010Prop30
280
     1
102
RTVSPost2010PropOp30
 70
     1
102
RTVSPost2010Prop31
280
     0
102
RTVSPost2010PropOp31
 70
     1
102
RTVSPost2010Prop32
280
     0
102
RTVSPost2010PropOp32
 70
     1
102
RTVSPost2010Prop33
280
     0
102
RTVSPost2010PropOp33
 70
     1
102
RTVSPost2010Prop34
280
     0
102
RTVSPost2010PropOp34
 70
     1
102
RTVSPost2010Prop35
280
     0
102
RTVSPost2010PropOp35
 70
     1
102
RTVSPost2010Prop36
280
     0
102
RTVSPost2010PropOp36
 70
     1
102
RTVSPost2010Prop37
 90
       50
102
RTVSPost2010PropOp37
 70
     1
102
RTVSPost2010Prop38
140
0.0
102
RTVSPost2010PropOp38
 70
     1
102
RTVSPost2010Prop39
140
1.0
102
RTVSPost2010PropOp39
 70
     1
102
RTVSPost2010Prop40
 90
        0
102
RTVSPost2010PropOp40
 70
     1
102
RTVSPost2010Prop41ColorIndex
 90
       18
102
RTVSPost2010Prop41ColorRGB
 90
        0
102
RTVSPost2010PropOp41
 70
     1
102
RTVSPost2010Prop42
 90
       50
102
RTVSPost2010PropOp42
 70
     1
102
RTVSPost2010Prop43
 90
        3
102
RTVSPost2010PropOp43
 70
     1
102
RTVSPost2010Prop44ColorIndex
 90
        5
102
RTVSPost2010Prop44ColorRGB
 90
      255
102
RTVSPost2010PropOp44
 70
     1
102
RTVSPost2010Prop45
280
     0
102
RTVSPost2010PropOp45
 70
     1
102
RTVSPost2010Prop46
 90
       50
102
RTVSPost2010PropOp46
 70
     1
102
RTVSPost2010Prop47
 90
       50
102
RTVSPost2010PropOp47
 70
     1
102
RTVSPost2010Prop48
 90
       50
102
RTVSPost2010PropOp48
 70
     1
102
RTVSPost2010Prop49
280
     0
102
RTVSPost2010PropOp49
 70
     1
102
RTVSPost2010Prop50
 90
       50
102
RTVSPost2010PropOp50
 70
     1
102
RTVSPost2010Prop51ColorIndex
 90
      256
102
RTVSPost2010Prop51ColorRGB
 90
-16777216
102
RTVSPost2010PropOp51
 70
     0
102
RTVSPost2010Prop52
140
1.0
102
RTVSPost2010PropOp52
 70
     0
102
RTVSPost2010Prop53
 90
        2
102
RTVSPost2010PropOp53
 70
     1
102
RTVSPost2010Prop54
  1
strokes_ogs.tif
102
RTVSPost2010PropOp54
 70
     1
102
RTVSPost2010Prop55
280
     0
102
RTVSPost2010PropOp55
 70
     1
102
RTVSPost2010Prop56
140
1.0
102
RTVSPost2010PropOp56
 70
     1
102
RTVSPost2010Prop57
140
1.0
102
RTVSPost2010PropOp57
 70
     1
  0
XRECORD
  5
14CA
102
{ACAD_REACTORS
330
14C9
102
}
330
14C9
100
AcDbXrecord
280
     1
102
RTVSPropertyOp0
 70
     1
102
RTVSPropertyOp1
 70
     1
102
RTVSPropertyOp2
 70
     1
102
RTVSPropertyOp3
 70
     1
102
RTVSPropertyOp4
 70
     1
102
RTVSPropertyOp5
 70
     1
102
RTVSPropertyOp6
 70
     1
102
RTVSPropertyOp7
 70
     1
102
RTVSPropertyOp8
 70
     1
102
RTVSPropertyOp9
 70
     1
102
RTVSPropertyOp10
 70
     1
102
RTVSPropertyOp11
 70
     1
102
RTVSPropertyOp12
 70
     1
102
RTVSPropertyOp13
 70
     1
102
RTVSPropertyOp14
 70
     1
102
RTVSPropertyOp15
 70
     1
102
RTVSPropertyOp16
 70
     1
102
RTVSPropertyOp17
 70
     1
102
RTVSPropertyOp18
 70
     1
102
RTVSPropertyOp19
 70
     1
102
RTVSPropertyOp20
 70
     1
102
RTVSPropertyOp21
 70
     1
102
RTVSPropertyOp22
 70
     1
102
RTVSPropertyOp23
 70
     1
102
RTVSPropertyOp24
 70
     1
102
RTVSPropertyOp25
 70
     1
102
RTVSPropertyOp26
 70
     1
102
RTVSPropertyOp27
 70
     1
102
RTVSPropertyOp28
 70
     1
102
RTVSPropertyOp29
 70
     1
102
RTVSPropertyOp30
 70
     1
102
RTVSPropertyOp31
 70
     1
102
RTVSPropertyOp32
 70
     1
102
RTVSPropertyOp33
 70
     1
102
RTVSPropertyOp34
 70
     1
102
RTVSPropertyOp35
 70
     1
102
RTVSPropertyOp36
 70
     1
102
RTVSPropertyOp37
 70
     1
102
RTVSPropertyOp38
 70
     1
102
RTVSPropertyOp39
 70
     1
102
RTVSPropertyOp40
 70
     1
102
RTVSPropertyOp41
 70
     1
102
RTVSPropertyOp42
 70
     1
102
RTVSPropertyOp43
 70
     1
102
RTVSPropertyOp44
 70
     1
102
RTVSPropertyOp45
 70
     1
102
RTVSPropertyOp46
 70
     1
102
RTVSPropertyOp47
 70
     1
102
RTVSPropertyOp48
 70
     1
102
RTVSPropertyOp49
 70
     1
102
RTVSPropertyOp50
 70
     1
102
RTVSPropertyOp51
 70
     0
102
RTVSPropertyOp52
 70
     0
102
RTVSPropertyOp53
 70
     1
102
RTVSPropertyOp54
 70
     1
102
RTVSPropertyOp55
 70
     1
102
RTVSPropertyOp56
 70
     1
102
RTVSPropertyOp57
 70
     1
102
RTVSPost2010Prop28
280
     0
102
RTVSPost2010PropOp28
 70
     1
102
RTVSPost2010Prop29
280
     1
102
RTVSPost2010PropOp29
 70
     1
102
RTVSPost2010Prop30
280
     1
102
RTVSPost2010PropOp30
 70
     1
102
RTVSPost2010Prop31
280
     0
102
RTVSPost2010PropOp31
 70
     1
102
RTVSPost2010Prop32
280
     0
102
RTVSPost2010PropOp32
 70
     1
102
RTVSPost2010Prop33
280
     0
102
RTVSPost2010PropOp33
 70
     1
102
RTVSPost2010Prop34
280
     0
102
RTVSPost2010PropOp34
 70
     1
102
RTVSPost2010Prop35
280
     0
102
RTVSPost2010PropOp35
 70
     1
102
RTVSPost2010Prop36
280
     0
102
RTVSPost2010PropOp36
 70
     1
102
RTVSPost2010Prop37
 90
       50
102
RTVSPost2010PropOp37
 70
     1
102
RTVSPost2010Prop38
140
0.0
102
RTVSPost2010PropOp38
 70
     1
102
RTVSPost2010Prop39
140
1.0
102
RTVSPost2010PropOp39
 70
     1
102
RTVSPost2010Prop40
 90
        0
102
RTVSPost2010PropOp40
 70
     1
102
RTVSPost2010Prop41ColorIndex
 90
       18
102
RTVSPost2010Prop41ColorRGB
 90
        0
102
RTVSPost2010PropOp41
 70
     1
102
RTVSPost2010Prop42
 90
       50
102
RTVSPost2010PropOp42
 70
     1
102
RTVSPost2010Prop43
 90
        3
102
RTVSPost2010PropOp43
 70
     1
102
RTVSPost2010Prop44ColorIndex
 90
        5
102
RTVSPost2010Prop44ColorRGB
 90
      255
102
RTVSPost2010PropOp44
 70
     1
102
RTVSPost2010Prop45
280
     0
102
RTVSPost2010PropOp45
 70
     1
102
RTVSPost2010Prop46
 90
       50
102
RTVSPost2010PropOp46
 70
     1
102
RTVSPost2010Prop47
 90
       50
102
RTVSPost2010PropOp47
 70
     1
102
RTVSPost2010Prop48
 90
       50
102
RTVSPost2010PropOp48
 70
     1
102
RTVSPost2010Prop49
280
     0
102
RTVSPost2010PropOp49
 70
     1
102
RTVSPost2010Prop50
 90
       50
102
RTVSPost2010PropOp50
 70
     1
102
RTVSPost2010Prop51ColorIndex
 90
      256
102
RTVSPost2010Prop51ColorRGB
 90
-16777216
102
RTVSPost2010PropOp51
 70
     0
102
RTVSPost2010Prop52
140
1.0
102
RTVSPost2010PropOp52
 70
     0
102
RTVSPost2010Prop53
 90
        2
102
RTVSPost2010PropOp53
 70
     1
102
RTVSPost2010Prop54
  1
strokes_ogs.tif
102
RTVSPost2010PropOp54
 70
     1
102
RTVSPost2010Prop55
280
     0
102
RTVSPost2010PropOp55
 70
     1
102
RTVSPost2010Prop56
140
1.0
102
RTVSPost2010PropOp56
 70
     1
102
RTVSPost2010Prop57
140
1.0
102
RTVSPost2010PropOp57
 70
     1
  0
XRECORD
  5
14CC
102
{ACAD_REACTORS
330
14CB
102
}
330
14CB
100
AcDbXrecord
280
     1
102
RTVSPropertyOp0
 70
     1
102
RTVSPropertyOp1
 70
     1
102
RTVSPropertyOp2
 70
     1
102
RTVSPropertyOp3
 70
     1
102
RTVSPropertyOp4
 70
     1
102
RTVSPropertyOp5
 70
     1
102
RTVSPropertyOp6
 70
     1
102
RTVSPropertyOp7
 70
     1
102
RTVSPropertyOp8
 70
     1
102
RTVSPropertyOp9
 70
     1
102
RTVSPropertyOp10
 70
     1
102
RTVSPropertyOp11
 70
     1
102
RTVSPropertyOp12
 70
     1
102
RTVSPropertyOp13
 70
     1
102
RTVSPropertyOp14
 70
     1
102
RTVSPropertyOp15
 70
     1
102
RTVSPropertyOp16
 70
     1
102
RTVSPropertyOp17
 70
     1
102
RTVSPropertyOp18
 70
     1
102
RTVSPropertyOp19
 70
     1
102
RTVSPropertyOp20
 70
     1
102
RTVSPropertyOp21
 70
     1
102
RTVSPropertyOp22
 70
     1
102
RTVSPropertyOp23
 70
     1
102
RTVSPropertyOp24
 70
     1
102
RTVSPropertyOp25
 70
     1
102
RTVSPropertyOp26
 70
     1
102
RTVSPropertyOp27
 70
     1
102
RTVSPropertyOp28
 70
     1
102
RTVSPropertyOp29
 70
     1
102
RTVSPropertyOp30
 70
     1
102
RTVSPropertyOp31
 70
     1
102
RTVSPropertyOp32
 70
     1
102
RTVSPropertyOp33
 70
     1
102
RTVSPropertyOp34
 70
     1
102
RTVSPropertyOp35
 70
     1
102
RTVSPropertyOp36
 70
     1
102
RTVSPropertyOp37
 70
     1
102
RTVSPropertyOp38
 70
     1
102
RTVSPropertyOp39
 70
     1
102
RTVSPropertyOp40
 70
     1
102
RTVSPropertyOp41
 70
     1
102
RTVSPropertyOp42
 70
     1
102
RTVSPropertyOp43
 70
     1
102
RTVSPropertyOp44
 70
     1
102
RTVSPropertyOp45
 70
     1
102
RTVSPropertyOp46
 70
     1
102
RTVSPropertyOp47
 70
     1
102
RTVSPropertyOp48
 70
     1
102
RTVSPropertyOp49
 70
     1
102
RTVSPropertyOp50
 70
     1
102
RTVSPropertyOp51
 70
     0
102
RTVSPropertyOp52
 70
     0
102
RTVSPropertyOp53
 70
     1
102
RTVSPropertyOp54
 70
     1
102
RTVSPropertyOp55
 70
     1
102
RTVSPropertyOp56
 70
     1
102
RTVSPropertyOp57
 70
     1
102
RTVSPost2010Prop28
280
     0
102
RTVSPost2010PropOp28
 70
     1
102
RTVSPost2010Prop29
280
     1
102
RTVSPost2010PropOp29
 70
     1
102
RTVSPost2010Prop30
280
     1
102
RTVSPost2010PropOp30
 70
     1
102
RTVSPost2010Prop31
280
     0
102
RTVSPost2010PropOp31
 70
     1
102
RTVSPost2010Prop32
280
     0
102
RTVSPost2010PropOp32
 70
     1
102
RTVSPost2010Prop33
280
     0
102
RTVSPost2010PropOp33
 70
     1
102
RTVSPost2010Prop34
280
     0
102
RTVSPost2010PropOp34
 70
     1
102
RTVSPost2010Prop35
280
     0
102
RTVSPost2010PropOp35
 70
     1
102
RTVSPost2010Prop36
280
     0
102
RTVSPost2010PropOp36
 70
     1
102
RTVSPost2010Prop37
 90
       50
102
RTVSPost2010PropOp37
 70
     1
102
RTVSPost2010Prop38
140
0.0
102
RTVSPost2010PropOp38
 70
     1
102
RTVSPost2010Prop39
140
1.0
102
RTVSPost2010PropOp39
 70
     1
102
RTVSPost2010Prop40
 90
        0
102
RTVSPost2010PropOp40
 70
     1
102
RTVSPost2010Prop41ColorIndex
 90
       18
102
RTVSPost2010Prop41ColorRGB
 90
        0
102
RTVSPost2010PropOp41
 70
     1
102
RTVSPost2010Prop42
 90
       50
102
RTVSPost2010PropOp42
 70
     1
102
RTVSPost2010Prop43
 90
        3
102
RTVSPost2010PropOp43
 70
     1
102
RTVSPost2010Prop44ColorIndex
 90
        5
102
RTVSPost2010Prop44ColorRGB
 90
      255
102
RTVSPost2010PropOp44
 70
     1
102
RTVSPost2010Prop45
280
     0
102
RTVSPost2010PropOp45
 70
     1
102
RTVSPost2010Prop46
 90
       50
102
RTVSPost2010PropOp46
 70
     1
102
RTVSPost2010Prop47
 90
       50
102
RTVSPost2010PropOp47
 70
     1
102
RTVSPost2010Prop48
 90
       50
102
RTVSPost2010PropOp48
 70
     1
102
RTVSPost2010Prop49
280
     0
102
RTVSPost2010PropOp49
 70
     1
102
RTVSPost2010Prop50
 90
       50
102
RTVSPost2010PropOp50
 70
     1
102
RTVSPost2010Prop51ColorIndex
 90
      256
102
RTVSPost2010Prop51ColorRGB
 90
-16777216
102
RTVSPost2010PropOp51
 70
     0
102
RTVSPost2010Prop52
140
1.0
102
RTVSPost2010PropOp52
 70
     0
102
RTVSPost2010Prop53
 90
        2
102
RTVSPost2010PropOp53
 70
     1
102
RTVSPost2010Prop54
  1
strokes_ogs.tif
102
RTVSPost2010PropOp54
 70
     1
102
RTVSPost2010Prop55
280
     0
102
RTVSPost2010PropOp55
 70
     1
102
RTVSPost2010Prop56
140
1.0
102
RTVSPost2010PropOp56
 70
     1
102
RTVSPost2010Prop57
140
1.0
102
RTVSPost2010PropOp57
 70
     1
  0
XRECORD
  5
14CE
102
{ACAD_REACTORS
330
14CD
102
}
330
14CD
100
AcDbXrecord
280
     1
102
RTVSPropertyOp0
 70
     1
102
RTVSPropertyOp1
 70
     1
102
RTVSPropertyOp2
 70
     1
102
RTVSPropertyOp3
 70
     1
102
RTVSPropertyOp4
 70
     1
102
RTVSPropertyOp5
 70
     1
102
RTVSPropertyOp6
 70
     1
102
RTVSPropertyOp7
 70
     1
102
RTVSPropertyOp8
 70
     1
102
RTVSPropertyOp9
 70
     1
102
RTVSPropertyOp10
 70
     1
102
RTVSPropertyOp11
 70
     1
102
RTVSPropertyOp12
 70
     1
102
RTVSPropertyOp13
 70
     1
102
RTVSPropertyOp14
 70
     1
102
RTVSPropertyOp15
 70
     1
102
RTVSPropertyOp16
 70
     1
102
RTVSPropertyOp17
 70
     1
102
RTVSPropertyOp18
 70
     1
102
RTVSPropertyOp19
 70
     1
102
RTVSPropertyOp20
 70
     1
102
RTVSPropertyOp21
 70
     1
102
RTVSPropertyOp22
 70
     1
102
RTVSPropertyOp23
 70
     1
102
RTVSPropertyOp24
 70
     1
102
RTVSPropertyOp25
 70
     1
102
RTVSPropertyOp26
 70
     1
102
RTVSPropertyOp27
 70
     1
102
RTVSPropertyOp28
 70
     1
102
RTVSPropertyOp29
 70
     1
102
RTVSPropertyOp30
 70
     1
102
RTVSPropertyOp31
 70
     1
102
RTVSPropertyOp32
 70
     1
102
RTVSPropertyOp33
 70
     1
102
RTVSPropertyOp34
 70
     1
102
RTVSPropertyOp35
 70
     1
102
RTVSPropertyOp36
 70
     1
102
RTVSPropertyOp37
 70
     1
102
RTVSPropertyOp38
 70
     1
102
RTVSPropertyOp39
 70
     1
102
RTVSPropertyOp40
 70
     1
102
RTVSPropertyOp41
 70
     1
102
RTVSPropertyOp42
 70
     1
102
RTVSPropertyOp43
 70
     1
102
RTVSPropertyOp44
 70
     1
102
RTVSPropertyOp45
 70
     1
102
RTVSPropertyOp46
 70
     1
102
RTVSPropertyOp47
 70
     1
102
RTVSPropertyOp48
 70
     1
102
RTVSPropertyOp49
 70
     1
102
RTVSPropertyOp50
 70
     1
102
RTVSPropertyOp51
 70
     0
102
RTVSPropertyOp52
 70
     0
102
RTVSPropertyOp53
 70
     1
102
RTVSPropertyOp54
 70
     1
102
RTVSPropertyOp55
 70
     1
102
RTVSPropertyOp56
 70
     1
102
RTVSPropertyOp57
 70
     1
102
RTVSPost2010Prop28
280
     0
102
RTVSPost2010PropOp28
 70
     1
102
RTVSPost2010Prop29
280
     1
102
RTVSPost2010PropOp29
 70
     1
102
RTVSPost2010Prop30
280
     1
102
RTVSPost2010PropOp30
 70
     1
102
RTVSPost2010Prop31
280
     0
102
RTVSPost2010PropOp31
 70
     1
102
RTVSPost2010Prop32
280
     0
102
RTVSPost2010PropOp32
 70
     1
102
RTVSPost2010Prop33
280
     0
102
RTVSPost2010PropOp33
 70
     1
102
RTVSPost2010Prop34
280
     0
102
RTVSPost2010PropOp34
 70
     1
102
RTVSPost2010Prop35
280
     0
102
RTVSPost2010PropOp35
 70
     1
102
RTVSPost2010Prop36
280
     0
102
RTVSPost2010PropOp36
 70
     1
102
RTVSPost2010Prop37
 90
       50
102
RTVSPost2010PropOp37
 70
     1
102
RTVSPost2010Prop38
140
0.0
102
RTVSPost2010PropOp38
 70
     1
102
RTVSPost2010Prop39
140
1.0
102
RTVSPost2010PropOp39
 70
     1
102
RTVSPost2010Prop40
 90
        0
102
RTVSPost2010PropOp40
 70
     1
102
RTVSPost2010Prop41ColorIndex
 90
       18
102
RTVSPost2010Prop41ColorRGB
 90
        0
102
RTVSPost2010PropOp41
 70
     1
102
RTVSPost2010Prop42
 90
       50
102
RTVSPost2010PropOp42
 70
     1
102
RTVSPost2010Prop43
 90
        3
102
RTVSPost2010PropOp43
 70
     1
102
RTVSPost2010Prop44ColorIndex
 90
        5
102
RTVSPost2010Prop44ColorRGB
 90
      255
102
RTVSPost2010PropOp44
 70
     1
102
RTVSPost2010Prop45
280
     0
102
RTVSPost2010PropOp45
 70
     1
102
RTVSPost2010Prop46
 90
       50
102
RTVSPost2010PropOp46
 70
     1
102
RTVSPost2010Prop47
 90
       50
102
RTVSPost2010PropOp47
 70
     1
102
RTVSPost2010Prop48
 90
       50
102
RTVSPost2010PropOp48
 70
     1
102
RTVSPost2010Prop49
280
     0
102
RTVSPost2010PropOp49
 70
     1
102
RTVSPost2010Prop50
 90
       50
102
RTVSPost2010PropOp50
 70
     1
102
RTVSPost2010Prop51ColorIndex
 90
      256
102
RTVSPost2010Prop51ColorRGB
 90
-16777216
102
RTVSPost2010PropOp51
 70
     0
102
RTVSPost2010Prop52
140
1.0
102
RTVSPost2010PropOp52
 70
     0
102
RTVSPost2010Prop53
 90
        2
102
RTVSPost2010PropOp53
 70
     1
102
RTVSPost2010Prop54
  1
strokes_ogs.tif
102
RTVSPost2010PropOp54
 70
     1
102
RTVSPost2010Prop55
280
     0
102
RTVSPost2010PropOp55
 70
     1
102
RTVSPost2010Prop56
140
1.0
102
RTVSPost2010PropOp56
 70
     1
102
RTVSPost2010Prop57
140
1.0
102
RTVSPost2010PropOp57
 70
     1
  0
XRECORD
  5
14D0
102
{ACAD_REACTORS
330
14CF
102
}
330
14CF
100
AcDbXrecord
280
     1
102
RTVSPropertyOp0
 70
     1
102
RTVSPropertyOp1
 70
     1
102
RTVSPropertyOp2
 70
     1
102
RTVSPropertyOp3
 70
     1
102
RTVSPropertyOp4
 70
     1
102
RTVSPropertyOp5
 70
     1
102
RTVSPropertyOp6
 70
     1
102
RTVSPropertyOp7
 70
     1
102
RTVSPropertyOp8
 70
     1
102
RTVSPropertyOp9
 70
     1
102
RTVSPropertyOp10
 70
     1
102
RTVSPropertyOp11
 70
     1
102
RTVSPropertyOp12
 70
     1
102
RTVSPropertyOp13
 70
     1
102
RTVSPropertyOp14
 70
     1
102
RTVSPropertyOp15
 70
     1
102
RTVSPropertyOp16
 70
     1
102
RTVSPropertyOp17
 70
     1
102
RTVSPropertyOp18
 70
     1
102
RTVSPropertyOp19
 70
     1
102
RTVSPropertyOp20
 70
     1
102
RTVSPropertyOp21
 70
     1
102
RTVSPropertyOp22
 70
     1
102
RTVSPropertyOp23
 70
     1
102
RTVSPropertyOp24
 70
     1
102
RTVSPropertyOp25
 70
     1
102
RTVSPropertyOp26
 70
     1
102
RTVSPropertyOp27
 70
     1
102
RTVSPropertyOp28
 70
     1
102
RTVSPropertyOp29
 70
     1
102
RTVSPropertyOp30
 70
     1
102
RTVSPropertyOp31
 70
     1
102
RTVSPropertyOp32
 70
     1
102
RTVSPropertyOp33
 70
     1
102
RTVSPropertyOp34
 70
     1
102
RTVSPropertyOp35
 70
     1
102
RTVSPropertyOp36
 70
     1
102
RTVSPropertyOp37
 70
     1
102
RTVSPropertyOp38
 70
     1
102
RTVSPropertyOp39
 70
     1
102
RTVSPropertyOp40
 70
     1
102
RTVSPropertyOp41
 70
     1
102
RTVSPropertyOp42
 70
     1
102
RTVSPropertyOp43
 70
     1
102
RTVSPropertyOp44
 70
     1
102
RTVSPropertyOp45
 70
     1
102
RTVSPropertyOp46
 70
     1
102
RTVSPropertyOp47
 70
     1
102
RTVSPropertyOp48
 70
     1
102
RTVSPropertyOp49
 70
     1
102
RTVSPropertyOp50
 70
     1
102
RTVSPropertyOp51
 70
     0
102
RTVSPropertyOp52
 70
     0
102
RTVSPropertyOp53
 70
     1
102
RTVSPropertyOp54
 70
     1
102
RTVSPropertyOp55
 70
     1
102
RTVSPropertyOp56
 70
     1
102
RTVSPropertyOp57
 70
     1
102
RTVSPost2010Prop28
280
     0
102
RTVSPost2010PropOp28
 70
     1
102
RTVSPost2010Prop29
280
     1
102
RTVSPost2010PropOp29
 70
     1
102
RTVSPost2010Prop30
280
     1
102
RTVSPost2010PropOp30
 70
     1
102
RTVSPost2010Prop31
280
     0
102
RTVSPost2010PropOp31
 70
     1
102
RTVSPost2010Prop32
280
     0
102
RTVSPost2010PropOp32
 70
     1
102
RTVSPost2010Prop33
280
     0
102
RTVSPost2010PropOp33
 70
     1
102
RTVSPost2010Prop34
280
     0
102
RTVSPost2010PropOp34
 70
     1
102
RTVSPost2010Prop35
280
     0
102
RTVSPost2010PropOp35
 70
     1
102
RTVSPost2010Prop36
280
     0
102
RTVSPost2010PropOp36
 70
     1
102
RTVSPost2010Prop37
 90
       50
102
RTVSPost2010PropOp37
 70
     1
102
RTVSPost2010Prop38
140
0.0
102
RTVSPost2010PropOp38
 70
     1
102
RTVSPost2010Prop39
140
1.0
102
RTVSPost2010PropOp39
 70
     1
102
RTVSPost2010Prop40
 90
        0
102
RTVSPost2010PropOp40
 70
     1
102
RTVSPost2010Prop41ColorIndex
 90
       18
102
RTVSPost2010Prop41ColorRGB
 90
        0
102
RTVSPost2010PropOp41
 70
     1
102
RTVSPost2010Prop42
 90
       50
102
RTVSPost2010PropOp42
 70
     1
102
RTVSPost2010Prop43
 90
        3
102
RTVSPost2010PropOp43
 70
     1
102
RTVSPost2010Prop44ColorIndex
 90
        5
102
RTVSPost2010Prop44ColorRGB
 90
      255
102
RTVSPost2010PropOp44
 70
     1
102
RTVSPost2010Prop45
280
     0
102
RTVSPost2010PropOp45
 70
     1
102
RTVSPost2010Prop46
 90
       50
102
RTVSPost2010PropOp46
 70
     1
102
RTVSPost2010Prop47
 90
       50
102
RTVSPost2010PropOp47
 70
     1
102
RTVSPost2010Prop48
 90
       50
102
RTVSPost2010PropOp48
 70
     1
102
RTVSPost2010Prop49
280
     0
102
RTVSPost2010PropOp49
 70
     1
102
RTVSPost2010Prop50
 90
       50
102
RTVSPost2010PropOp50
 70
     1
102
RTVSPost2010Prop51ColorIndex
 90
      256
102
RTVSPost2010Prop51ColorRGB
 90
-16777216
102
RTVSPost2010PropOp51
 70
     0
102
RTVSPost2010Prop52
140
1.0
102
RTVSPost2010PropOp52
 70
     0
102
RTVSPost2010Prop53
 90
        2
102
RTVSPost2010PropOp53
 70
     1
102
RTVSPost2010Prop54
  1
strokes_ogs.tif
102
RTVSPost2010PropOp54
 70
     1
102
RTVSPost2010Prop55
280
     0
102
RTVSPost2010PropOp55
 70
     1
102
RTVSPost2010Prop56
140
1.0
102
RTVSPost2010PropOp56
 70
     1
102
RTVSPost2010Prop57
140
1.0
102
RTVSPost2010PropOp57
 70
     1
  0
ENDSEC
  0
EOF
